[
{
   "pk": 1,
   "model": "contenttypes.contenttype",
   "fields": {
      "model": "logentry",
      "app_label": "admin"
   }
},
{
   "pk": 2,
   "model": "contenttypes.contenttype",
   "fields": {
      "model": "permission",
      "app_label": "auth"
   }
},
{
   "pk": 3,
   "model": "contenttypes.contenttype",
   "fields": {
      "model": "group",
      "app_label": "auth"
   }
},
{
   "pk": 4,
   "model": "contenttypes.contenttype",
   "fields": {
      "model": "contenttype",
      "app_label": "contenttypes"
   }
},
{
   "pk": 5,
   "model": "contenttypes.contenttype",
   "fields": {
      "model": "session",
      "app_label": "sessions"
   }
},
{
   "pk": 6,
   "model": "contenttypes.contenttype",
   "fields": {
      "model": "personajuridica",
      "app_label": "users"
   }
},
{
   "pk": 7,
   "model": "contenttypes.contenttype",
   "fields": {
      "model": "user",
      "app_label": "users"
   }
},
{
   "pk": 8,
   "model": "contenttypes.contenttype",
   "fields": {
      "model": "rol",
      "app_label": "inicio"
   }
},
{
   "pk": 9,
   "model": "contenttypes.contenttype",
   "fields": {
      "model": "proveedor",
      "app_label": "proveedores"
   }
},
{
   "pk": 10,
   "model": "contenttypes.contenttype",
   "fields": {
      "model": "item",
      "app_label": "producto"
   }
},
{
   "pk": 11,
   "model": "contenttypes.contenttype",
   "fields": {
      "model": "cliente",
      "app_label": "cliente"
   }
},
{
   "pk": 12,
   "model": "contenttypes.contenttype",
   "fields": {
      "model": "compra",
      "app_label": "compras"
   }
},
{
   "pk": 13,
   "model": "contenttypes.contenttype",
   "fields": {
      "model": "detallecompra",
      "app_label": "compras"
   }
},
{
   "pk": 14,
   "model": "contenttypes.contenttype",
   "fields": {
      "model": "venta",
      "app_label": "ventas"
   }
},
{
   "pk": 15,
   "model": "contenttypes.contenttype",
   "fields": {
      "model": "detalleventa",
      "app_label": "ventas"
   }
},
{
   "pk": 16,
   "model": "contenttypes.contenttype",
   "fields": {
      "model": "movimiento",
      "app_label": "ventas"
   }
},
{
   "pk": 17,
   "model": "contenttypes.contenttype",
   "fields": {
      "model": "cobro",
      "app_label": "ventas"
   }
},
{
   "pk": 18,
   "model": "contenttypes.contenttype",
   "fields": {
      "model": "datosdosificacion",
      "app_label": "config"
   }
},
{
   "pk": 19,
   "model": "contenttypes.contenttype",
   "fields": {
      "model": "formatofactura",
      "app_label": "config"
   }
},
{
   "pk": "1egbe77jz84wt4ht8abw4pp7r3lwnhkh",
   "model": "sessions.session",
   "fields": {
      "session_data": "YjFiNzJjOTUyYzAxZmNlYWYzNTZmOWEzNDNiNzUyMzQ3YmRlMmQyODp7Il9hdXRoX3VzZXJfaWQiOiIxIiwiX2F1dGhfdXNlcl9oYXNoIjoiMTQwZGFjODgzMGNlOWJlYWU2ZWYzYmZlMDFiNTY3ZDM0YmJiZTBkOCIsIl9hdXRoX3VzZXJfYmFja2VuZCI6ImRqYW5nby5jb250cmliLmF1dGguYmFja2VuZHMuTW9kZWxCYWNrZW5kIn0=",
      "expire_date": "2016-03-15T21:47:03.283Z"
   }
},
{
   "pk": "35sdzw109x5xrehc9njm3yxy7f52f3qd",
   "model": "sessions.session",
   "fields": {
      "session_data": "YjFiNzJjOTUyYzAxZmNlYWYzNTZmOWEzNDNiNzUyMzQ3YmRlMmQyODp7Il9hdXRoX3VzZXJfaWQiOiIxIiwiX2F1dGhfdXNlcl9oYXNoIjoiMTQwZGFjODgzMGNlOWJlYWU2ZWYzYmZlMDFiNTY3ZDM0YmJiZTBkOCIsIl9hdXRoX3VzZXJfYmFja2VuZCI6ImRqYW5nby5jb250cmliLmF1dGguYmFja2VuZHMuTW9kZWxCYWNrZW5kIn0=",
      "expire_date": "2016-03-01T22:00:03.337Z"
   }
},
{
   "pk": "3hjqzd7owwnfbuutk70gmr6llfyd0u1q",
   "model": "sessions.session",
   "fields": {
      "session_data": "YzExNDgzOThkZDMxZDAwZGFlOGM5ZWU1ZGNmMGIxNGYwNjU3NmExYzp7Il9hdXRoX3VzZXJfaGFzaCI6IjNhZTk3ZmM4YzA4OGZhMjc2MzJkMjc5ZTE0MDg4MjA3YzVmYjg1NmMiLCJfYXV0aF91c2VyX2JhY2tlbmQiOiJkamFuZ28uY29udHJpYi5hdXRoLmJhY2tlbmRzLk1vZGVsQmFja2VuZCIsIl9hdXRoX3VzZXJfaWQiOiIyIn0=",
      "expire_date": "2016-03-01T21:15:50.191Z"
   }
},
{
   "pk": "6l6w9k6yidd8t7psx6h6yg66g9rraf1z",
   "model": "sessions.session",
   "fields": {
      "session_data": "MThjNTM2YjU2MGVmOWNiZjI1NGZlODVlNmY0ZTgxMTU1YzI4YTAyYTp7Il9hdXRoX3VzZXJfYmFja2VuZCI6ImRqYW5nby5jb250cmliLmF1dGguYmFja2VuZHMuTW9kZWxCYWNrZW5kIiwiX2F1dGhfdXNlcl9pZCI6IjEiLCJfYXV0aF91c2VyX2hhc2giOiIxNDBkYWM4ODMwY2U5YmVhZTZlZjNiZmUwMWI1NjdkMzRiYmJlMGQ4In0=",
      "expire_date": "2016-03-02T20:44:03.920Z"
   }
},
{
   "pk": "79lvp76svlgwtguwtpppic8io78xe1bx",
   "model": "sessions.session",
   "fields": {
      "session_data": "NTVjNWQ4MDdiNjIxY2NhMjk3YmE3ZDE0M2M4OGU3YzFlZjNlNDU0NTp7Il9hdXRoX3VzZXJfaGFzaCI6ImI2NWFkODkwMGQ3N2VhYjQ4NGUzNDY4N2RlZDU2YzU2ZWY4MWJkYjAiLCJfYXV0aF91c2VyX2lkIjoiMTEiLCJfYXV0aF91c2VyX2JhY2tlbmQiOiJkamFuZ28uY29udHJpYi5hdXRoLmJhY2tlbmRzLk1vZGVsQmFja2VuZCJ9",
      "expire_date": "2016-03-17T21:47:58.387Z"
   }
},
{
   "pk": "84uaje9p64ykpb8prqwjyhbq1w4ix7jq",
   "model": "sessions.session",
   "fields": {
      "session_data": "Nzg1OTU4NDE3NjEzMTBmNjQ0YjJkMGJlM2EzNTUzMThlOGU0NDY1Njp7Il9hdXRoX3VzZXJfaGFzaCI6IjdmMzg0ODZhZDIxZTFjNDY4ODU0NWMyODVmNGMzODc1YjBiZjk0ZTMiLCJfYXV0aF91c2VyX2lkIjoiNyIsIl9hdXRoX3VzZXJfYmFja2VuZCI6ImRqYW5nby5jb250cmliLmF1dGguYmFja2VuZHMuTW9kZWxCYWNrZW5kIn0=",
      "expire_date": "2016-03-08T13:30:32.418Z"
   }
},
{
   "pk": "9ujf7xic7v5ba1cdf11jqhc91wjjz2da",
   "model": "sessions.session",
   "fields": {
      "session_data": "YjMwZDk2ZjJmNDkzNGY5OGRhOGJlYzc4NDM1YzMyYjg4YTI5MmRlMDp7Il9hdXRoX3VzZXJfaGFzaCI6IjE0MGRhYzg4MzBjZTliZWFlNmVmM2JmZTAxYjU2N2QzNGJiYmUwZDgiLCJfYXV0aF91c2VyX2lkIjoiMSIsIl9hdXRoX3VzZXJfYmFja2VuZCI6ImRqYW5nby5jb250cmliLmF1dGguYmFja2VuZHMuTW9kZWxCYWNrZW5kIn0=",
      "expire_date": "2016-03-17T21:47:21.524Z"
   }
},
{
   "pk": "ax7bokbrub055q80hq10w0u6cqzol3mr",
   "model": "sessions.session",
   "fields": {
      "session_data": "ZDZmMDZiMzQ2ODE0OGM1NDBkMTM0YmU3MWQ0NTNiYmVlY2Y2MGU4Mzp7Il9hdXRoX3VzZXJfaWQiOiIxMSIsIl9hdXRoX3VzZXJfaGFzaCI6ImI2NWFkODkwMGQ3N2VhYjQ4NGUzNDY4N2RlZDU2YzU2ZWY4MWJkYjAiLCJfYXV0aF91c2VyX2JhY2tlbmQiOiJkamFuZ28uY29udHJpYi5hdXRoLmJhY2tlbmRzLk1vZGVsQmFja2VuZCJ9",
      "expire_date": "2016-03-17T21:35:47.036Z"
   }
},
{
   "pk": "i16kzecgeprtd5smgq7o1xjwu1sx20at",
   "model": "sessions.session",
   "fields": {
      "session_data": "NWJhNmFmMDVjYTAxN2VhYTk2YzRiMzgyNzg0MjA5NWQ2N2UxZjlkODp7Il9hdXRoX3VzZXJfaWQiOiIyIiwiX2F1dGhfdXNlcl9oYXNoIjoiM2FlOTdmYzhjMDg4ZmEyNzYzMmQyNzllMTQwODgyMDdjNWZiODU2YyIsIl9hdXRoX3VzZXJfYmFja2VuZCI6ImRqYW5nby5jb250cmliLmF1dGguYmFja2VuZHMuTW9kZWxCYWNrZW5kIn0=",
      "expire_date": "2016-03-14T15:28:15.218Z"
   }
},
{
   "pk": "jd7z3h8v4991zp1ppxp6jzwjgegd3alb",
   "model": "sessions.session",
   "fields": {
      "session_data": "MThjNTM2YjU2MGVmOWNiZjI1NGZlODVlNmY0ZTgxMTU1YzI4YTAyYTp7Il9hdXRoX3VzZXJfYmFja2VuZCI6ImRqYW5nby5jb250cmliLmF1dGguYmFja2VuZHMuTW9kZWxCYWNrZW5kIiwiX2F1dGhfdXNlcl9pZCI6IjEiLCJfYXV0aF91c2VyX2hhc2giOiIxNDBkYWM4ODMwY2U5YmVhZTZlZjNiZmUwMWI1NjdkMzRiYmJlMGQ4In0=",
      "expire_date": "2016-03-01T01:37:22.425Z"
   }
},
{
   "pk": 1,
   "model": "users.personajuridica",
   "fields": {
      "razon_social": "ENLACE SERVICIOS",
      "nit": 6422077019,
      "telefono3": null,
      "telefono2": null,
      "municipios": "Cochabamba",
      "telefono": 4725270,
      "departamento": "Cochabamba",
      "direccion": "CALLE ESTEBAN ARCE NRO 429"
   }
},
{
   "pk": 2,
   "model": "users.personajuridica",
   "fields": {
      "razon_social": "EMPRESA CONSTRUCTORA CONGERSOL LTDA.",
      "nit": 1009271022,
      "telefono3": null,
      "telefono2": null,
      "municipios": "Sacaba",
      "telefono": 4713554,
      "departamento": "Cochabamba",
      "direccion": "AV. VILLAZON KM 7 1/2 NRO 8474"
   }
},
{
   "pk": 6,
   "model": "users.personajuridica",
   "fields": {
      "razon_social": "Empresa SRL",
      "nit": 324324,
      "telefono3": null,
      "telefono2": 467575,
      "municipios": "Aiquile",
      "telefono": 45665756,
      "departamento": "Cochabamba",
      "direccion": "sacaba"
   }
},
{
   "pk": 1,
   "model": "proveedores.proveedor",
   "fields": {
      "rubro": "COMERCIAL",
      "razon_social": "CATERCU SRL",
      "empresa": 2,
      "fecha2": "2016-02-26",
      "fecha1": "2016-02-17",
      "ubicacion_geo": "LA SUDESTE",
      "nit": "46441131316",
      "codigo": "CAC001",
      "telefono3": null,
      "telefono2": null,
      "telefono1": 33345777,
      "texto2": null,
      "contactos": "JOSE LOPEZ",
      "texto1": "ANIVERS",
      "direccion": "AV. LA GURADIA"
   }
},
{
   "pk": 4,
   "model": "proveedores.proveedor",
   "fields": {
      "rubro": "hjhjh",
      "razon_social": "pedro",
      "empresa": 6,
      "fecha2": "2015-09-23",
      "fecha1": "2015-09-23",
      "ubicacion_geo": "jhjhh",
      "nit": "qwqww",
      "codigo": "p1",
      "telefono3": 44444,
      "telefono2": 42425,
      "telefono1": 45644446,
      "texto2": "jhjh",
      "contactos": "errerere",
      "texto1": "jhjhjhj",
      "direccion": "hkjhj"
   }
},
{
   "pk": 5,
   "model": "proveedores.proveedor",
   "fields": {
      "rubro": "dfdhdh",
      "razon_social": "jose",
      "empresa": 6,
      "fecha2": "2015-09-23",
      "fecha1": "2015-09-23",
      "ubicacion_geo": "ererrrreer",
      "nit": "uyyyuyuyy",
      "codigo": "p3",
      "telefono3": 4545,
      "telefono2": 454545,
      "telefono1": 343434,
      "texto2": "ererer",
      "contactos": "erer",
      "texto1": "uuuuuu",
      "direccion": "wewe"
   }
},
{
   "pk": 6,
   "model": "proveedores.proveedor",
   "fields": {
      "rubro": "hdhdh",
      "razon_social": "juan",
      "empresa": 6,
      "fecha2": "2015-09-23",
      "fecha1": "2015-09-23",
      "ubicacion_geo": "erererre",
      "nit": "ewewe",
      "codigo": "p32",
      "telefono3": null,
      "telefono2": null,
      "telefono1": 343434,
      "texto2": "ererer",
      "contactos": "erererree",
      "texto1": "ttttttt",
      "direccion": "wewe"
   }
},
{
   "pk": 7,
   "model": "proveedores.proveedor",
   "fields": {
      "rubro": "dhdhd",
      "razon_social": "ramon",
      "empresa": 6,
      "fecha2": "2015-09-23",
      "fecha1": "2015-09-23",
      "ubicacion_geo": "yyyyyy",
      "nit": "wewew",
      "codigo": "p42",
      "telefono3": null,
      "telefono2": null,
      "telefono1": 343434,
      "texto2": "ererer",
      "contactos": "ererere",
      "texto1": "rterrere",
      "direccion": "weewe"
   }
},
{
   "pk": 8,
   "model": "proveedores.proveedor",
   "fields": {
      "rubro": "dhdhdhdh",
      "razon_social": "nose",
      "empresa": 6,
      "fecha2": "2015-09-23",
      "fecha1": "2015-09-23",
      "ubicacion_geo": "uuuuuuu",
      "nit": "wewew",
      "codigo": "p52",
      "telefono3": null,
      "telefono2": null,
      "telefono1": 343434,
      "texto2": "ererewew",
      "contactos": "erereerer",
      "texto1": "ererreerr",
      "direccion": "wewe"
   }
},
{
   "pk": 9,
   "model": "proveedores.proveedor",
   "fields": {
      "rubro": "w",
      "razon_social": "nancy",
      "empresa": 6,
      "fecha2": "2015-09-23",
      "fecha1": "2015-09-23",
      "ubicacion_geo": "uuuuuuu",
      "nit": "wewew",
      "codigo": "p62",
      "telefono3": null,
      "telefono2": null,
      "telefono1": 343434,
      "texto2": "qqqq",
      "contactos": "ererere",
      "texto1": "rerer",
      "direccion": "wewe"
   }
},
{
   "pk": 10,
   "model": "proveedores.proveedor",
   "fields": {
      "rubro": "eeeeeeee",
      "razon_social": "anita",
      "empresa": 6,
      "fecha2": "2015-09-23",
      "fecha1": "2015-09-23",
      "ubicacion_geo": "uuuuuuu",
      "nit": "wewew",
      "codigo": "p72",
      "telefono3": null,
      "telefono2": null,
      "telefono1": 343434,
      "texto2": "rtetete",
      "contactos": "ererr",
      "texto1": "rerer",
      "direccion": "rtrtrtrtrt"
   }
},
{
   "pk": 1,
   "model": "producto.item",
   "fields": {
      "subgrupo": "REPUESTOS",
      "codigo_fabrica": "56412113",
      "almacen": 1,
      "unidad_medida": "PZA",
      "codigo_item": "CEL500",
      "descripcion": "CELENOIDE DE 500 WTSA COD46446",
      "precio_unitario": "50.00",
      "grupo": "ELECTRICOS",
      "saldo_min": 10,
      "cantidad": 60,
      "proveedor": 1,
      "carac_especial_2": "PARA PALA CARGADORA FRONTAL",
      "fecha_transaccion": null,
      "empresa": 2,
      "carac_especial_1": "ALEMAN",
      "imagen": "",
      "costo_unitario": "48.00"
   }
},
{
   "pk": 1,
   "model": "cliente.cliente",
   "fields": {
      "ubucaciongeo": "central",
      "telefonos3": "",
      "textos2": "CUMPLEA\u00d1OS DEL CONTACTO",
      "rubro": "Industrial",
      "fecha2": "2016-02-15",
      "categoria": "A",
      "nit": 74325937483,
      "telefonos2": "",
      "telefonos1": "4474748",
      "codigo": "DIA377",
      "razonsocial": "leo",
      "textos": "ANIVERSAIOR DE LA EMPRE",
      "empresa": 1,
      "contacto": "ruben",
      "fecha": "2016-02-15",
      "direccion": "av jlkjlkj"
   }
},
{
   "pk": 2,
   "model": "cliente.cliente",
   "fields": {
      "ubucaciongeo": "SACABA",
      "telefonos3": "",
      "textos2": "DESCUENTOS ESPECIALES",
      "rubro": "CONSTRUCCION",
      "fecha2": "2016-02-25",
      "categoria": "A",
      "nit": 8744522016,
      "telefonos2": "",
      "telefonos1": "4713554",
      "codigo": "GSV874",
      "razonsocial": "GERMAN HERNAN SOLIZ VARGAS",
      "textos": "CUMPLEA\u00d1OS DEL PROPIETARIO",
      "empresa": 2,
      "contacto": "FELI ",
      "fecha": "2016-06-19",
      "direccion": "AV. VILLAZON KM 7 1/2 NRO 8474"
   }
},
{
   "pk": 6,
   "model": "cliente.cliente",
   "fields": {
      "ubucaciongeo": "asdfs",
      "telefonos3": "345",
      "textos2": "dfghf",
      "rubro": "jaskd",
      "fecha2": "2016-02-10",
      "categoria": "asds",
      "nit": 34,
      "telefonos2": "3453",
      "telefonos1": "43454",
      "codigo": "6556",
      "razonsocial": "juan",
      "textos": "fgdghd",
      "empresa": null,
      "contacto": "363",
      "fecha": "2016-02-10",
      "direccion": "nose"
   }
},
{
   "pk": 7,
   "model": "cliente.cliente",
   "fields": {
      "ubucaciongeo": "asdfs",
      "telefonos3": "345",
      "textos2": "dfghf",
      "rubro": "jaskd",
      "fecha2": "2016-02-10",
      "categoria": "asds",
      "nit": 34,
      "telefonos2": "3453",
      "telefonos1": "43454",
      "codigo": "6556",
      "razonsocial": "juan",
      "textos": "fgdghd",
      "empresa": null,
      "contacto": "363",
      "fecha": "2016-02-10",
      "direccion": "nose"
   }
},
{
   "pk": 8,
   "model": "cliente.cliente",
   "fields": {
      "ubucaciongeo": "asdfs",
      "telefonos3": "345",
      "textos2": "dfghf",
      "rubro": "jaskd",
      "fecha2": "2016-02-10",
      "categoria": "asds",
      "nit": 34,
      "telefonos2": "3453",
      "telefonos1": "43454",
      "codigo": "6556",
      "razonsocial": "juan",
      "textos": "fgdghd",
      "empresa": null,
      "contacto": "363",
      "fecha": "2016-02-10",
      "direccion": "nose"
   }
},
{
   "pk": 9,
   "model": "cliente.cliente",
   "fields": {
      "ubucaciongeo": "asdfs",
      "telefonos3": "345",
      "textos2": "dfghf",
      "rubro": "jaskd",
      "fecha2": "2016-02-10",
      "categoria": "asds",
      "nit": 34,
      "telefonos2": "3453",
      "telefonos1": "43454",
      "codigo": "6556",
      "razonsocial": "juan",
      "textos": "fgdghd",
      "empresa": null,
      "contacto": "363",
      "fecha": "2016-02-10",
      "direccion": "nose"
   }
},
{
   "pk": 10,
   "model": "cliente.cliente",
   "fields": {
      "ubucaciongeo": "asdfs",
      "telefonos3": "345",
      "textos2": "dfghf",
      "rubro": "jaskd",
      "fecha2": "2016-02-10",
      "categoria": "asds",
      "nit": 34,
      "telefonos2": "3453",
      "telefonos1": "43454",
      "codigo": "6556",
      "razonsocial": "juan",
      "textos": "fgdghd",
      "empresa": null,
      "contacto": "363",
      "fecha": "2016-02-10",
      "direccion": "nose"
   }
},
{
   "pk": 11,
   "model": "cliente.cliente",
   "fields": {
      "ubucaciongeo": "asdfs",
      "telefonos3": "345",
      "textos2": "dfghf",
      "rubro": "jaskd",
      "fecha2": "2016-02-10",
      "categoria": "asds",
      "nit": 34,
      "telefonos2": "3453",
      "telefonos1": "43454",
      "codigo": "6556",
      "razonsocial": "juan",
      "textos": "fgdghd",
      "empresa": null,
      "contacto": "363",
      "fecha": "2016-02-10",
      "direccion": "nose"
   }
},
{
   "pk": 12,
   "model": "cliente.cliente",
   "fields": {
      "ubucaciongeo": "asdfs",
      "telefonos3": "345",
      "textos2": "dfghf",
      "rubro": "jaskd",
      "fecha2": "2016-02-10",
      "categoria": "asds",
      "nit": 34,
      "telefonos2": "3453",
      "telefonos1": "43454",
      "codigo": "6556",
      "razonsocial": "juan",
      "textos": "fgdghd",
      "empresa": null,
      "contacto": "363",
      "fecha": "2016-02-10",
      "direccion": "nose"
   }
},
{
   "pk": 13,
   "model": "cliente.cliente",
   "fields": {
      "ubucaciongeo": "asdfs",
      "telefonos3": "345",
      "textos2": "dfghf",
      "rubro": "jaskd",
      "fecha2": "2016-02-10",
      "categoria": "asds",
      "nit": 34,
      "telefonos2": "3453",
      "telefonos1": "43454",
      "codigo": "6556",
      "razonsocial": "juan",
      "textos": "fgdghd",
      "empresa": null,
      "contacto": "363",
      "fecha": "2016-02-10",
      "direccion": "nose"
   }
},
{
   "pk": 14,
   "model": "cliente.cliente",
   "fields": {
      "ubucaciongeo": "asdfs",
      "telefonos3": "345",
      "textos2": "dfghf",
      "rubro": "jaskd",
      "fecha2": "2016-02-10",
      "categoria": "asds",
      "nit": 34,
      "telefonos2": "3453",
      "telefonos1": "43454",
      "codigo": "6556",
      "razonsocial": "juan",
      "textos": "fgdghd",
      "empresa": null,
      "contacto": "363",
      "fecha": "2016-02-10",
      "direccion": "nose"
   }
},
{
   "pk": 15,
   "model": "cliente.cliente",
   "fields": {
      "ubucaciongeo": "asdfs",
      "telefonos3": "345",
      "textos2": "dfghf",
      "rubro": "jaskd",
      "fecha2": "2016-02-10",
      "categoria": "asds",
      "nit": 34,
      "telefonos2": "3453",
      "telefonos1": "43454",
      "codigo": "6556",
      "razonsocial": "juan",
      "textos": "fgdghd",
      "empresa": null,
      "contacto": "363",
      "fecha": "2016-02-10",
      "direccion": "nose"
   }
},
{
   "pk": 16,
   "model": "cliente.cliente",
   "fields": {
      "ubucaciongeo": "asdfs",
      "telefonos3": "345",
      "textos2": "dfghf",
      "rubro": "jaskd",
      "fecha2": "2016-02-10",
      "categoria": "asds",
      "nit": 34,
      "telefonos2": "3453",
      "telefonos1": "43454",
      "codigo": "6556",
      "razonsocial": "juan",
      "textos": "fgdghd",
      "empresa": null,
      "contacto": "363",
      "fecha": "2016-02-10",
      "direccion": "nose"
   }
},
{
   "pk": 17,
   "model": "cliente.cliente",
   "fields": {
      "ubucaciongeo": "asdfs",
      "telefonos3": "345",
      "textos2": "dfghf",
      "rubro": "jaskd",
      "fecha2": "2016-02-10",
      "categoria": "asds",
      "nit": 34,
      "telefonos2": "3453",
      "telefonos1": "43454",
      "codigo": "6556",
      "razonsocial": "juan",
      "textos": "fgdghd",
      "empresa": null,
      "contacto": "363",
      "fecha": "2016-02-10",
      "direccion": "nose"
   }
},
{
   "pk": 18,
   "model": "cliente.cliente",
   "fields": {
      "ubucaciongeo": "asdfs",
      "telefonos3": "345",
      "textos2": "dfghf",
      "rubro": "jaskd",
      "fecha2": "2016-02-10",
      "categoria": "asds",
      "nit": 34,
      "telefonos2": "3453",
      "telefonos1": "43454",
      "codigo": "6556",
      "razonsocial": "juan",
      "textos": "fgdghd",
      "empresa": null,
      "contacto": "363",
      "fecha": "2016-02-10",
      "direccion": "nose"
   }
},
{
   "pk": 19,
   "model": "cliente.cliente",
   "fields": {
      "ubucaciongeo": "asdfs",
      "telefonos3": "345",
      "textos2": "dfghf",
      "rubro": "jaskd",
      "fecha2": "2016-02-10",
      "categoria": "asds",
      "nit": 34,
      "telefonos2": "3453",
      "telefonos1": "43454",
      "codigo": "6556",
      "razonsocial": "juan",
      "textos": "fgdghd",
      "empresa": null,
      "contacto": "363",
      "fecha": "2016-02-10",
      "direccion": "nose"
   }
},
{
   "pk": 20,
   "model": "cliente.cliente",
   "fields": {
      "ubucaciongeo": "asdfs",
      "telefonos3": "345",
      "textos2": "dfghf",
      "rubro": "jaskd",
      "fecha2": "2016-02-10",
      "categoria": "asds",
      "nit": 34,
      "telefonos2": "3453",
      "telefonos1": "43454",
      "codigo": "6556",
      "razonsocial": "juan",
      "textos": "fgdghd",
      "empresa": null,
      "contacto": "363",
      "fecha": "2016-02-10",
      "direccion": "nose"
   }
},
{
   "pk": 21,
   "model": "cliente.cliente",
   "fields": {
      "ubucaciongeo": "asdfs",
      "telefonos3": "345",
      "textos2": "dfghf",
      "rubro": "jaskd",
      "fecha2": "2016-02-10",
      "categoria": "asds",
      "nit": 34,
      "telefonos2": "3453",
      "telefonos1": "43454",
      "codigo": "6556",
      "razonsocial": "juan",
      "textos": "fgdghd",
      "empresa": null,
      "contacto": "363",
      "fecha": "2016-02-10",
      "direccion": "nose"
   }
},
{
   "pk": 22,
   "model": "cliente.cliente",
   "fields": {
      "ubucaciongeo": "asdfs",
      "telefonos3": "345",
      "textos2": "dfghf",
      "rubro": "jaskd",
      "fecha2": "2016-02-10",
      "categoria": "asds",
      "nit": 34,
      "telefonos2": "3453",
      "telefonos1": "43454",
      "codigo": "6556",
      "razonsocial": "juan",
      "textos": "fgdghd",
      "empresa": null,
      "contacto": "363",
      "fecha": "2016-02-10",
      "direccion": "nose"
   }
},
{
   "pk": 23,
   "model": "cliente.cliente",
   "fields": {
      "ubucaciongeo": "asdfs",
      "telefonos3": "345",
      "textos2": "dfghf",
      "rubro": "jaskd",
      "fecha2": "2016-02-10",
      "categoria": "asds",
      "nit": 34,
      "telefonos2": "3453",
      "telefonos1": "43454",
      "codigo": "6556",
      "razonsocial": "juan",
      "textos": "fgdghd",
      "empresa": null,
      "contacto": "363",
      "fecha": "2016-02-10",
      "direccion": "nose"
   }
},
{
   "pk": 24,
   "model": "cliente.cliente",
   "fields": {
      "ubucaciongeo": "asdfs",
      "telefonos3": "345",
      "textos2": "dfghf",
      "rubro": "jaskd",
      "fecha2": "2016-02-10",
      "categoria": "asds",
      "nit": 34,
      "telefonos2": "3453",
      "telefonos1": "43454",
      "codigo": "6556",
      "razonsocial": "juan",
      "textos": "fgdghd",
      "empresa": null,
      "contacto": "363",
      "fecha": "2016-02-10",
      "direccion": "nose"
   }
},
{
   "pk": 25,
   "model": "cliente.cliente",
   "fields": {
      "ubucaciongeo": "asdfs",
      "telefonos3": "345",
      "textos2": "dfghf",
      "rubro": "jaskd",
      "fecha2": "2016-02-10",
      "categoria": "asds",
      "nit": 34,
      "telefonos2": "3453",
      "telefonos1": "43454",
      "codigo": "6556",
      "razonsocial": "juan",
      "textos": "fgdghd",
      "empresa": null,
      "contacto": "363",
      "fecha": "2016-02-10",
      "direccion": "nose"
   }
},
{
   "pk": 26,
   "model": "cliente.cliente",
   "fields": {
      "ubucaciongeo": "asdfs",
      "telefonos3": "345",
      "textos2": "dfghf",
      "rubro": "jaskd",
      "fecha2": "2016-02-10",
      "categoria": "asds",
      "nit": 34,
      "telefonos2": "3453",
      "telefonos1": "43454",
      "codigo": "6556",
      "razonsocial": "juan",
      "textos": "fgdghd",
      "empresa": null,
      "contacto": "363",
      "fecha": "2016-02-10",
      "direccion": "nose"
   }
},
{
   "pk": 27,
   "model": "cliente.cliente",
   "fields": {
      "ubucaciongeo": "asdfs",
      "telefonos3": "345",
      "textos2": "dfghf",
      "rubro": "jaskd",
      "fecha2": "2016-02-10",
      "categoria": "asds",
      "nit": 34,
      "telefonos2": "3453",
      "telefonos1": "43454",
      "codigo": "6556",
      "razonsocial": "juan",
      "textos": "fgdghd",
      "empresa": null,
      "contacto": "363",
      "fecha": "2016-02-10",
      "direccion": "nose"
   }
},
{
   "pk": 28,
   "model": "cliente.cliente",
   "fields": {
      "ubucaciongeo": "asdfs",
      "telefonos3": "345",
      "textos2": "dfghf",
      "rubro": "jaskd",
      "fecha2": "2016-02-10",
      "categoria": "asds",
      "nit": 34,
      "telefonos2": "3453",
      "telefonos1": "43454",
      "codigo": "6556",
      "razonsocial": "juan",
      "textos": "fgdghd",
      "empresa": null,
      "contacto": "363",
      "fecha": "2016-02-10",
      "direccion": "nose"
   }
},
{
   "pk": 29,
   "model": "cliente.cliente",
   "fields": {
      "ubucaciongeo": "asdfs",
      "telefonos3": "345",
      "textos2": "dfghf",
      "rubro": "jaskd",
      "fecha2": "2016-02-10",
      "categoria": "asds",
      "nit": 34,
      "telefonos2": "3453",
      "telefonos1": "43454",
      "codigo": "6556",
      "razonsocial": "juan",
      "textos": "fgdghd",
      "empresa": null,
      "contacto": "363",
      "fecha": "2016-02-10",
      "direccion": "nose"
   }
},
{
   "pk": 30,
   "model": "cliente.cliente",
   "fields": {
      "ubucaciongeo": "asdfs",
      "telefonos3": "345",
      "textos2": "dfghf",
      "rubro": "jaskd",
      "fecha2": "2016-02-10",
      "categoria": "asds",
      "nit": 34,
      "telefonos2": "3453",
      "telefonos1": "43454",
      "codigo": "6556",
      "razonsocial": "juan",
      "textos": "fgdghd",
      "empresa": null,
      "contacto": "363",
      "fecha": "2016-02-10",
      "direccion": "nose"
   }
},
{
   "pk": 31,
   "model": "cliente.cliente",
   "fields": {
      "ubucaciongeo": "asdfs",
      "telefonos3": "345",
      "textos2": "dfghf",
      "rubro": "jaskd",
      "fecha2": "2016-02-10",
      "categoria": "asds",
      "nit": 34,
      "telefonos2": "3453",
      "telefonos1": "43454",
      "codigo": "6556",
      "razonsocial": "juan",
      "textos": "fgdghd",
      "empresa": null,
      "contacto": "363",
      "fecha": "2016-02-10",
      "direccion": "nose"
   }
},
{
   "pk": 32,
   "model": "cliente.cliente",
   "fields": {
      "ubucaciongeo": "asdfs",
      "telefonos3": "345",
      "textos2": "dfghf",
      "rubro": "jaskd",
      "fecha2": "2016-02-10",
      "categoria": "asds",
      "nit": 34,
      "telefonos2": "3453",
      "telefonos1": "43454",
      "codigo": "6556",
      "razonsocial": "juan",
      "textos": "fgdghd",
      "empresa": null,
      "contacto": "363",
      "fecha": "2016-02-10",
      "direccion": "nose"
   }
},
{
   "pk": 33,
   "model": "cliente.cliente",
   "fields": {
      "ubucaciongeo": "asdfs",
      "telefonos3": "345",
      "textos2": "dfghf",
      "rubro": "jaskd",
      "fecha2": "2016-02-10",
      "categoria": "asds",
      "nit": 34,
      "telefonos2": "3453",
      "telefonos1": "43454",
      "codigo": "6556",
      "razonsocial": "juan",
      "textos": "fgdghd",
      "empresa": null,
      "contacto": "363",
      "fecha": "2016-02-10",
      "direccion": "nose"
   }
},
{
   "pk": 34,
   "model": "cliente.cliente",
   "fields": {
      "ubucaciongeo": "asdfs",
      "telefonos3": "345",
      "textos2": "dfghf",
      "rubro": "jaskd",
      "fecha2": "2016-02-10",
      "categoria": "asds",
      "nit": 34,
      "telefonos2": "3453",
      "telefonos1": "43454",
      "codigo": "6556",
      "razonsocial": "juan",
      "textos": "fgdghd",
      "empresa": null,
      "contacto": "363",
      "fecha": "2016-02-10",
      "direccion": "nose"
   }
},
{
   "pk": 35,
   "model": "cliente.cliente",
   "fields": {
      "ubucaciongeo": "asdfs",
      "telefonos3": "345",
      "textos2": "dfghf",
      "rubro": "jaskd",
      "fecha2": "2016-02-10",
      "categoria": "asds",
      "nit": 34,
      "telefonos2": "3453",
      "telefonos1": "43454",
      "codigo": "6556",
      "razonsocial": "juan",
      "textos": "fgdghd",
      "empresa": null,
      "contacto": "363",
      "fecha": "2016-02-10",
      "direccion": "nose"
   }
},
{
   "pk": 36,
   "model": "cliente.cliente",
   "fields": {
      "ubucaciongeo": "asdfs",
      "telefonos3": "345",
      "textos2": "dfghf",
      "rubro": "jaskd",
      "fecha2": "2016-02-10",
      "categoria": "asds",
      "nit": 34,
      "telefonos2": "3453",
      "telefonos1": "43454",
      "codigo": "6556",
      "razonsocial": "juan",
      "textos": "fgdghd",
      "empresa": null,
      "contacto": "363",
      "fecha": "2016-02-10",
      "direccion": "nose"
   }
},
{
   "pk": 37,
   "model": "cliente.cliente",
   "fields": {
      "ubucaciongeo": "asdfs",
      "telefonos3": "345",
      "textos2": "dfghf",
      "rubro": "jaskd",
      "fecha2": "2016-02-10",
      "categoria": "asds",
      "nit": 34,
      "telefonos2": "3453",
      "telefonos1": "43454",
      "codigo": "6556",
      "razonsocial": "juan",
      "textos": "fgdghd",
      "empresa": null,
      "contacto": "363",
      "fecha": "2016-02-10",
      "direccion": "nose"
   }
},
{
   "pk": 38,
   "model": "cliente.cliente",
   "fields": {
      "ubucaciongeo": "asdfs",
      "telefonos3": "345",
      "textos2": "dfghf",
      "rubro": "jaskd",
      "fecha2": "2016-02-10",
      "categoria": "asds",
      "nit": 34,
      "telefonos2": "3453",
      "telefonos1": "43454",
      "codigo": "6556",
      "razonsocial": "juan",
      "textos": "fgdghd",
      "empresa": null,
      "contacto": "363",
      "fecha": "2016-02-10",
      "direccion": "nose"
   }
},
{
   "pk": 39,
   "model": "cliente.cliente",
   "fields": {
      "ubucaciongeo": "asdfs",
      "telefonos3": "345",
      "textos2": "dfghf",
      "rubro": "jaskd",
      "fecha2": "2016-02-10",
      "categoria": "asds",
      "nit": 34,
      "telefonos2": "3453",
      "telefonos1": "43454",
      "codigo": "6556",
      "razonsocial": "juan",
      "textos": "fgdghd",
      "empresa": null,
      "contacto": "363",
      "fecha": "2016-02-10",
      "direccion": "nose"
   }
},
{
   "pk": 40,
   "model": "cliente.cliente",
   "fields": {
      "ubucaciongeo": "asdfs",
      "telefonos3": "345",
      "textos2": "dfghf",
      "rubro": "jaskd",
      "fecha2": "2016-02-10",
      "categoria": "asds",
      "nit": 34,
      "telefonos2": "3453",
      "telefonos1": "43454",
      "codigo": "6556",
      "razonsocial": "juan",
      "textos": "fgdghd",
      "empresa": null,
      "contacto": "363",
      "fecha": "2016-02-10",
      "direccion": "nose"
   }
},
{
   "pk": 41,
   "model": "cliente.cliente",
   "fields": {
      "ubucaciongeo": "asdfs",
      "telefonos3": "345",
      "textos2": "dfghf",
      "rubro": "jaskd",
      "fecha2": "2016-02-10",
      "categoria": "asds",
      "nit": 34,
      "telefonos2": "3453",
      "telefonos1": "43454",
      "codigo": "6556",
      "razonsocial": "juan",
      "textos": "fgdghd",
      "empresa": null,
      "contacto": "363",
      "fecha": "2016-02-10",
      "direccion": "nose"
   }
},
{
   "pk": 42,
   "model": "cliente.cliente",
   "fields": {
      "ubucaciongeo": "asdfs",
      "telefonos3": "345",
      "textos2": "dfghf",
      "rubro": "jaskd",
      "fecha2": "2016-02-10",
      "categoria": "asds",
      "nit": 34,
      "telefonos2": "3453",
      "telefonos1": "43454",
      "codigo": "6556",
      "razonsocial": "juan",
      "textos": "fgdghd",
      "empresa": null,
      "contacto": "363",
      "fecha": "2016-02-10",
      "direccion": "nose"
   }
},
{
   "pk": 43,
   "model": "cliente.cliente",
   "fields": {
      "ubucaciongeo": "asdfs",
      "telefonos3": "345",
      "textos2": "dfghf",
      "rubro": "jaskd",
      "fecha2": "2016-02-10",
      "categoria": "asds",
      "nit": 34,
      "telefonos2": "3453",
      "telefonos1": "43454",
      "codigo": "6556",
      "razonsocial": "juan",
      "textos": "fgdghd",
      "empresa": null,
      "contacto": "363",
      "fecha": "2016-02-10",
      "direccion": "nose"
   }
},
{
   "pk": 44,
   "model": "cliente.cliente",
   "fields": {
      "ubucaciongeo": "asdfs",
      "telefonos3": "345",
      "textos2": "dfghf",
      "rubro": "jaskd",
      "fecha2": "2016-02-10",
      "categoria": "asds",
      "nit": 34,
      "telefonos2": "3453",
      "telefonos1": "43454",
      "codigo": "6556",
      "razonsocial": "juan",
      "textos": "fgdghd",
      "empresa": null,
      "contacto": "363",
      "fecha": "2016-02-10",
      "direccion": "nose"
   }
},
{
   "pk": 45,
   "model": "cliente.cliente",
   "fields": {
      "ubucaciongeo": "asdfs",
      "telefonos3": "345",
      "textos2": "dfghf",
      "rubro": "jaskd",
      "fecha2": "2016-02-10",
      "categoria": "asds",
      "nit": 34,
      "telefonos2": "3453",
      "telefonos1": "43454",
      "codigo": "6556",
      "razonsocial": "juan",
      "textos": "fgdghd",
      "empresa": null,
      "contacto": "363",
      "fecha": "2016-02-10",
      "direccion": "nose"
   }
},
{
   "pk": 46,
   "model": "cliente.cliente",
   "fields": {
      "ubucaciongeo": "asdfs",
      "telefonos3": "345",
      "textos2": "dfghf",
      "rubro": "jaskd",
      "fecha2": "2016-02-10",
      "categoria": "asds",
      "nit": 34,
      "telefonos2": "3453",
      "telefonos1": "43454",
      "codigo": "6556",
      "razonsocial": "juan",
      "textos": "fgdghd",
      "empresa": null,
      "contacto": "363",
      "fecha": "2016-02-10",
      "direccion": "nose"
   }
},
{
   "pk": 47,
   "model": "cliente.cliente",
   "fields": {
      "ubucaciongeo": "asdfs",
      "telefonos3": "345",
      "textos2": "dfghf",
      "rubro": "jaskd",
      "fecha2": "2016-02-10",
      "categoria": "asds",
      "nit": 34,
      "telefonos2": "3453",
      "telefonos1": "43454",
      "codigo": "6556",
      "razonsocial": "juan",
      "textos": "fgdghd",
      "empresa": null,
      "contacto": "363",
      "fecha": "2016-02-10",
      "direccion": "nose"
   }
},
{
   "pk": 48,
   "model": "cliente.cliente",
   "fields": {
      "ubucaciongeo": "asdfs",
      "telefonos3": "345",
      "textos2": "dfghf",
      "rubro": "jaskd",
      "fecha2": "2016-02-10",
      "categoria": "asds",
      "nit": 34,
      "telefonos2": "3453",
      "telefonos1": "43454",
      "codigo": "6556",
      "razonsocial": "juan",
      "textos": "fgdghd",
      "empresa": null,
      "contacto": "363",
      "fecha": "2016-02-10",
      "direccion": "nose"
   }
},
{
   "pk": 49,
   "model": "cliente.cliente",
   "fields": {
      "ubucaciongeo": "asdfs",
      "telefonos3": "345",
      "textos2": "dfghf",
      "rubro": "jaskd",
      "fecha2": "2016-02-10",
      "categoria": "asds",
      "nit": 34,
      "telefonos2": "3453",
      "telefonos1": "43454",
      "codigo": "6556",
      "razonsocial": "juan",
      "textos": "fgdghd",
      "empresa": null,
      "contacto": "363",
      "fecha": "2016-02-10",
      "direccion": "nose"
   }
},
{
   "pk": 50,
   "model": "cliente.cliente",
   "fields": {
      "ubucaciongeo": "asdfs",
      "telefonos3": "345",
      "textos2": "dfghf",
      "rubro": "jaskd",
      "fecha2": "2016-02-10",
      "categoria": "asds",
      "nit": 34,
      "telefonos2": "3453",
      "telefonos1": "43454",
      "codigo": "6556",
      "razonsocial": "juan",
      "textos": "fgdghd",
      "empresa": null,
      "contacto": "363",
      "fecha": "2016-02-10",
      "direccion": "nose"
   }
},
{
   "pk": 51,
   "model": "cliente.cliente",
   "fields": {
      "ubucaciongeo": "asdfs",
      "telefonos3": "345",
      "textos2": "dfghf",
      "rubro": "jaskd",
      "fecha2": "2016-02-10",
      "categoria": "asds",
      "nit": 34,
      "telefonos2": "3453",
      "telefonos1": "43454",
      "codigo": "6556",
      "razonsocial": "juan",
      "textos": "fgdghd",
      "empresa": null,
      "contacto": "363",
      "fecha": "2016-02-10",
      "direccion": "nose"
   }
},
{
   "pk": 52,
   "model": "cliente.cliente",
   "fields": {
      "ubucaciongeo": "asdfs",
      "telefonos3": "345",
      "textos2": "dfghf",
      "rubro": "jaskd",
      "fecha2": "2016-02-10",
      "categoria": "asds",
      "nit": 34,
      "telefonos2": "3453",
      "telefonos1": "43454",
      "codigo": "6556",
      "razonsocial": "juan",
      "textos": "fgdghd",
      "empresa": null,
      "contacto": "363",
      "fecha": "2016-02-10",
      "direccion": "nose"
   }
},
{
   "pk": 53,
   "model": "cliente.cliente",
   "fields": {
      "ubucaciongeo": "asdfs",
      "telefonos3": "345",
      "textos2": "dfghf",
      "rubro": "jaskd",
      "fecha2": "2016-02-10",
      "categoria": "asds",
      "nit": 34,
      "telefonos2": "3453",
      "telefonos1": "43454",
      "codigo": "6556",
      "razonsocial": "juan",
      "textos": "fgdghd",
      "empresa": null,
      "contacto": "363",
      "fecha": "2016-02-10",
      "direccion": "nose"
   }
},
{
   "pk": 54,
   "model": "cliente.cliente",
   "fields": {
      "ubucaciongeo": "asdfs",
      "telefonos3": "345",
      "textos2": "dfghf",
      "rubro": "jaskd",
      "fecha2": "2016-02-10",
      "categoria": "asds",
      "nit": 34,
      "telefonos2": "3453",
      "telefonos1": "43454",
      "codigo": "6556",
      "razonsocial": "juan",
      "textos": "fgdghd",
      "empresa": null,
      "contacto": "363",
      "fecha": "2016-02-10",
      "direccion": "nose"
   }
},
{
   "pk": 55,
   "model": "cliente.cliente",
   "fields": {
      "ubucaciongeo": "asdfs",
      "telefonos3": "345",
      "textos2": "dfghf",
      "rubro": "jaskd",
      "fecha2": "2016-02-10",
      "categoria": "asds",
      "nit": 34,
      "telefonos2": "3453",
      "telefonos1": "43454",
      "codigo": "6556",
      "razonsocial": "juan",
      "textos": "fgdghd",
      "empresa": null,
      "contacto": "363",
      "fecha": "2016-02-10",
      "direccion": "nose"
   }
},
{
   "pk": 56,
   "model": "cliente.cliente",
   "fields": {
      "ubucaciongeo": "asdfs",
      "telefonos3": "345",
      "textos2": "dfghf",
      "rubro": "jaskd",
      "fecha2": "2016-02-10",
      "categoria": "asds",
      "nit": 34,
      "telefonos2": "3453",
      "telefonos1": "43454",
      "codigo": "6556",
      "razonsocial": "juan",
      "textos": "fgdghd",
      "empresa": null,
      "contacto": "363",
      "fecha": "2016-02-10",
      "direccion": "nose"
   }
},
{
   "pk": 57,
   "model": "cliente.cliente",
   "fields": {
      "ubucaciongeo": "asdfs",
      "telefonos3": "345",
      "textos2": "dfghf",
      "rubro": "jaskd",
      "fecha2": "2016-02-10",
      "categoria": "asds",
      "nit": 34,
      "telefonos2": "3453",
      "telefonos1": "43454",
      "codigo": "6556",
      "razonsocial": "juan",
      "textos": "fgdghd",
      "empresa": null,
      "contacto": "363",
      "fecha": "2016-02-10",
      "direccion": "nose"
   }
},
{
   "pk": 58,
   "model": "cliente.cliente",
   "fields": {
      "ubucaciongeo": "asdfs",
      "telefonos3": "345",
      "textos2": "dfghf",
      "rubro": "jaskd",
      "fecha2": "2016-02-10",
      "categoria": "asds",
      "nit": 34,
      "telefonos2": "3453",
      "telefonos1": "43454",
      "codigo": "6556",
      "razonsocial": "juan",
      "textos": "fgdghd",
      "empresa": null,
      "contacto": "363",
      "fecha": "2016-02-10",
      "direccion": "nose"
   }
},
{
   "pk": 59,
   "model": "cliente.cliente",
   "fields": {
      "ubucaciongeo": "asdfs",
      "telefonos3": "345",
      "textos2": "dfghf",
      "rubro": "jaskd",
      "fecha2": "2016-02-10",
      "categoria": "asds",
      "nit": 34,
      "telefonos2": "3453",
      "telefonos1": "43454",
      "codigo": "6556",
      "razonsocial": "juan",
      "textos": "fgdghd",
      "empresa": null,
      "contacto": "363",
      "fecha": "2016-02-10",
      "direccion": "nose"
   }
},
{
   "pk": 60,
   "model": "cliente.cliente",
   "fields": {
      "ubucaciongeo": "asdfs",
      "telefonos3": "345",
      "textos2": "dfghf",
      "rubro": "jaskd",
      "fecha2": "2016-02-10",
      "categoria": "asds",
      "nit": 34,
      "telefonos2": "3453",
      "telefonos1": "43454",
      "codigo": "6556",
      "razonsocial": "juan",
      "textos": "fgdghd",
      "empresa": null,
      "contacto": "363",
      "fecha": "2016-02-10",
      "direccion": "nose"
   }
},
{
   "pk": 61,
   "model": "cliente.cliente",
   "fields": {
      "ubucaciongeo": "asdfs",
      "telefonos3": "345",
      "textos2": "dfghf",
      "rubro": "jaskd",
      "fecha2": "2016-02-10",
      "categoria": "asds",
      "nit": 34,
      "telefonos2": "3453",
      "telefonos1": "43454",
      "codigo": "6556",
      "razonsocial": "juan",
      "textos": "fgdghd",
      "empresa": null,
      "contacto": "363",
      "fecha": "2016-02-10",
      "direccion": "nose"
   }
},
{
   "pk": 13,
   "model": "ventas.venta",
   "fields": {
      "codigo_control": "9C-83-BC-5F",
      "empresa": 6,
      "llave_digital": "435retertergdgry54654646456",
      "total": "89.00",
      "razon_social": "prretertertete",
      "cantidad_dias": 0,
      "ice": "0.00",
      "fecha_vencimiento": null,
      "nro_factura": 1,
      "tipo_recargo": "Bs",
      "numero_autorizacion": 5343434345,
      "nit": 23423423,
      "tipo_compra": "contado",
      "excentos": "0.00",
      "recargo": "0.00",
      "monto_pago": null,
      "tipo_descuento": "Bs",
      "fecha_limite": "2016-03-31",
      "fecha": "2016-03-03",
      "descuento": "0.00"
   }
},
{
   "pk": 1,
   "model": "ventas.movimiento",
   "fields": {
      "item": 1,
      "motivo_movimiento": "inicial",
      "fecha_transaccion": "2016-02-16",
      "precio_unitario": "50.00",
      "cantidad": 60,
      "empresa": 2,
      "detalle": "Saldo Inicial"
   }
},
{
   "pk": 2,
   "model": "config.datosdosificacion",
   "fields": {
      "llave_digital": "435retertergdgry54654646456",
      "nro_autorizacion": 5343434345,
      "empresa": 6,
      "nro_conrelativo": 1,
      "contador": 0,
      "fecha": "2016-03-31"
   }
},
{
   "pk": 1,
   "model": "config.formatofactura",
   "fields": {
      "frases_pie": "Ley N\u00b0 453: La entidad financiera debe informar por escrito los motivos por los cuales se deneg\u00f3 un cr\u00e9dito",
      "facturacion": "Normal",
      "frases_subtitulo": "Derecho a Credito Fiscal",
      "tamanio": "oficio",
      "empresa": 6,
      "frases_titulo": "Factura",
      "impresion": "Vacia",
      "formato": "general"
   }
},
{
   "pk": 1,
   "model": "auth.permission",
   "fields": {
      "name": "Can add log entry",
      "codename": "add_logentry",
      "content_type": 1
   }
},
{
   "pk": 2,
   "model": "auth.permission",
   "fields": {
      "name": "Can change log entry",
      "codename": "change_logentry",
      "content_type": 1
   }
},
{
   "pk": 3,
   "model": "auth.permission",
   "fields": {
      "name": "Can delete log entry",
      "codename": "delete_logentry",
      "content_type": 1
   }
},
{
   "pk": 4,
   "model": "auth.permission",
   "fields": {
      "name": "Can add permission",
      "codename": "add_permission",
      "content_type": 2
   }
},
{
   "pk": 5,
   "model": "auth.permission",
   "fields": {
      "name": "Can change permission",
      "codename": "change_permission",
      "content_type": 2
   }
},
{
   "pk": 6,
   "model": "auth.permission",
   "fields": {
      "name": "Can delete permission",
      "codename": "delete_permission",
      "content_type": 2
   }
},
{
   "pk": 7,
   "model": "auth.permission",
   "fields": {
      "name": "Can add group",
      "codename": "add_group",
      "content_type": 3
   }
},
{
   "pk": 8,
   "model": "auth.permission",
   "fields": {
      "name": "Can change group",
      "codename": "change_group",
      "content_type": 3
   }
},
{
   "pk": 9,
   "model": "auth.permission",
   "fields": {
      "name": "Can delete group",
      "codename": "delete_group",
      "content_type": 3
   }
},
{
   "pk": 10,
   "model": "auth.permission",
   "fields": {
      "name": "Can add content type",
      "codename": "add_contenttype",
      "content_type": 4
   }
},
{
   "pk": 11,
   "model": "auth.permission",
   "fields": {
      "name": "Can change content type",
      "codename": "change_contenttype",
      "content_type": 4
   }
},
{
   "pk": 12,
   "model": "auth.permission",
   "fields": {
      "name": "Can delete content type",
      "codename": "delete_contenttype",
      "content_type": 4
   }
},
{
   "pk": 13,
   "model": "auth.permission",
   "fields": {
      "name": "Can add session",
      "codename": "add_session",
      "content_type": 5
   }
},
{
   "pk": 14,
   "model": "auth.permission",
   "fields": {
      "name": "Can change session",
      "codename": "change_session",
      "content_type": 5
   }
},
{
   "pk": 15,
   "model": "auth.permission",
   "fields": {
      "name": "Can delete session",
      "codename": "delete_session",
      "content_type": 5
   }
},
{
   "pk": 16,
   "model": "auth.permission",
   "fields": {
      "name": "Can add personajuridica",
      "codename": "add_personajuridica",
      "content_type": 6
   }
},
{
   "pk": 17,
   "model": "auth.permission",
   "fields": {
      "name": "Can change personajuridica",
      "codename": "change_personajuridica",
      "content_type": 6
   }
},
{
   "pk": 18,
   "model": "auth.permission",
   "fields": {
      "name": "Can delete personajuridica",
      "codename": "delete_personajuridica",
      "content_type": 6
   }
},
{
   "pk": 19,
   "model": "auth.permission",
   "fields": {
      "name": "Can add user",
      "codename": "add_user",
      "content_type": 7
   }
},
{
   "pk": 20,
   "model": "auth.permission",
   "fields": {
      "name": "Can change user",
      "codename": "change_user",
      "content_type": 7
   }
},
{
   "pk": 21,
   "model": "auth.permission",
   "fields": {
      "name": "Can delete user",
      "codename": "delete_user",
      "content_type": 7
   }
},
{
   "pk": 22,
   "model": "auth.permission",
   "fields": {
      "name": "Can add rol",
      "codename": "add_rol",
      "content_type": 8
   }
},
{
   "pk": 23,
   "model": "auth.permission",
   "fields": {
      "name": "Can change rol",
      "codename": "change_rol",
      "content_type": 8
   }
},
{
   "pk": 24,
   "model": "auth.permission",
   "fields": {
      "name": "Can delete rol",
      "codename": "delete_rol",
      "content_type": 8
   }
},
{
   "pk": 25,
   "model": "auth.permission",
   "fields": {
      "name": "Can add proveedor",
      "codename": "add_proveedor",
      "content_type": 9
   }
},
{
   "pk": 26,
   "model": "auth.permission",
   "fields": {
      "name": "Can change proveedor",
      "codename": "change_proveedor",
      "content_type": 9
   }
},
{
   "pk": 27,
   "model": "auth.permission",
   "fields": {
      "name": "Can delete proveedor",
      "codename": "delete_proveedor",
      "content_type": 9
   }
},
{
   "pk": 28,
   "model": "auth.permission",
   "fields": {
      "name": "Can add item",
      "codename": "add_item",
      "content_type": 10
   }
},
{
   "pk": 29,
   "model": "auth.permission",
   "fields": {
      "name": "Can change item",
      "codename": "change_item",
      "content_type": 10
   }
},
{
   "pk": 30,
   "model": "auth.permission",
   "fields": {
      "name": "Can delete item",
      "codename": "delete_item",
      "content_type": 10
   }
},
{
   "pk": 31,
   "model": "auth.permission",
   "fields": {
      "name": "Can add cliente",
      "codename": "add_cliente",
      "content_type": 11
   }
},
{
   "pk": 32,
   "model": "auth.permission",
   "fields": {
      "name": "Can change cliente",
      "codename": "change_cliente",
      "content_type": 11
   }
},
{
   "pk": 33,
   "model": "auth.permission",
   "fields": {
      "name": "Can delete cliente",
      "codename": "delete_cliente",
      "content_type": 11
   }
},
{
   "pk": 34,
   "model": "auth.permission",
   "fields": {
      "name": "Can add compra",
      "codename": "add_compra",
      "content_type": 12
   }
},
{
   "pk": 35,
   "model": "auth.permission",
   "fields": {
      "name": "Can change compra",
      "codename": "change_compra",
      "content_type": 12
   }
},
{
   "pk": 36,
   "model": "auth.permission",
   "fields": {
      "name": "Can delete compra",
      "codename": "delete_compra",
      "content_type": 12
   }
},
{
   "pk": 37,
   "model": "auth.permission",
   "fields": {
      "name": "Can add detalle compra",
      "codename": "add_detallecompra",
      "content_type": 13
   }
},
{
   "pk": 38,
   "model": "auth.permission",
   "fields": {
      "name": "Can change detalle compra",
      "codename": "change_detallecompra",
      "content_type": 13
   }
},
{
   "pk": 39,
   "model": "auth.permission",
   "fields": {
      "name": "Can delete detalle compra",
      "codename": "delete_detallecompra",
      "content_type": 13
   }
},
{
   "pk": 40,
   "model": "auth.permission",
   "fields": {
      "name": "Can add venta",
      "codename": "add_venta",
      "content_type": 14
   }
},
{
   "pk": 41,
   "model": "auth.permission",
   "fields": {
      "name": "Can change venta",
      "codename": "change_venta",
      "content_type": 14
   }
},
{
   "pk": 42,
   "model": "auth.permission",
   "fields": {
      "name": "Can delete venta",
      "codename": "delete_venta",
      "content_type": 14
   }
},
{
   "pk": 43,
   "model": "auth.permission",
   "fields": {
      "name": "Can add detalle venta",
      "codename": "add_detalleventa",
      "content_type": 15
   }
},
{
   "pk": 44,
   "model": "auth.permission",
   "fields": {
      "name": "Can change detalle venta",
      "codename": "change_detalleventa",
      "content_type": 15
   }
},
{
   "pk": 45,
   "model": "auth.permission",
   "fields": {
      "name": "Can delete detalle venta",
      "codename": "delete_detalleventa",
      "content_type": 15
   }
},
{
   "pk": 46,
   "model": "auth.permission",
   "fields": {
      "name": "Can add movimiento",
      "codename": "add_movimiento",
      "content_type": 16
   }
},
{
   "pk": 47,
   "model": "auth.permission",
   "fields": {
      "name": "Can change movimiento",
      "codename": "change_movimiento",
      "content_type": 16
   }
},
{
   "pk": 48,
   "model": "auth.permission",
   "fields": {
      "name": "Can delete movimiento",
      "codename": "delete_movimiento",
      "content_type": 16
   }
},
{
   "pk": 49,
   "model": "auth.permission",
   "fields": {
      "name": "Can add cobro",
      "codename": "add_cobro",
      "content_type": 17
   }
},
{
   "pk": 50,
   "model": "auth.permission",
   "fields": {
      "name": "Can change cobro",
      "codename": "change_cobro",
      "content_type": 17
   }
},
{
   "pk": 51,
   "model": "auth.permission",
   "fields": {
      "name": "Can delete cobro",
      "codename": "delete_cobro",
      "content_type": 17
   }
},
{
   "pk": 52,
   "model": "auth.permission",
   "fields": {
      "name": "Can add datos dosificacion",
      "codename": "add_datosdosificacion",
      "content_type": 18
   }
},
{
   "pk": 53,
   "model": "auth.permission",
   "fields": {
      "name": "Can change datos dosificacion",
      "codename": "change_datosdosificacion",
      "content_type": 18
   }
},
{
   "pk": 54,
   "model": "auth.permission",
   "fields": {
      "name": "Can delete datos dosificacion",
      "codename": "delete_datosdosificacion",
      "content_type": 18
   }
},
{
   "pk": 55,
   "model": "auth.permission",
   "fields": {
      "name": "",
      "codename": "edit",
      "content_type": 7
   }
},
{
   "pk": 56,
   "model": "auth.permission",
   "fields": {
      "name": "",
      "codename": "create",
      "content_type": 7
   }
},
{
   "pk": 57,
   "model": "auth.permission",
   "fields": {
      "name": "",
      "codename": "delete",
      "content_type": 7
   }
},
{
   "pk": 58,
   "model": "auth.permission",
   "fields": {
      "name": "Can add formatofactura",
      "codename": "add_formatofactura",
      "content_type": 19
   }
},
{
   "pk": 59,
   "model": "auth.permission",
   "fields": {
      "name": "Can change formatofactura",
      "codename": "change_formatofactura",
      "content_type": 19
   }
},
{
   "pk": 60,
   "model": "auth.permission",
   "fields": {
      "name": "Can delete formatofactura",
      "codename": "delete_formatofactura",
      "content_type": 19
   }
},
{
   "pk": 1,
   "model": "auth.group",
   "fields": {
      "name": "administrador",
      "permissions": []
   }
},
{
   "pk": 2,
   "model": "auth.group",
   "fields": {
      "name": "operador",
      "permissions": []
   }
},
{
   "pk": 1,
   "model": "users.user",
   "fields": {
      "is_staff": true,
      "groups": [],
      "s_apellido": "",
      "password": "pbkdf2_sha256$20000$wZN5nkpoGvVw$oL7nRVGJ6xmO5/FhnNlcNTd46BXGsLTxmQsNb+Dtfvw=",
      "user_permissions": [],
      "email": "admin@gmail.com",
      "empresa": null,
      "avatar": "",
      "p_apellido": "",
      "telefono": null,
      "is_superuser": true,
      "is_active": true,
      "last_login": "2016-03-03T21:47:21.483Z",
      "nombre": "",
      "username": "admin",
      "direccion": ""
   }
},
{
   "pk": 3,
   "model": "users.user",
   "fields": {
      "is_staff": false,
      "groups": [
         2
      ],
      "s_apellido": "RAMIREZ",
      "password": "pbkdf2_sha256$20000$Ew6ru4L0fDOu$WZulkpqfApJXURFzfd+kfDvVaHC06VsSwTYBTJ6AeOk=",
      "user_permissions": [
         55
      ],
      "email": "",
      "empresa": 1,
      "avatar": "users/avatar_JBOmDUD.jpg",
      "p_apellido": "PANIAGUA",
      "telefono": null,
      "is_superuser": false,
      "is_active": true,
      "last_login": "2016-02-16T02:00:17.162Z",
      "nombre": "PABEL LUIS",
      "username": "ppaniagua",
      "direccion": ""
   }
},
{
   "pk": 4,
   "model": "users.user",
   "fields": {
      "is_staff": false,
      "groups": [
         1
      ],
      "s_apellido": "ORELLANA",
      "password": "pbkdf2_sha256$20000$q3xrM0ibEIYA$yE0UKzI9sU3GVtc1PfugE/PewKnOIa3DcgHQdvH5d9E=",
      "user_permissions": [
         56,
         57,
         55
      ],
      "email": "",
      "empresa": 2,
      "avatar": "users/8160_130810680631910_8112818108674253844_n.jpg",
      "p_apellido": "SOLIZ",
      "telefono": null,
      "is_superuser": false,
      "is_active": true,
      "last_login": "2016-02-16T16:12:04.214Z",
      "nombre": "KARLA",
      "username": "kso",
      "direccion": ""
   }
},
{
   "pk": 5,
   "model": "users.user",
   "fields": {
      "is_staff": false,
      "groups": [
         1
      ],
      "s_apellido": "",
      "password": "pbkdf2_sha256$20000$U5yTC9lgv87L$h7FIWzIWR+XxERTCVP9h1mbG8UgSnDnoeoMjDmOuIr8=",
      "user_permissions": [
         56,
         57,
         55
      ],
      "email": "",
      "empresa": 1,
      "avatar": "users/12_ecKyHsW.jpg",
      "p_apellido": "asdads",
      "telefono": null,
      "is_superuser": false,
      "is_active": true,
      "last_login": "2016-02-16T22:15:11.232Z",
      "nombre": "prueba",
      "username": "prueba",
      "direccion": ""
   }
},
{
   "pk": 11,
   "model": "users.user",
   "fields": {
      "is_staff": false,
      "groups": [
         1
      ],
      "s_apellido": "",
      "password": "pbkdf2_sha256$20000$1UawQGuKaKev$PC7zFubLN9bW7l/NMRhIbhtcfLn0LH33t/k5SdWoZ5w=",
      "user_permissions": [
         56,
         57,
         55
      ],
      "email": "",
      "empresa": 6,
      "avatar": "",
      "p_apellido": "BALDERRAMA",
      "telefono": null,
      "is_superuser": false,
      "is_active": true,
      "last_login": "2016-03-03T21:47:58.380Z",
      "nombre": "JHONTAN",
      "username": "jbalderrama",
      "direccion": ""
   }
},
{
   "pk": 9,
   "model": "inicio.rol",
   "fields": {
      "crear": true,
      "editar": true,
      "user": 3,
      "modelos": "almacenes",
      "eliminar": false,
      "operar": true
   }
},
{
   "pk": 10,
   "model": "inicio.rol",
   "fields": {
      "crear": true,
      "editar": true,
      "user": 3,
      "modelos": "clientes",
      "eliminar": false,
      "operar": true
   }
},
{
   "pk": 11,
   "model": "inicio.rol",
   "fields": {
      "crear": true,
      "editar": true,
      "user": 3,
      "modelos": "proveedores",
      "eliminar": false,
      "operar": true
   }
},
{
   "pk": 12,
   "model": "inicio.rol",
   "fields": {
      "crear": false,
      "editar": false,
      "user": 3,
      "modelos": "reportes",
      "eliminar": false,
      "operar": true
   }
},
{
   "pk": 13,
   "model": "inicio.rol",
   "fields": {
      "crear": false,
      "editar": false,
      "user": 3,
      "modelos": "compras",
      "eliminar": false,
      "operar": true
   }
},
{
   "pk": 14,
   "model": "inicio.rol",
   "fields": {
      "crear": true,
      "editar": true,
      "user": 3,
      "modelos": "usuarios",
      "eliminar": false,
      "operar": true
   }
},
{
   "pk": 15,
   "model": "inicio.rol",
   "fields": {
      "crear": false,
      "editar": false,
      "user": 3,
      "modelos": "bancarizacion",
      "eliminar": false,
      "operar": false
   }
},
{
   "pk": 16,
   "model": "inicio.rol",
   "fields": {
      "crear": true,
      "editar": true,
      "user": 3,
      "modelos": "configuracion",
      "eliminar": false,
      "operar": true
   }
},
{
   "pk": 17,
   "model": "inicio.rol",
   "fields": {
      "crear": true,
      "editar": true,
      "user": 4,
      "modelos": "almacenes",
      "eliminar": true,
      "operar": true
   }
},
{
   "pk": 18,
   "model": "inicio.rol",
   "fields": {
      "crear": true,
      "editar": true,
      "user": 4,
      "modelos": "clientes",
      "eliminar": true,
      "operar": true
   }
},
{
   "pk": 19,
   "model": "inicio.rol",
   "fields": {
      "crear": true,
      "editar": true,
      "user": 4,
      "modelos": "proveedores",
      "eliminar": true,
      "operar": true
   }
},
{
   "pk": 20,
   "model": "inicio.rol",
   "fields": {
      "crear": true,
      "editar": true,
      "user": 4,
      "modelos": "reportes",
      "eliminar": true,
      "operar": true
   }
},
{
   "pk": 21,
   "model": "inicio.rol",
   "fields": {
      "crear": true,
      "editar": true,
      "user": 4,
      "modelos": "compras",
      "eliminar": true,
      "operar": true
   }
},
{
   "pk": 22,
   "model": "inicio.rol",
   "fields": {
      "crear": true,
      "editar": true,
      "user": 4,
      "modelos": "usuarios",
      "eliminar": true,
      "operar": true
   }
},
{
   "pk": 23,
   "model": "inicio.rol",
   "fields": {
      "crear": true,
      "editar": true,
      "user": 4,
      "modelos": "bancarizacion",
      "eliminar": true,
      "operar": true
   }
},
{
   "pk": 24,
   "model": "inicio.rol",
   "fields": {
      "crear": true,
      "editar": true,
      "user": 4,
      "modelos": "configuracion",
      "eliminar": true,
      "operar": true
   }
},
{
   "pk": 25,
   "model": "inicio.rol",
   "fields": {
      "crear": true,
      "editar": true,
      "user": 5,
      "modelos": "almacenes",
      "eliminar": true,
      "operar": true
   }
},
{
   "pk": 26,
   "model": "inicio.rol",
   "fields": {
      "crear": true,
      "editar": true,
      "user": 5,
      "modelos": "clientes",
      "eliminar": true,
      "operar": true
   }
},
{
   "pk": 27,
   "model": "inicio.rol",
   "fields": {
      "crear": true,
      "editar": true,
      "user": 5,
      "modelos": "proveedores",
      "eliminar": true,
      "operar": true
   }
},
{
   "pk": 28,
   "model": "inicio.rol",
   "fields": {
      "crear": true,
      "editar": true,
      "user": 5,
      "modelos": "reportes",
      "eliminar": true,
      "operar": true
   }
},
{
   "pk": 29,
   "model": "inicio.rol",
   "fields": {
      "crear": true,
      "editar": true,
      "user": 5,
      "modelos": "compras",
      "eliminar": true,
      "operar": true
   }
},
{
   "pk": 30,
   "model": "inicio.rol",
   "fields": {
      "crear": true,
      "editar": true,
      "user": 5,
      "modelos": "usuarios",
      "eliminar": true,
      "operar": true
   }
},
{
   "pk": 31,
   "model": "inicio.rol",
   "fields": {
      "crear": true,
      "editar": true,
      "user": 5,
      "modelos": "bancarizacion",
      "eliminar": true,
      "operar": true
   }
},
{
   "pk": 32,
   "model": "inicio.rol",
   "fields": {
      "crear": true,
      "editar": true,
      "user": 5,
      "modelos": "configuracion",
      "eliminar": true,
      "operar": true
   }
},
{
   "pk": 33,
   "model": "inicio.rol",
   "fields": {
      "crear": true,
      "editar": true,
      "user": 5,
      "modelos": "facturacion",
      "eliminar": true,
      "operar": true
   }
},
{
   "pk": 79,
   "model": "inicio.rol",
   "fields": {
      "crear": true,
      "editar": true,
      "user": 11,
      "modelos": "almacenes",
      "eliminar": true,
      "operar": true
   }
},
{
   "pk": 80,
   "model": "inicio.rol",
   "fields": {
      "crear": true,
      "editar": true,
      "user": 11,
      "modelos": "clientes",
      "eliminar": true,
      "operar": true
   }
},
{
   "pk": 81,
   "model": "inicio.rol",
   "fields": {
      "crear": true,
      "editar": true,
      "user": 11,
      "modelos": "proveedores",
      "eliminar": true,
      "operar": true
   }
},
{
   "pk": 82,
   "model": "inicio.rol",
   "fields": {
      "crear": true,
      "editar": true,
      "user": 11,
      "modelos": "reportes",
      "eliminar": true,
      "operar": true
   }
},
{
   "pk": 83,
   "model": "inicio.rol",
   "fields": {
      "crear": true,
      "editar": true,
      "user": 11,
      "modelos": "compras",
      "eliminar": true,
      "operar": true
   }
},
{
   "pk": 84,
   "model": "inicio.rol",
   "fields": {
      "crear": true,
      "editar": true,
      "user": 11,
      "modelos": "usuarios",
      "eliminar": true,
      "operar": true
   }
},
{
   "pk": 85,
   "model": "inicio.rol",
   "fields": {
      "crear": true,
      "editar": true,
      "user": 11,
      "modelos": "bancarizacion",
      "eliminar": true,
      "operar": true
   }
},
{
   "pk": 86,
   "model": "inicio.rol",
   "fields": {
      "crear": true,
      "editar": true,
      "user": 11,
      "modelos": "configuracion",
      "eliminar": true,
      "operar": true
   }
},
{
   "pk": 87,
   "model": "inicio.rol",
   "fields": {
      "crear": true,
      "editar": true,
      "user": 11,
      "modelos": "facturacion",
      "eliminar": true,
      "operar": true
   }
},
{
   "pk": 1,
   "model": "admin.logentry",
   "fields": {
      "user": 1,
      "content_type": 19,
      "object_id": "1",
      "object_repr": "Empresa SRL",
      "action_time": "2016-03-03T21:28:45.767Z",
      "action_flag": 2,
      "change_message": "Modificado/a frases_subtitulo y frases_pie."
   }
}
]
