[{"fields": {"model": "logentry", "app_label": "admin"}, "model": "contenttypes.contenttype", "pk": 1}, {"fields": {"model": "permission", "app_label": "auth"}, "model": "contenttypes.contenttype", "pk": 2}, {"fields": {"model": "group", "app_label": "auth"}, "model": "contenttypes.contenttype", "pk": 3}, {"fields": {"model": "contenttype", "app_label": "contenttypes"}, "model": "contenttypes.contenttype", "pk": 4}, {"fields": {"model": "session", "app_label": "sessions"}, "model": "contenttypes.contenttype", "pk": 5}, {"fields": {"model": "user", "app_label": "users"}, "model": "contenttypes.contenttype", "pk": 6}, {"fields": {"model": "proveedor", "app_label": "proveedores"}, "model": "contenttypes.contenttype", "pk": 7}, {"fields": {"model": "item", "app_label": "producto"}, "model": "contenttypes.contenttype", "pk": 8}, {"fields": {"model": "cliente", "app_label": "cliente"}, "model": "contenttypes.contenttype", "pk": 9}, {"fields": {"model": "compra", "app_label": "compras"}, "model": "contenttypes.contenttype", "pk": 10}, {"fields": {"model": "detallecompra", "app_label": "compras"}, "model": "contenttypes.contenttype", "pk": 11}, {"fields": {"model": "venta", "app_label": "ventas"}, "model": "contenttypes.contenttype", "pk": 12}, {"fields": {"model": "detalleventa", "app_label": "ventas"}, "model": "contenttypes.contenttype", "pk": 13}, {"fields": {"model": "movimiento", "app_label": "ventas"}, "model": "contenttypes.contenttype", "pk": 14}, {"fields": {"model": "cobro", "app_label": "ventas"}, "model": "contenttypes.contenttype", "pk": 15}, {"fields": {"model": "rol", "app_label": "inicio"}, "model": "contenttypes.contenttype", "pk": 16}, {"fields": {"model": "personajuridica", "app_label": "users"}, "model": "contenttypes.contenttype", "pk": 17}, {"fields": {"model": "datosdosificacion", "app_label": "config"}, "model": "contenttypes.contenttype", "pk": 18}, {"fields": {"model": "formatofactura", "app_label": "config"}, "model": "contenttypes.contenttype", "pk": 19}, {"fields": {"expire_date": "2016-02-27T20:05:06.531Z", "session_data": "ODUwZGE0NTVjMmMwNGYxMWM5MzRhNGFlNzliODA0OTM0YzZlZDE4ZTp7Il9hdXRoX3VzZXJfaGFzaCI6IjA0NzVjMGViNmM2MThjNWVhYmUyMTZlZTFhY2JkN2Q4YmEwZTBlYWQiLCJfYXV0aF91c2VyX2JhY2tlbmQiOiJkamFuZ28uY29udHJpYi5hdXRoLmJhY2tlbmRzLk1vZGVsQmFja2VuZCIsIl9hdXRoX3VzZXJfaWQiOiIzMSJ9"}, "model": "sessions.session", "pk": "0zdbkaxzeey2n1wnhhe9ozx41x7ev4we"}, {"fields": {"expire_date": "2016-02-16T16:13:58.700Z", "session_data": "OTE3ZmNkMDcxNzY5MTBjOGQ0MDBhMWUzYTJjMWViNmRlNjZlNWYxMDp7Il9hdXRoX3VzZXJfaGFzaCI6ImJiZjQ1N2UzODE3MDVjMmJjNTgwZTYzYjM0NGU2ZTE4MmFhZmQ3MDMiLCJfYXV0aF91c2VyX2JhY2tlbmQiOiJkamFuZ28uY29udHJpYi5hdXRoLmJhY2tlbmRzLk1vZGVsQmFja2VuZCIsIl9hdXRoX3VzZXJfaWQiOiIzIn0="}, "model": "sessions.session", "pk": "3k56al7jecaxz8cbwsy3tfrbz471fr03"}, {"fields": {"expire_date": "2016-02-26T20:00:46.771Z", "session_data": "OTE3ZmNkMDcxNzY5MTBjOGQ0MDBhMWUzYTJjMWViNmRlNjZlNWYxMDp7Il9hdXRoX3VzZXJfaGFzaCI6ImJiZjQ1N2UzODE3MDVjMmJjNTgwZTYzYjM0NGU2ZTE4MmFhZmQ3MDMiLCJfYXV0aF91c2VyX2JhY2tlbmQiOiJkamFuZ28uY29udHJpYi5hdXRoLmJhY2tlbmRzLk1vZGVsQmFja2VuZCIsIl9hdXRoX3VzZXJfaWQiOiIzIn0="}, "model": "sessions.session", "pk": "8rai1ylypf5o10ixj9twr1ij9nh2ykjv"}, {"fields": {"expire_date": "2016-03-03T19:17:19.257Z", "session_data": "OTE3ZmNkMDcxNzY5MTBjOGQ0MDBhMWUzYTJjMWViNmRlNjZlNWYxMDp7Il9hdXRoX3VzZXJfaGFzaCI6ImJiZjQ1N2UzODE3MDVjMmJjNTgwZTYzYjM0NGU2ZTE4MmFhZmQ3MDMiLCJfYXV0aF91c2VyX2JhY2tlbmQiOiJkamFuZ28uY29udHJpYi5hdXRoLmJhY2tlbmRzLk1vZGVsQmFja2VuZCIsIl9hdXRoX3VzZXJfaWQiOiIzIn0="}, "model": "sessions.session", "pk": "dleoajqhwz620i5d9x326qcmhsmk2xf7"}, {"fields": {"expire_date": "2016-02-28T19:28:19.365Z", "session_data": "OTE3ZmNkMDcxNzY5MTBjOGQ0MDBhMWUzYTJjMWViNmRlNjZlNWYxMDp7Il9hdXRoX3VzZXJfaGFzaCI6ImJiZjQ1N2UzODE3MDVjMmJjNTgwZTYzYjM0NGU2ZTE4MmFhZmQ3MDMiLCJfYXV0aF91c2VyX2JhY2tlbmQiOiJkamFuZ28uY29udHJpYi5hdXRoLmJhY2tlbmRzLk1vZGVsQmFja2VuZCIsIl9hdXRoX3VzZXJfaWQiOiIzIn0="}, "model": "sessions.session", "pk": "gtjcz8nzv2ijdkeuec2nu1s2gpcu87zg"}, {"fields": {"expire_date": "2016-02-27T21:35:59.510Z", "session_data": "OTE3ZmNkMDcxNzY5MTBjOGQ0MDBhMWUzYTJjMWViNmRlNjZlNWYxMDp7Il9hdXRoX3VzZXJfaGFzaCI6ImJiZjQ1N2UzODE3MDVjMmJjNTgwZTYzYjM0NGU2ZTE4MmFhZmQ3MDMiLCJfYXV0aF91c2VyX2JhY2tlbmQiOiJkamFuZ28uY29udHJpYi5hdXRoLmJhY2tlbmRzLk1vZGVsQmFja2VuZCIsIl9hdXRoX3VzZXJfaWQiOiIzIn0="}, "model": "sessions.session", "pk": "lzkj8cpj595es1c12bodff2t3fjx65t0"}, {"fields": {"expire_date": "2016-03-02T14:32:36.222Z", "session_data": "NWQyYmVjYzA5Yjc0OGZmODQwMmQ3YzhhZWQ3ZTBkNzU3YzgxOWVjZTp7Il9hdXRoX3VzZXJfaGFzaCI6ImYwNGIxMTNlZTVmYTc4NDVkY2NkOTdmMTJlNGFlNzY5MTI0YzNiZTUiLCJfYXV0aF91c2VyX2JhY2tlbmQiOiJkamFuZ28uY29udHJpYi5hdXRoLmJhY2tlbmRzLk1vZGVsQmFja2VuZCIsIl9hdXRoX3VzZXJfaWQiOiI0MyJ9"}, "model": "sessions.session", "pk": "qnceftxfs7geiw8gqpwxmybqrswze7r5"}, {"fields": {"expire_date": "2016-03-07T19:21:34.988Z", "session_data": "NWQyYmVjYzA5Yjc0OGZmODQwMmQ3YzhhZWQ3ZTBkNzU3YzgxOWVjZTp7Il9hdXRoX3VzZXJfaGFzaCI6ImYwNGIxMTNlZTVmYTc4NDVkY2NkOTdmMTJlNGFlNzY5MTI0YzNiZTUiLCJfYXV0aF91c2VyX2JhY2tlbmQiOiJkamFuZ28uY29udHJpYi5hdXRoLmJhY2tlbmRzLk1vZGVsQmFja2VuZCIsIl9hdXRoX3VzZXJfaWQiOiI0MyJ9"}, "model": "sessions.session", "pk": "ru3il4ydbihoa6xxv0q6pxkka9qrlmmv"}, {"fields": {"expire_date": "2016-03-02T18:05:49.708Z", "session_data": "NWQyYmVjYzA5Yjc0OGZmODQwMmQ3YzhhZWQ3ZTBkNzU3YzgxOWVjZTp7Il9hdXRoX3VzZXJfaGFzaCI6ImYwNGIxMTNlZTVmYTc4NDVkY2NkOTdmMTJlNGFlNzY5MTI0YzNiZTUiLCJfYXV0aF91c2VyX2JhY2tlbmQiOiJkamFuZ28uY29udHJpYi5hdXRoLmJhY2tlbmRzLk1vZGVsQmFja2VuZCIsIl9hdXRoX3VzZXJfaWQiOiI0MyJ9"}, "model": "sessions.session", "pk": "safp8lnp0usrr6z46yrlrh4szmqar71f"}, {"fields": {"expire_date": "2016-03-08T22:30:00.124Z", "session_data": "OTE3ZmNkMDcxNzY5MTBjOGQ0MDBhMWUzYTJjMWViNmRlNjZlNWYxMDp7Il9hdXRoX3VzZXJfaGFzaCI6ImJiZjQ1N2UzODE3MDVjMmJjNTgwZTYzYjM0NGU2ZTE4MmFhZmQ3MDMiLCJfYXV0aF91c2VyX2JhY2tlbmQiOiJkamFuZ28uY29udHJpYi5hdXRoLmJhY2tlbmRzLk1vZGVsQmFja2VuZCIsIl9hdXRoX3VzZXJfaWQiOiIzIn0="}, "model": "sessions.session", "pk": "sryzei59yb2iq8mnnvhrevmr3yxsj691"}, {"fields": {"expire_date": "2016-02-25T21:23:35.470Z", "session_data": "ODUwZGE0NTVjMmMwNGYxMWM5MzRhNGFlNzliODA0OTM0YzZlZDE4ZTp7Il9hdXRoX3VzZXJfaGFzaCI6IjA0NzVjMGViNmM2MThjNWVhYmUyMTZlZTFhY2JkN2Q4YmEwZTBlYWQiLCJfYXV0aF91c2VyX2JhY2tlbmQiOiJkamFuZ28uY29udHJpYi5hdXRoLmJhY2tlbmRzLk1vZGVsQmFja2VuZCIsIl9hdXRoX3VzZXJfaWQiOiIzMSJ9"}, "model": "sessions.session", "pk": "ywgutd2pqaqb0a1rvszci6ru0rt808nv"}, {"fields": {"expire_date": "2016-03-09T14:50:24.568Z", "session_data": "NWQyYmVjYzA5Yjc0OGZmODQwMmQ3YzhhZWQ3ZTBkNzU3YzgxOWVjZTp7Il9hdXRoX3VzZXJfaGFzaCI6ImYwNGIxMTNlZTVmYTc4NDVkY2NkOTdmMTJlNGFlNzY5MTI0YzNiZTUiLCJfYXV0aF91c2VyX2JhY2tlbmQiOiJkamFuZ28uY29udHJpYi5hdXRoLmJhY2tlbmRzLk1vZGVsQmFja2VuZCIsIl9hdXRoX3VzZXJfaWQiOiI0MyJ9"}, "model": "sessions.session", "pk": "z6i7vkzya282qjrq0w9oyx9ve3s7rwss"}, {"fields": {"telefono3": 768, "telefono2": 4678, "municipios": "yiyuuy", "razon_social": "jjjjjjj", "departamento": "tuyi", "direccion": "ujjh", "telefono": 466, "nit": 5789989}, "model": "users.personajuridica", "pk": 2}, {"fields": {"telefono3": null, "telefono2": null, "municipios": "Arbieto", "razon_social": "qweqwe", "departamento": "Cochabamba", "direccion": "ewrwerw", "telefono": 47888, "nit": 2342342}, "model": "users.personajuridica", "pk": 4}, {"fields": {"telefono3": null, "telefono2": 12313131, "municipios": "Arani", "razon_social": "empresa1", "departamento": "Cochabamba", "direccion": "sacaba", "telefono": 2131231, "nit": 231312}, "model": "users.personajuridica", "pk": 5}, {"fields": {"telefono3": null, "telefono2": null, "municipios": "Arani", "razon_social": "local don arturito", "departamento": "Cochabamba", "direccion": "sacaba", "telefono": 435353, "nit": 4555}, "model": "users.personajuridica", "pk": 6}, {"fields": {"empresa": null, "contactos": "errerere", "telefono1": 45644446, "ubicacion_geo": "jhjhh", "telefono3": null, "telefono2": null, "razon_social": "pedro", "texto2": "jhjh", "direccion": "hkjhj", "texto1": "jhjhjhj", "rubro": "hjhjh", "fecha2": "2015-09-23", "fecha1": "2015-09-23", "codigo": "p1", "nit": "qwqww"}, "model": "proveedores.proveedor", "pk": 8}, {"fields": {"empresa": null, "contactos": "erer", "telefono1": 343434, "ubicacion_geo": "ererrrreer", "telefono3": null, "telefono2": null, "razon_social": "jose", "texto2": "ererer", "direccion": "wewe", "texto1": "uuuuuu", "rubro": "dfdhdh", "fecha2": "2015-09-23", "fecha1": "2015-09-23", "codigo": "p2", "nit": "uyyyuyuyy"}, "model": "proveedores.proveedor", "pk": 9}, {"fields": {"empresa": null, "contactos": "erererree", "telefono1": 343434, "ubicacion_geo": "erererre", "telefono3": null, "telefono2": null, "razon_social": "juan", "texto2": "ererer", "direccion": "wewe", "texto1": "ttttttt", "rubro": "hdhdh", "fecha2": "2015-09-23", "fecha1": "2015-09-23", "codigo": "p3", "nit": "ewewe"}, "model": "proveedores.proveedor", "pk": 10}, {"fields": {"empresa": null, "contactos": "ererere", "telefono1": 343434, "ubicacion_geo": "yyyyyy", "telefono3": null, "telefono2": null, "razon_social": "ramon", "texto2": "ererer", "direccion": "weewe", "texto1": "rterrere", "rubro": "dhdhd", "fecha2": "2015-09-23", "fecha1": "2015-09-23", "codigo": "p4", "nit": "wewew"}, "model": "proveedores.proveedor", "pk": 11}, {"fields": {"empresa": null, "contactos": "erereerer", "telefono1": 343434, "ubicacion_geo": "uuuuuuu", "telefono3": null, "telefono2": null, "razon_social": "nose", "texto2": "ererewew", "direccion": "wewe", "texto1": "ererreerr", "rubro": "dhdhdhdh", "fecha2": "2015-09-23", "fecha1": "2015-09-23", "codigo": "p5", "nit": "wewew"}, "model": "proveedores.proveedor", "pk": 12}, {"fields": {"empresa": null, "contactos": "ererere", "telefono1": 343434, "ubicacion_geo": "uuuuuuu", "telefono3": null, "telefono2": null, "razon_social": "nancy", "texto2": "qqqq", "direccion": "wewe", "texto1": "rerer", "rubro": "w", "fecha2": "2015-09-23", "fecha1": "2015-09-23", "codigo": "p6", "nit": "wewew"}, "model": "proveedores.proveedor", "pk": 13}, {"fields": {"empresa": null, "contactos": "ererr", "telefono1": 343434, "ubicacion_geo": "uuuuuuu", "telefono3": null, "telefono2": null, "razon_social": "anita", "texto2": "rtetete", "direccion": "rtrtrtrtrt", "texto1": "rerer", "rubro": "eeeeeeee", "fecha2": "2015-09-23", "fecha1": "2015-09-23", "codigo": "p7", "nit": "wewew"}, "model": "proveedores.proveedor", "pk": 14}, {"fields": {"empresa": 5, "contactos": "errerere", "telefono1": 45644446, "ubicacion_geo": "jhjhh", "telefono3": null, "telefono2": null, "razon_social": "pedro", "texto2": "jhjh", "direccion": "hkjhj", "texto1": "jhjhjhj", "rubro": "hjhjh", "fecha2": "2015-09-23", "fecha1": "2015-09-23", "codigo": "p12", "nit": "qwqww"}, "model": "proveedores.proveedor", "pk": 55}, {"fields": {"empresa": 5, "contactos": "erer", "telefono1": 343434, "ubicacion_geo": "ererrrreer", "telefono3": null, "telefono2": null, "razon_social": "jose", "texto2": "ererer", "direccion": "wewe", "texto1": "uuuuuu", "rubro": "dfdhdh", "fecha2": "2015-09-23", "fecha1": "2015-09-23", "codigo": "p22", "nit": "uyyyuyuyy"}, "model": "proveedores.proveedor", "pk": 56}, {"fields": {"empresa": 5, "contactos": "erererree", "telefono1": 343434, "ubicacion_geo": "erererre", "telefono3": null, "telefono2": null, "razon_social": "juan", "texto2": "ererer", "direccion": "wewe", "texto1": "ttttttt", "rubro": "hdhdh", "fecha2": "2015-09-23", "fecha1": "2015-09-23", "codigo": "p32", "nit": "ewewe"}, "model": "proveedores.proveedor", "pk": 57}, {"fields": {"empresa": 5, "contactos": "ererere", "telefono1": 343434, "ubicacion_geo": "yyyyyy", "telefono3": null, "telefono2": null, "razon_social": "ramon", "texto2": "ererer", "direccion": "weewe", "texto1": "rterrere", "rubro": "dhdhd", "fecha2": "2015-09-23", "fecha1": "2015-09-23", "codigo": "p42", "nit": "wewew"}, "model": "proveedores.proveedor", "pk": 58}, {"fields": {"empresa": 5, "contactos": "erereerer", "telefono1": 343434, "ubicacion_geo": "uuuuuuu", "telefono3": null, "telefono2": null, "razon_social": "nose", "texto2": "ererewew", "direccion": "wewe", "texto1": "ererreerr", "rubro": "dhdhdhdh", "fecha2": "2015-09-23", "fecha1": "2015-09-23", "codigo": "p52", "nit": "wewew"}, "model": "proveedores.proveedor", "pk": 59}, {"fields": {"empresa": 5, "contactos": "ererere", "telefono1": 343434, "ubicacion_geo": "uuuuuuu", "telefono3": null, "telefono2": null, "razon_social": "nancy", "texto2": "qqqq", "direccion": "wewe", "texto1": "rerer", "rubro": "w", "fecha2": "2015-09-23", "fecha1": "2015-09-23", "codigo": "p62", "nit": "wewew"}, "model": "proveedores.proveedor", "pk": 60}, {"fields": {"empresa": 5, "contactos": "ererr", "telefono1": 343434, "ubicacion_geo": "uuuuuuu", "telefono3": null, "telefono2": null, "razon_social": "anita", "texto2": "rtetete", "direccion": "rtrtrtrtrt", "texto1": "rerer", "rubro": "eeeeeeee", "fecha2": "2015-09-23", "fecha1": "2015-09-23", "codigo": "p72", "nit": "wewew"}, "model": "proveedores.proveedor", "pk": 61}, {"fields": {"empresa": 5, "contactos": "hgghhg", "telefono1": 676767, "ubicacion_geo": "hghg", "telefono3": 767, "telefono2": 7676, "razon_social": "jhjhjh", "texto2": null, "direccion": "hghg", "texto1": "hggh", "rubro": "hghg", "fecha2": "2016-02-14", "fecha1": "2016-02-14", "codigo": "p123", "nit": "676767"}, "model": "proveedores.proveedor", "pk": 95}, {"fields": {"empresa": 6, "contactos": "errerere", "telefono1": 45644446, "ubicacion_geo": "jhjhh", "telefono3": 234324234, "telefono2": 234324324, "razon_social": "pedro", "texto2": "jhjh", "direccion": "hkjhj", "texto1": "jhjhjhj", "rubro": "hjhjh", "fecha2": "2015-09-23", "fecha1": "2015-09-23", "codigo": "p12", "nit": "1231231233213"}, "model": "proveedores.proveedor", "pk": 96}, {"fields": {"empresa": 6, "contactos": "erer", "telefono1": 343434, "ubicacion_geo": "ererrrreer", "telefono3": null, "telefono2": null, "razon_social": "jose", "texto2": "ererer", "direccion": "wewe", "texto1": "uuuuuu", "rubro": "dfdhdh", "fecha2": "2015-09-23", "fecha1": "2015-09-23", "codigo": "p22", "nit": "uyyyuyuyy"}, "model": "proveedores.proveedor", "pk": 97}, {"fields": {"empresa": 6, "contactos": "erererree", "telefono1": 343434, "ubicacion_geo": "erererre", "telefono3": null, "telefono2": null, "razon_social": "juan", "texto2": "ererer", "direccion": "wewe", "texto1": "ttttttt", "rubro": "hdhdh", "fecha2": "2015-09-23", "fecha1": "2015-09-23", "codigo": "p32", "nit": "ewewe"}, "model": "proveedores.proveedor", "pk": 98}, {"fields": {"empresa": 6, "contactos": "ererere", "telefono1": 343434, "ubicacion_geo": "yyyyyy", "telefono3": null, "telefono2": null, "razon_social": "ramon", "texto2": "ererer", "direccion": "weewe", "texto1": "rterrere", "rubro": "dhdhd", "fecha2": "2015-09-23", "fecha1": "2015-09-23", "codigo": "p42", "nit": "wewew"}, "model": "proveedores.proveedor", "pk": 99}, {"fields": {"empresa": 6, "contactos": "erereerer", "telefono1": 343434, "ubicacion_geo": "uuuuuuu", "telefono3": null, "telefono2": null, "razon_social": "nose", "texto2": "ererewew", "direccion": "wewe", "texto1": "ererreerr", "rubro": "dhdhdhdh", "fecha2": "2015-09-23", "fecha1": "2015-09-23", "codigo": "p52", "nit": "wewew"}, "model": "proveedores.proveedor", "pk": 100}, {"fields": {"empresa": 6, "contactos": "ererere", "telefono1": 343434, "ubicacion_geo": "uuuuuuu", "telefono3": null, "telefono2": null, "razon_social": "nancy", "texto2": "qqqq", "direccion": "wewe", "texto1": "rerer", "rubro": "w", "fecha2": "2015-09-23", "fecha1": "2015-09-23", "codigo": "p62", "nit": "wewew"}, "model": "proveedores.proveedor", "pk": 101}, {"fields": {"empresa": 6, "contactos": "ererr", "telefono1": 343434, "ubicacion_geo": "uuuuuuu", "telefono3": null, "telefono2": null, "razon_social": "anita", "texto2": "rtetete", "direccion": "rtrtrtrtrt", "texto1": "rerer", "rubro": "eeeeeeee", "fecha2": "2015-09-23", "fecha1": "2015-09-23", "codigo": "p72", "nit": "wewew"}, "model": "proveedores.proveedor", "pk": 102}, {"fields": {"empresa": null, "proveedor": 10, "cantidad": 0, "almacen": 1, "saldo_min": 5, "precio_unitario": "5.50", "unidad_medida": "qqq", "carac_especial_2": "qqq", "subgrupo": "sss", "codigo_item": "P2-44", "carac_especial_1": "aaa", "descripcion": "productopppppp", "costo_unitario": "34.00", "grupo": "g1", "fecha_transaccion": "2016-02-13", "codigo_fabrica": "aa", "imagen": "ggg"}, "model": "producto.item", "pk": 6}, {"fields": {"empresa": 5, "proveedor": 55, "cantidad": 45, "almacen": 1, "saldo_min": 16, "precio_unitario": "2500.00", "unidad_medida": "uyuy", "carac_especial_2": "hhh", "subgrupo": "1", "codigo_item": "p1", "carac_especial_1": "1", "descripcion": "hhhhh", "costo_unitario": "3.00", "grupo": "hhh", "fecha_transaccion": "2016-02-16", "codigo_fabrica": "hh", "imagen": ""}, "model": "producto.item", "pk": 12}, {"fields": {"empresa": 5, "proveedor": 56, "cantidad": 44, "almacen": 4, "saldo_min": 777, "precio_unitario": "77.00", "unidad_medida": "jkj", "carac_especial_2": "jhk", "subgrupo": "jhgjh", "codigo_item": "p133", "carac_especial_1": "jhgjhg", "descripcion": "hkjh", "costo_unitario": "323.00", "grupo": "kjhjkh", "fecha_transaccion": null, "codigo_fabrica": "uhj", "imagen": ""}, "model": "producto.item", "pk": 16}, {"fields": {"empresa": 5, "proveedor": 56, "cantidad": 44, "almacen": 4, "saldo_min": 777, "precio_unitario": "77.00", "unidad_medida": "jkj", "carac_especial_2": "jhk", "subgrupo": "jhgjh", "codigo_item": "p1331", "carac_especial_1": "jhgjhg", "descripcion": "hkjh", "costo_unitario": "323.00", "grupo": "kjhjkh", "fecha_transaccion": null, "codigo_fabrica": "uhj", "imagen": ""}, "model": "producto.item", "pk": 18}, {"fields": {"empresa": 5, "proveedor": 55, "cantidad": 8787, "almacen": 7, "saldo_min": 76, "precio_unitario": "78.00", "unidad_medida": "hkjkh", "carac_especial_2": "hjgj", "subgrupo": "jhjkh", "codigo_item": "hkjhj", "carac_especial_1": "kjhj", "descripcion": "gjgjh", "costo_unitario": "32.00", "grupo": "7", "fecha_transaccion": null, "codigo_fabrica": "hjhgh", "imagen": ""}, "model": "producto.item", "pk": 19}, {"fields": {"empresa": 6, "proveedor": 8, "cantidad": -1, "almacen": 1, "saldo_min": 4, "precio_unitario": "2500.00", "unidad_medida": "qqq", "carac_especial_2": "qqq", "subgrupo": "aaaa", "codigo_item": "P1-33", "carac_especial_1": "aaa", "descripcion": "producto2", "costo_unitario": "-34.00", "grupo": "g1", "fecha_transaccion": "2016-02-24", "codigo_fabrica": "qq", "imagen": "hhhhh"}, "model": "producto.item", "pk": 20}, {"fields": {"empresa": 6, "proveedor": 10, "cantidad": 143110, "almacen": 1, "saldo_min": 5, "precio_unitario": "89.00", "unidad_medida": "qqq", "carac_especial_2": "qqq", "subgrupo": "sss", "codigo_item": "P2-44", "carac_especial_1": "aaa", "descripcion": "producto3", "costo_unitario": "34.00", "grupo": "g1", "fecha_transaccion": "2016-02-25", "codigo_fabrica": "aa", "imagen": "ggg"}, "model": "producto.item", "pk": 21}, {"fields": {"categoria": "gfgf", "empresa": null, "contacto": "gfgfgf", "textos2": "ngghgh", "fecha": "2016-02-13", "textos": "hghghh", "direccion": "hghgh", "razonsocial": "jhhhjhjh", "rubro": "gfgfg", "telefonos3": "47477432", "telefonos2": "74747432", "telefonos1": "46757332", "fecha2": "2016-02-13", "ubucaciongeo": "fgfhf", "codigo": "uyweiri", "nit": 5788999}, "model": "cliente.cliente", "pk": 1}, {"fields": {"categoria": "asds", "empresa": 6, "contacto": "363.0", "textos2": "dfghf", "fecha": "2016-02-10", "textos": "fgdghd", "direccion": "nose", "razonsocial": "joder", "rubro": "jaskd", "telefonos3": "345.0", "telefonos2": "3453.0", "telefonos1": "43454.0", "fecha2": "2016-02-10", "ubucaciongeo": "asdfs", "codigo": "6556.0", "nit": 34}, "model": "cliente.cliente", "pk": 31}, {"fields": {"categoria": "asds", "empresa": 6, "contacto": "363.0", "textos2": "dfghf", "fecha": "2016-02-10", "textos": "fgdghd", "direccion": "nose", "razonsocial": "joder", "rubro": "jaskd", "telefonos3": "345.0", "telefonos2": "3453.0", "telefonos1": "43454.0", "fecha2": "2016-02-10", "ubucaciongeo": "asdfs", "codigo": "6556.0", "nit": 34}, "model": "cliente.cliente", "pk": 32}, {"fields": {"categoria": "asds", "empresa": 6, "contacto": "363.0", "textos2": "dfghf", "fecha": "2016-02-10", "textos": "fgdghd", "direccion": "nose", "razonsocial": "zorro", "rubro": "jaskd", "telefonos3": "345.0", "telefonos2": "3453.0", "telefonos1": "43454.0", "fecha2": "2016-02-10", "ubucaciongeo": "asdfs", "codigo": "6556.0", "nit": 34}, "model": "cliente.cliente", "pk": 33}, {"fields": {"categoria": "asds", "empresa": 6, "contacto": "363.0", "textos2": "dfghf", "fecha": "2016-02-10", "textos": "fgdghd", "direccion": "nose", "razonsocial": "joder", "rubro": "jaskd", "telefonos3": "345.0", "telefonos2": "3453.0", "telefonos1": "43454.0", "fecha2": "2016-02-10", "ubucaciongeo": "asdfs", "codigo": "6556.0", "nit": 34}, "model": "cliente.cliente", "pk": 34}, {"fields": {"categoria": "asds", "empresa": 6, "contacto": "363.0", "textos2": "dfghf", "fecha": "2016-02-10", "textos": "fgdghd", "direccion": "nose", "razonsocial": "joder", "rubro": "jaskd", "telefonos3": "345.0", "telefonos2": "3453.0", "telefonos1": "43454.0", "fecha2": "2016-02-10", "ubucaciongeo": "asdfs", "codigo": "6556.0", "nit": 34}, "model": "cliente.cliente", "pk": 35}, {"fields": {"categoria": "asds", "empresa": 6, "contacto": "363.0", "textos2": "dfghf", "fecha": "2016-02-10", "textos": "fgdghd", "direccion": "nose", "razonsocial": "joder", "rubro": "jaskd", "telefonos3": "345.0", "telefonos2": "3453.0", "telefonos1": "43454.0", "fecha2": "2016-02-10", "ubucaciongeo": "asdfs", "codigo": "6556.0", "nit": 34}, "model": "cliente.cliente", "pk": 36}, {"fields": {"categoria": "asds", "empresa": 6, "contacto": "363.0", "textos2": "dfghf", "fecha": "2016-02-10", "textos": "fgdghd", "direccion": "nose", "razonsocial": "joder", "rubro": "jaskd", "telefonos3": "345.0", "telefonos2": "3453.0", "telefonos1": "43454.0", "fecha2": "2016-02-10", "ubucaciongeo": "asdfs", "codigo": "6556.0", "nit": 34}, "model": "cliente.cliente", "pk": 37}, {"fields": {"categoria": "asds", "empresa": 6, "contacto": "363.0", "textos2": "dfghf", "fecha": "2016-02-10", "textos": "fgdghd", "direccion": "nose", "razonsocial": "joder", "rubro": "jaskd", "telefonos3": "345.0", "telefonos2": "3453.0", "telefonos1": "43454.0", "fecha2": "2016-02-10", "ubucaciongeo": "asdfs", "codigo": "6556.0", "nit": 34}, "model": "cliente.cliente", "pk": 38}, {"fields": {"categoria": "asds", "empresa": 6, "contacto": "363.0", "textos2": "dfghf", "fecha": "2016-02-10", "textos": "fgdghd", "direccion": "nose", "razonsocial": "joder", "rubro": "jaskd", "telefonos3": "345.0", "telefonos2": "3453.0", "telefonos1": "43454.0", "fecha2": "2016-02-10", "ubucaciongeo": "asdfs", "codigo": "6556.0", "nit": 34}, "model": "cliente.cliente", "pk": 39}, {"fields": {"categoria": "asds", "empresa": 6, "contacto": "363.0", "textos2": "dfghf", "fecha": "2016-02-10", "textos": "fgdghd", "direccion": "nose", "razonsocial": "joder", "rubro": "jaskd", "telefonos3": "345.0", "telefonos2": "3453.0", "telefonos1": "43454.0", "fecha2": "2016-02-10", "ubucaciongeo": "asdfs", "codigo": "6556.0", "nit": 34}, "model": "cliente.cliente", "pk": 40}, {"fields": {"categoria": "asds", "empresa": 6, "contacto": "363.0", "textos2": "dfghf", "fecha": "2016-02-10", "textos": "fgdghd", "direccion": "nose", "razonsocial": "joder", "rubro": "jaskd", "telefonos3": "345.0", "telefonos2": "3453.0", "telefonos1": "43454.0", "fecha2": "2016-02-10", "ubucaciongeo": "asdfs", "codigo": "6556.0", "nit": 34}, "model": "cliente.cliente", "pk": 41}, {"fields": {"categoria": "asds", "empresa": 6, "contacto": "363.0", "textos2": "dfghf", "fecha": "2016-02-10", "textos": "fgdghd", "direccion": "nose", "razonsocial": "joder", "rubro": "jaskd", "telefonos3": "345.0", "telefonos2": "3453.0", "telefonos1": "43454.0", "fecha2": "2016-02-10", "ubucaciongeo": "asdfs", "codigo": "6556.0", "nit": 34}, "model": "cliente.cliente", "pk": 42}, {"fields": {"categoria": "asds", "empresa": 6, "contacto": "363.0", "textos2": "dfghf", "fecha": "2016-02-10", "textos": "fgdghd", "direccion": "nose", "razonsocial": "joder", "rubro": "jaskd", "telefonos3": "345.0", "telefonos2": "3453.0", "telefonos1": "43454.0", "fecha2": "2016-02-10", "ubucaciongeo": "asdfs", "codigo": "6556.0", "nit": 34}, "model": "cliente.cliente", "pk": 43}, {"fields": {"categoria": "asds", "empresa": 6, "contacto": "363.0", "textos2": "dfghf", "fecha": "2016-02-10", "textos": "fgdghd", "direccion": "nose", "razonsocial": "joder", "rubro": "jaskd", "telefonos3": "345.0", "telefonos2": "3453.0", "telefonos1": "43454.0", "fecha2": "2016-02-10", "ubucaciongeo": "asdfs", "codigo": "6556.0", "nit": 34}, "model": "cliente.cliente", "pk": 44}, {"fields": {"categoria": "asds", "empresa": 6, "contacto": "363.0", "textos2": "dfghf", "fecha": "2016-02-10", "textos": "fgdghd", "direccion": "nose", "razonsocial": "beto", "rubro": "jaskd", "telefonos3": "345.0", "telefonos2": "3453.0", "telefonos1": "43454.0", "fecha2": "2016-02-10", "ubucaciongeo": "asdfs", "codigo": "6556.0", "nit": 34}, "model": "cliente.cliente", "pk": 45}, {"fields": {"categoria": "asds", "empresa": 6, "contacto": "363.0", "textos2": "dfghf", "fecha": "2016-02-10", "textos": "fgdghd", "direccion": "nose", "razonsocial": "joder", "rubro": "jaskd", "telefonos3": "345.0", "telefonos2": "3453.0", "telefonos1": "43454.0", "fecha2": "2016-02-10", "ubucaciongeo": "asdfs", "codigo": "6556.0", "nit": 34}, "model": "cliente.cliente", "pk": 46}, {"fields": {"categoria": "asds", "empresa": 6, "contacto": "363.0", "textos2": "dfghf", "fecha": "2016-02-10", "textos": "fgdghd", "direccion": "nose", "razonsocial": "joder", "rubro": "jaskd", "telefonos3": "345.0", "telefonos2": "3453.0", "telefonos1": "43454.0", "fecha2": "2016-02-10", "ubucaciongeo": "asdfs", "codigo": "6556.0", "nit": 34}, "model": "cliente.cliente", "pk": 47}, {"fields": {"categoria": "asds", "empresa": 6, "contacto": "363.0", "textos2": "dfghf", "fecha": "2016-02-10", "textos": "fgdghd", "direccion": "nose", "razonsocial": "joder", "rubro": "jaskd", "telefonos3": "345.0", "telefonos2": "3453.0", "telefonos1": "43454.0", "fecha2": "2016-02-10", "ubucaciongeo": "asdfs", "codigo": "6556.0", "nit": 34}, "model": "cliente.cliente", "pk": 48}, {"fields": {"categoria": "asds", "empresa": 6, "contacto": "363.0", "textos2": "dfghf", "fecha": "2016-02-10", "textos": "fgdghd", "direccion": "nose", "razonsocial": "joder", "rubro": "jaskd", "telefonos3": "345.0", "telefonos2": "3453.0", "telefonos1": "43454.0", "fecha2": "2016-02-10", "ubucaciongeo": "asdfs", "codigo": "6556.0", "nit": 34}, "model": "cliente.cliente", "pk": 49}, {"fields": {"categoria": "asds", "empresa": 6, "contacto": "363.0", "textos2": "dfghf", "fecha": "2016-02-10", "textos": "fgdghd", "direccion": "nose", "razonsocial": "joder", "rubro": "jaskd", "telefonos3": "345.0", "telefonos2": "3453.0", "telefonos1": "43454.0", "fecha2": "2016-02-10", "ubucaciongeo": "asdfs", "codigo": "6556.0", "nit": 34}, "model": "cliente.cliente", "pk": 50}, {"fields": {"categoria": "asds", "empresa": 6, "contacto": "363.0", "textos2": "dfghf", "fecha": "2016-02-10", "textos": "fgdghd", "direccion": "nose", "razonsocial": "joder", "rubro": "jaskd", "telefonos3": "345.0", "telefonos2": "3453.0", "telefonos1": "43454.0", "fecha2": "2016-02-10", "ubucaciongeo": "asdfs", "codigo": "6556.0", "nit": 34}, "model": "cliente.cliente", "pk": 51}, {"fields": {"categoria": "asds", "empresa": 6, "contacto": "363.0", "textos2": "dfghf", "fecha": "2016-02-10", "textos": "fgdghd", "direccion": "nose", "razonsocial": "joder", "rubro": "jaskd", "telefonos3": "345.0", "telefonos2": "3453.0", "telefonos1": "43454.0", "fecha2": "2016-02-10", "ubucaciongeo": "asdfs", "codigo": "6556.0", "nit": 34}, "model": "cliente.cliente", "pk": 52}, {"fields": {"categoria": "asds", "empresa": 6, "contacto": "363.0", "textos2": "dfghf", "fecha": "2016-02-10", "textos": "fgdghd", "direccion": "nose", "razonsocial": "joder", "rubro": "jaskd", "telefonos3": "345.0", "telefonos2": "3453.0", "telefonos1": "43454.0", "fecha2": "2016-02-10", "ubucaciongeo": "asdfs", "codigo": "6556.0", "nit": 34}, "model": "cliente.cliente", "pk": 53}, {"fields": {"categoria": "asds", "empresa": 6, "contacto": "363.0", "textos2": "dfghf", "fecha": "2016-02-10", "textos": "fgdghd", "direccion": "nose", "razonsocial": "joder", "rubro": "jaskd", "telefonos3": "345.0", "telefonos2": "3453.0", "telefonos1": "43454.0", "fecha2": "2016-02-10", "ubucaciongeo": "asdfs", "codigo": "6556.0", "nit": 34}, "model": "cliente.cliente", "pk": 54}, {"fields": {"categoria": "asds", "empresa": 6, "contacto": "363.0", "textos2": "dfghf", "fecha": "2016-02-10", "textos": "fgdghd", "direccion": "nose", "razonsocial": "joder", "rubro": "jaskd", "telefonos3": "345.0", "telefonos2": "3453.0", "telefonos1": "43454.0", "fecha2": "2016-02-10", "ubucaciongeo": "asdfs", "codigo": "6556.0", "nit": 34}, "model": "cliente.cliente", "pk": 55}, {"fields": {"categoria": "asds", "empresa": 6, "contacto": "363.0", "textos2": "dfghf", "fecha": "2016-02-10", "textos": "fgdghd", "direccion": "nose", "razonsocial": "joder", "rubro": "jaskd", "telefonos3": "345.0", "telefonos2": "3453.0", "telefonos1": "43454.0", "fecha2": "2016-02-10", "ubucaciongeo": "asdfs", "codigo": "6556.0", "nit": 34}, "model": "cliente.cliente", "pk": 56}, {"fields": {"categoria": "asds", "empresa": 6, "contacto": "363.0", "textos2": "dfghf", "fecha": "2016-02-10", "textos": "fgdghd", "direccion": "nose", "razonsocial": "joder", "rubro": "jaskd", "telefonos3": "345.0", "telefonos2": "3453.0", "telefonos1": "43454.0", "fecha2": "2016-02-10", "ubucaciongeo": "asdfs", "codigo": "6556.0", "nit": 34}, "model": "cliente.cliente", "pk": 57}, {"fields": {"categoria": "asds", "empresa": 6, "contacto": "363.0", "textos2": "dfghf", "fecha": "2016-02-10", "textos": "fgdghd", "direccion": "nose", "razonsocial": "ARIEL", "rubro": "jaskd", "telefonos3": "345.0", "telefonos2": "3453.0", "telefonos1": "43454.0", "fecha2": "2016-02-10", "ubucaciongeo": "asdfs", "codigo": "6556.0", "nit": 34}, "model": "cliente.cliente", "pk": 58}, {"fields": {"categoria": "werwr", "empresa": 6, "contacto": "werewrwerw", "textos2": "dsfsd", "fecha": "2016-02-24", "textos": "dsfds", "direccion": "ewrewrewr", "razonsocial": "pepito", "rubro": "werwer", "telefonos3": "", "telefonos2": "32432434", "telefonos1": "32432432", "fecha2": "2016-02-24", "ubucaciongeo": "rweewr", "codigo": "fdgdfgd", "nit": 32432423}, "model": "cliente.cliente", "pk": 59}, {"fields": {"empresa": null, "cod_control": "mnbnbn", "cantidad_dias": 0, "recargo": "0.00", "descuento": "0.00", "razon_social": "jhjgjgjg", "excentos": "0.00", "ice": "0.00", "tipo_descuento": "Bs", "tipo_compra": "contado", "nro_factura": 4446646, "tipo_recargo": "Bs", "total": "89.00", "nro_autorizacion": "4647576757575", "fecha": "2016-02-02", "nit": 6466464}, "model": "compras.compra", "pk": 1}, {"fields": {"empresa": 6, "cod_control": "4355353", "cantidad_dias": 0, "recargo": "0.00", "descuento": "0.00", "razon_social": "wwwrwrwrwrwr", "excentos": "0.00", "ice": "0.00", "tipo_descuento": "Bs", "tipo_compra": "contado", "nro_factura": 3535, "tipo_recargo": "Bs", "total": "89.00", "nro_autorizacion": "3553535535", "fecha": "2016-02-22", "nit": 2424}, "model": "compras.compra", "pk": 3}, {"fields": {"empresa": 6, "cod_control": "fhrtyryry", "cantidad_dias": 0, "recargo": "0.00", "descuento": "0.00", "razon_social": "yryryr", "excentos": "0.00", "ice": "0.00", "tipo_descuento": "Bs", "tipo_compra": "contado", "nro_factura": 6464466, "tipo_recargo": "Bs", "total": "2500.00", "nro_autorizacion": "46464646464646", "fecha": "2016-02-22", "nit": 3353}, "model": "compras.compra", "pk": 4}, {"fields": {"empresa": 6, "cod_control": "dsdsfdsfsdfsd", "cantidad_dias": 0, "recargo": "0.00", "descuento": "0.00", "razon_social": "werwerwerwer", "excentos": "0.00", "ice": "0.00", "tipo_descuento": "Bs", "tipo_compra": "contado", "nro_factura": 234234234, "tipo_recargo": "Bs", "total": "89.00", "nro_autorizacion": "3334353444334", "fecha": "2016-02-22", "nit": 4445345345353535353}, "model": "compras.compra", "pk": 5}, {"fields": {"empresa": 6, "cod_control": "ewrerterterte", "cantidad_dias": 0, "recargo": "0.00", "descuento": "0.00", "razon_social": "werwerw", "excentos": "0.00", "ice": "0.00", "tipo_descuento": "Bs", "tipo_compra": "contado", "nro_factura": 234234, "tipo_recargo": "Bs", "total": "890000.00", "nro_autorizacion": "23423423234", "fecha": "2016-02-22", "nit": 23423432}, "model": "compras.compra", "pk": 6}, {"fields": {"empresa": 6, "cod_control": "ewrerterterte", "cantidad_dias": 0, "recargo": "0.00", "descuento": "0.00", "razon_social": "werwerw", "excentos": "0.00", "ice": "0.00", "tipo_descuento": "Bs", "tipo_compra": "contado", "nro_factura": 234234, "tipo_recargo": "Bs", "total": "890000.00", "nro_autorizacion": "23423423234", "fecha": "2016-02-22", "nit": 23423432}, "model": "compras.compra", "pk": 7}, {"fields": {"empresa": 6, "cod_control": "hhfgfg", "cantidad_dias": 0, "recargo": "0.00", "descuento": "0.00", "razon_social": "hjhjhj", "excentos": "0.00", "ice": "0.00", "tipo_descuento": "Bs", "tipo_compra": "contado", "nro_factura": 7889, "tipo_recargo": "Bs", "total": "890000.00", "nro_autorizacion": "667668869996", "fecha": "2016-02-22", "nit": 68787}, "model": "compras.compra", "pk": 8}, {"fields": {"empresa": 6, "cod_control": "hjgjhgjgjj", "cantidad_dias": 0, "recargo": "0.00", "descuento": "0.00", "razon_social": "ghghghg", "excentos": "0.00", "ice": "0.00", "tipo_descuento": "Bs", "tipo_compra": "contado", "nro_factura": 78899, "tipo_recargo": "Bs", "total": "89000.00", "nro_autorizacion": "87878767768", "fecha": "2016-02-22", "nit": 8889}, "model": "compras.compra", "pk": 9}, {"fields": {"empresa": 6, "cod_control": "hfgfgffg", "cantidad_dias": 0, "recargo": "0.00", "descuento": "0.00", "razon_social": "ghhghg", "excentos": "0.00", "ice": "0.00", "tipo_descuento": "Bs", "tipo_compra": "contado", "nro_factura": 7686899, "tipo_recargo": "Bs", "total": "89.00", "nro_autorizacion": "6768685675656", "fecha": "2016-02-22", "nit": 7899}, "model": "compras.compra", "pk": 10}, {"fields": {"empresa": 6, "cod_control": "hghghgg", "cantidad_dias": 0, "recargo": "0.00", "descuento": "0.00", "razon_social": "hgghgh", "excentos": "0.00", "ice": "0.00", "tipo_descuento": "Bs", "tipo_compra": "contado", "nro_factura": 688668, "tipo_recargo": "Bs", "total": "25000000.00", "nro_autorizacion": "67677677667", "fecha": "2016-02-22", "nit": 787878}, "model": "compras.compra", "pk": 11}, {"fields": {"empresa": 6, "cod_control": "hghghg", "cantidad_dias": 0, "recargo": "0.00", "descuento": "0.00", "razon_social": "hghghg", "excentos": "0.00", "ice": "0.00", "tipo_descuento": "Bs", "tipo_compra": "contado", "nro_factura": 57686, "tipo_recargo": "Bs", "total": "8900000.00", "nro_autorizacion": "6896546686868", "fecha": "2016-02-22", "nit": 6878}, "model": "compras.compra", "pk": 12}, {"fields": {"empresa": 6, "cod_control": "utyhhffhfh", "cantidad_dias": 0, "recargo": "0.00", "descuento": "0.00", "razon_social": "jhjhj", "excentos": "0.00", "ice": "0.00", "tipo_descuento": "Bs", "tipo_compra": "contado", "nro_factura": 556757, "tipo_recargo": "Bs", "total": "2500000.00", "nro_autorizacion": "6868686565954", "fecha": "2016-02-22", "nit": 5646}, "model": "compras.compra", "pk": 13}, {"fields": {"empresa": 6, "cod_control": "ythghgggh", "cantidad_dias": 0, "recargo": "0.00", "descuento": "0.00", "razon_social": "hjjhjhjh", "excentos": "0.00", "ice": "0.00", "tipo_descuento": "Bs", "tipo_compra": "contado", "nro_factura": 68668, "tipo_recargo": "Bs", "total": "89000.00", "nro_autorizacion": "7667676767676", "fecha": "2016-02-22", "nit": 21312313}, "model": "compras.compra", "pk": 14}, {"fields": {"empresa": 6, "cod_control": "fdgdg", "cantidad_dias": 0, "recargo": "0.00", "descuento": "0.00", "razon_social": "rwerwrwr", "excentos": "0.00", "ice": "0.00", "tipo_descuento": "Bs", "tipo_compra": "contado", "nro_factura": 334, "tipo_recargo": "Bs", "total": "2500.00", "nro_autorizacion": "345345345345435", "fecha": "2016-02-22", "nit": 32424}, "model": "compras.compra", "pk": 15}, {"fields": {"empresa": 6, "cod_control": "gdgdfg", "cantidad_dias": 0, "recargo": "0.00", "descuento": "0.00", "razon_social": "rewrw", "excentos": "0.00", "ice": "0.00", "tipo_descuento": "Bs", "tipo_compra": "contado", "nro_factura": 232, "tipo_recargo": "Bs", "total": "8900.00", "nro_autorizacion": "42334234324324", "fecha": "2016-02-22", "nit": 3242424}, "model": "compras.compra", "pk": 16}, {"fields": {"empresa": 6, "cod_control": "ttdgdgdgdg", "cantidad_dias": 0, "recargo": "0.00", "descuento": "0.00", "razon_social": "erttet", "excentos": "0.00", "ice": "0.00", "tipo_descuento": "Bs", "tipo_compra": "contado", "nro_factura": 345, "tipo_recargo": "Bs", "total": "89000.00", "nro_autorizacion": "3453478584745", "fecha": "2016-02-22", "nit": 3555}, "model": "compras.compra", "pk": 17}, {"fields": {"empresa": 6, "cod_control": "jhjhj", "cantidad_dias": 0, "recargo": "0.00", "descuento": "0.00", "razon_social": "nghghgh", "excentos": "0.00", "ice": "0.00", "tipo_descuento": "Bs", "tipo_compra": "contado", "nro_factura": 647, "tipo_recargo": "Bs", "total": "89000.00", "nro_autorizacion": "6474848484", "fecha": "2016-02-22", "nit": 646464}, "model": "compras.compra", "pk": 18}, {"fields": {"empresa": 6, "cod_control": "hghggh", "cantidad_dias": 0, "recargo": "0.00", "descuento": "0.00", "razon_social": "jgghhgg", "excentos": "0.00", "ice": "0.00", "tipo_descuento": "Bs", "tipo_compra": "contado", "nro_factura": 565, "tipo_recargo": "Bs", "total": "890000.00", "nro_autorizacion": "55757575777", "fecha": "2016-02-22", "nit": 748484}, "model": "compras.compra", "pk": 19}, {"fields": {"centro_costos": "A", "scf": "89.00", "recargo": "0.00", "cantidad": 1, "descuento": "0.00", "producto": 21, "excentos": "0.00", "ice": "0.00", "tipo_descuento": "Bs", "precio_unitario": "89.00", "compra": 3, "tipo_recargo": "Bs", "codigo": "P2-44", "subtotal": "89.00", "detalle": "producto3", "unidad": "qqq"}, "model": "compras.detallecompra", "pk": 3}, {"fields": {"centro_costos": "A", "scf": "2500.00", "recargo": "0.00", "cantidad": 1, "descuento": "0.00", "producto": 20, "excentos": "0.00", "ice": "0.00", "tipo_descuento": "Bs", "precio_unitario": "2500.00", "compra": 4, "tipo_recargo": "Bs", "codigo": "P1-33", "subtotal": "2500.00", "detalle": "producto2", "unidad": "qqq"}, "model": "compras.detallecompra", "pk": 4}, {"fields": {"centro_costos": "A", "scf": "89.00", "recargo": "0.00", "cantidad": 1, "descuento": "0.00", "producto": 21, "excentos": "0.00", "ice": "0.00", "tipo_descuento": "Bs", "precio_unitario": "89.00", "compra": 5, "tipo_recargo": "Bs", "codigo": "P2-44", "subtotal": "89.00", "detalle": "producto3", "unidad": "qqq"}, "model": "compras.detallecompra", "pk": 5}, {"fields": {"centro_costos": "A", "scf": "89.00", "recargo": "0.00", "cantidad": 1, "descuento": "0.00", "producto": 21, "excentos": "0.00", "ice": "0.00", "tipo_descuento": "Bs", "precio_unitario": "89.00", "compra": 10, "tipo_recargo": "Bs", "codigo": "P2-44", "subtotal": "89.00", "detalle": "producto3", "unidad": "qqq"}, "model": "compras.detallecompra", "pk": 6}, {"fields": {"centro_costos": "A", "scf": "2500.00", "recargo": "0.00", "cantidad": 1, "descuento": "0.00", "producto": 20, "excentos": "0.00", "ice": "0.00", "tipo_descuento": "Bs", "precio_unitario": "2500.00", "compra": 15, "tipo_recargo": "Bs", "codigo": "P1-33", "subtotal": "2500.00", "detalle": "producto2", "unidad": "qqq"}, "model": "compras.detallecompra", "pk": 7}, {"fields": {"centro_costos": "A", "scf": "8900.00", "recargo": "0.00", "cantidad": 100, "descuento": "0.00", "producto": 21, "excentos": "0.00", "ice": "0.00", "tipo_descuento": "Bs", "precio_unitario": "89.00", "compra": 16, "tipo_recargo": "Bs", "codigo": "P2-44", "subtotal": "8900.00", "detalle": "producto3", "unidad": "qqq"}, "model": "compras.detallecompra", "pk": 8}, {"fields": {"centro_costos": "A", "scf": "89000.00", "recargo": "0.00", "cantidad": 1000, "descuento": "0.00", "producto": 21, "excentos": "0.00", "ice": "0.00", "tipo_descuento": "Bs", "precio_unitario": "89.00", "compra": 18, "tipo_recargo": "Bs", "codigo": "P2-44", "subtotal": "89000.00", "detalle": "producto3", "unidad": "qqq"}, "model": "compras.detallecompra", "pk": 9}, {"fields": {"centro_costos": "A", "scf": "890000.00", "recargo": "0.00", "cantidad": 10000, "descuento": "0.00", "producto": 21, "excentos": "0.00", "ice": "0.00", "tipo_descuento": "Bs", "precio_unitario": "89.00", "compra": 19, "tipo_recargo": "Bs", "codigo": "P2-44", "subtotal": "890000.00", "detalle": "producto3", "unidad": "qqq"}, "model": "compras.detallecompra", "pk": 10}, {"fields": {"empresa": 5, "cantidad_dias": 0, "recargo": "0.00", "descuento": "0.00", "fecha_vencimiento": null, "fecha": "2016-02-15", "excentos": "0.00", "ice": "0.00", "tipo_descuento": "Bs", "monto_pago": null, "tipo_compra": "contado", "nro_factura": 500, "tipo_recargo": "Bs", "total": "999.00", "razon_social": "qweqweqe", "nit": 31313}, "model": "ventas.venta", "pk": 36}, {"fields": {"empresa": 5, "cantidad_dias": 0, "recargo": "0.00", "descuento": "0.00", "fecha_vencimiento": null, "fecha": "2016-02-15", "excentos": "0.00", "ice": "0.00", "tipo_descuento": "Bs", "monto_pago": null, "tipo_compra": "contado", "nro_factura": 501, "tipo_recargo": "Bs", "total": "999.00", "razon_social": "ewrwer", "nit": 23131}, "model": "ventas.venta", "pk": 37}, {"fields": {"empresa": 5, "cantidad_dias": 0, "recargo": "0.00", "descuento": "0.00", "fecha_vencimiento": null, "fecha": "2016-02-15", "excentos": "0.00", "ice": "0.00", "tipo_descuento": "Bs", "monto_pago": null, "tipo_compra": "contado", "nro_factura": 900, "tipo_recargo": "Bs", "total": "999.00", "razon_social": "sdfsfsf", "nit": 324324}, "model": "ventas.venta", "pk": 38}, {"fields": {"empresa": 5, "cantidad_dias": 0, "recargo": "0.00", "descuento": "0.00", "fecha_vencimiento": null, "fecha": "2016-02-15", "excentos": "0.00", "ice": "0.00", "tipo_descuento": "Bs", "monto_pago": null, "tipo_compra": "contado", "nro_factura": 901, "tipo_recargo": "Bs", "total": "999.00", "razon_social": "werwrwer", "nit": 2424}, "model": "ventas.venta", "pk": 39}, {"fields": {"empresa": 5, "cantidad_dias": 0, "recargo": "0.00", "descuento": "0.00", "fecha_vencimiento": null, "fecha": "2016-02-15", "excentos": "0.00", "ice": "0.00", "tipo_descuento": "Bs", "monto_pago": null, "tipo_compra": "contado", "nro_factura": 100, "tipo_recargo": "Bs", "total": "999.00", "razon_social": "qweqeq", "nit": 3131313}, "model": "ventas.venta", "pk": 40}, {"fields": {"empresa": 5, "cantidad_dias": 0, "recargo": "0.00", "descuento": "0.00", "fecha_vencimiento": null, "fecha": "2016-02-15", "excentos": "0.00", "ice": "0.00", "tipo_descuento": "Bs", "monto_pago": null, "tipo_compra": "contado", "nro_factura": 101, "tipo_recargo": "Bs", "total": "999.00", "razon_social": "sdasdasd", "nit": 131123}, "model": "ventas.venta", "pk": 41}, {"fields": {"empresa": 5, "cantidad_dias": 0, "recargo": "0.00", "descuento": "0.00", "fecha_vencimiento": null, "fecha": "2016-02-15", "excentos": "0.00", "ice": "0.00", "tipo_descuento": "Bs", "monto_pago": null, "tipo_compra": "contado", "nro_factura": 102, "tipo_recargo": "Bs", "total": "999.00", "razon_social": "qweqweqw", "nit": 123123}, "model": "ventas.venta", "pk": 42}, {"fields": {"empresa": 5, "cantidad_dias": 0, "recargo": "0.00", "descuento": "0.00", "fecha_vencimiento": null, "fecha": "2016-02-16", "excentos": "0.00", "ice": "0.00", "tipo_descuento": "Bs", "monto_pago": null, "tipo_compra": "contado", "nro_factura": 72138, "tipo_recargo": "Bs", "total": "1322.00", "razon_social": "ewrewrwerwrwr", "nit": 1829881}, "model": "ventas.venta", "pk": 43}, {"fields": {"empresa": 5, "cantidad_dias": 0, "recargo": "0.00", "descuento": "0.00", "fecha_vencimiento": null, "fecha": "2007-07-02", "excentos": "0.00", "ice": "0.00", "tipo_descuento": "Bs", "monto_pago": null, "tipo_compra": "contado", "nro_factura": 1503, "tipo_recargo": "Bs", "total": "2500.00", "razon_social": "asdasdasd", "nit": 4189179011}, "model": "ventas.venta", "pk": 44}, {"fields": {"empresa": 5, "cantidad_dias": 0, "recargo": "0.00", "descuento": "0.00", "fecha_vencimiento": null, "fecha": "2016-02-16", "excentos": "0.00", "ice": "0.00", "tipo_descuento": "Bs", "monto_pago": null, "tipo_compra": "contado", "nro_factura": 1504, "tipo_recargo": "Bs", "total": "2500.00", "razon_social": "dfgdfg", "nit": 1131313133}, "model": "ventas.venta", "pk": 45}, {"fields": {"empresa": 5, "cantidad_dias": 0, "recargo": "0.00", "descuento": "0.00", "fecha_vencimiento": null, "fecha": "2016-02-16", "excentos": "0.00", "ice": "0.00", "tipo_descuento": "Bs", "monto_pago": null, "tipo_compra": "contado", "nro_factura": 1505, "tipo_recargo": "Bs", "total": "2500.00", "razon_social": "jhjhjh", "nit": 544546}, "model": "ventas.venta", "pk": 46}, {"fields": {"empresa": 5, "cantidad_dias": 0, "recargo": "0.00", "descuento": "0.00", "fecha_vencimiento": null, "fecha": "2016-02-16", "excentos": "0.00", "ice": "0.00", "tipo_descuento": "Bs", "monto_pago": null, "tipo_compra": "contado", "nro_factura": 1506, "tipo_recargo": "Bs", "total": "2500.00", "razon_social": "jhhjhjhhjhh", "nit": 73849}, "model": "ventas.venta", "pk": 47}, {"fields": {"empresa": 6, "cantidad_dias": 0, "recargo": "0.00", "descuento": "0.00", "fecha_vencimiento": null, "fecha": "2007-07-02", "excentos": "0.00", "ice": "0.00", "tipo_descuento": "Bs", "monto_pago": null, "tipo_compra": "contado", "nro_factura": 1503, "tipo_recargo": "Bs", "total": "2500.00", "razon_social": "ddg", "nit": 4189179011}, "model": "ventas.venta", "pk": 48}, {"fields": {"empresa": 6, "cantidad_dias": 0, "recargo": "0.00", "descuento": "0.00", "fecha_vencimiento": null, "fecha": "2007-07-02", "excentos": "0.00", "ice": "0.00", "tipo_descuento": "Bs", "monto_pago": null, "tipo_compra": "contado", "nro_factura": 1504, "tipo_recargo": "Bs", "total": "2500.00", "razon_social": "rwerwer", "nit": 32424324}, "model": "ventas.venta", "pk": 49}, {"fields": {"empresa": 6, "cantidad_dias": 0, "recargo": "0.00", "descuento": "0.00", "fecha_vencimiento": null, "fecha": "2016-02-22", "excentos": "0.00", "ice": "0.00", "tipo_descuento": "Bs", "monto_pago": null, "tipo_compra": "contado", "nro_factura": 1505, "tipo_recargo": "Bs", "total": "89.00", "razon_social": "werewr", "nit": 1241}, "model": "ventas.venta", "pk": 50}, {"fields": {"empresa": 6, "cantidad_dias": 30, "recargo": "0.00", "descuento": "0.00", "fecha_vencimiento": "2016-03-23", "fecha": "2016-02-22", "excentos": "0.00", "ice": "0.00", "tipo_descuento": "Bs", "monto_pago": "100.00", "tipo_compra": "credito", "nro_factura": 1506, "tipo_recargo": "Bs", "total": "2500.00", "razon_social": "etetet", "nit": 3434535}, "model": "ventas.venta", "pk": 51}, {"fields": {"empresa": 6, "cantidad_dias": 0, "recargo": "0.00", "descuento": "0.00", "fecha_vencimiento": null, "fecha": "2016-02-23", "excentos": "0.00", "ice": "0.00", "tipo_descuento": "Bs", "monto_pago": null, "tipo_compra": "contado", "nro_factura": 1507, "tipo_recargo": "Bs", "total": "89.00", "razon_social": "erterte", "nit": 345345}, "model": "ventas.venta", "pk": 52}, {"fields": {"empresa": 6, "cantidad_dias": 0, "recargo": "0.00", "descuento": "0.00", "fecha_vencimiento": null, "fecha": "2016-02-23", "excentos": "0.00", "ice": "0.00", "tipo_descuento": "Bs", "monto_pago": null, "tipo_compra": "contado", "nro_factura": 1508, "tipo_recargo": "Bs", "total": "12500.00", "razon_social": "tet43", "nit": 3344}, "model": "ventas.venta", "pk": 53}, {"fields": {"empresa": 6, "cantidad_dias": 0, "recargo": "0.00", "descuento": "0.00", "fecha_vencimiento": null, "fecha": "2016-02-23", "excentos": "0.00", "ice": "0.00", "tipo_descuento": "Bs", "monto_pago": null, "tipo_compra": "contado", "nro_factura": 1509, "tipo_recargo": "Bs", "total": "NaN", "razon_social": "werewrwer", "nit": 234234}, "model": "ventas.venta", "pk": 54}, {"fields": {"empresa": 6, "cantidad_dias": 0, "recargo": "0.00", "descuento": "0.00", "fecha_vencimiento": null, "fecha": "2016-02-23", "excentos": "0.00", "ice": "0.00", "tipo_descuento": "Bs", "monto_pago": null, "tipo_compra": "contado", "nro_factura": 1510, "tipo_recargo": "Bs", "total": "133.50", "razon_social": "werweer", "nit": 324234}, "model": "ventas.venta", "pk": 55}, {"fields": {"empresa": 6, "cantidad_dias": 0, "recargo": "0.00", "descuento": "0.00", "fecha_vencimiento": null, "fecha": "2016-02-24", "excentos": "0.00", "ice": "0.00", "tipo_descuento": "Bs", "monto_pago": null, "tipo_compra": "contado", "nro_factura": 1503, "tipo_recargo": "Bs", "total": "NaN", "razon_social": "rwerwerwrwr", "nit": 2333}, "model": "ventas.venta", "pk": 56}, {"fields": {"empresa": 6, "cantidad_dias": 0, "recargo": "0.00", "descuento": "0.00", "fecha_vencimiento": null, "fecha": "2016-02-24", "excentos": "0.00", "ice": "0.00", "tipo_descuento": "Bs", "monto_pago": null, "tipo_compra": "contado", "nro_factura": 1503, "tipo_recargo": "Bs", "total": "89.40", "razon_social": "sdfdsfsdfsf", "nit": 234324}, "model": "ventas.venta", "pk": 57}, {"fields": {"empresa": 6, "cantidad_dias": 0, "recargo": "0.00", "descuento": "1009.90", "fecha_vencimiento": null, "fecha": "2016-02-24", "excentos": "0.00", "ice": "0.00", "tipo_descuento": "Bs", "monto_pago": null, "tipo_compra": "contado", "nro_factura": 1503, "tipo_recargo": "Bs", "total": "1490.10", "razon_social": "rwrwrwr", "nit": 234234}, "model": "ventas.venta", "pk": 58}, {"fields": {"empresa": 6, "cantidad_dias": 0, "recargo": "0.00", "descuento": "0.00", "fecha_vencimiento": null, "fecha": "2016-02-24", "excentos": "0.00", "ice": "0.00", "tipo_descuento": "Bs", "monto_pago": null, "tipo_compra": "contado", "nro_factura": 1503, "tipo_recargo": "Bs", "total": "89.00", "razon_social": "dhddhh", "nit": 32322222222222224}, "model": "ventas.venta", "pk": 59}, {"fields": {"empresa": 6, "cantidad_dias": 0, "recargo": "0.00", "descuento": "0.00", "fecha_vencimiento": null, "fecha": "2016-02-24", "excentos": "0.00", "ice": "0.00", "tipo_descuento": "Bs", "monto_pago": null, "tipo_compra": "contado", "nro_factura": 1503, "tipo_recargo": "Bs", "total": "5000000.00", "razon_social": "werwer", "nit": 23423}, "model": "ventas.venta", "pk": 60}, {"fields": {"empresa": 6, "cantidad_dias": 0, "recargo": "0.00", "descuento": "0.00", "fecha_vencimiento": null, "fecha": "2016-02-24", "excentos": "0.00", "ice": "0.00", "tipo_descuento": "Bs", "monto_pago": null, "tipo_compra": "contado", "nro_factura": 1503, "tipo_recargo": "Bs", "total": "22515000.00", "razon_social": "rwrwr", "nit": 44345345}, "model": "ventas.venta", "pk": 61}, {"fields": {"empresa": 6, "cantidad_dias": 0, "recargo": "0.00", "descuento": "0.00", "fecha_vencimiento": null, "fecha": "2016-02-25", "excentos": "0.00", "ice": "0.00", "tipo_descuento": "Bs", "monto_pago": null, "tipo_compra": "contado", "nro_factura": 1503, "tipo_recargo": "Bs", "total": "89.00", "razon_social": "rewrwe", "nit": 234234}, "model": "ventas.venta", "pk": 62}, {"fields": {"excentos": "0.00", "recargo": "0.00", "cantidad": 1, "descuento": "0.00", "venta": 36, "ice": "0.00", "tipo_descuento": "Bs", "scf": "999.00", "item": 12, "precio_unitario": "999.00", "tipo_recargo": "Bs", "subtotal": "999.00"}, "model": "ventas.detalleventa", "pk": 32}, {"fields": {"excentos": "0.00", "recargo": "0.00", "cantidad": 1, "descuento": "0.00", "venta": 37, "ice": "0.00", "tipo_descuento": "Bs", "scf": "999.00", "item": 12, "precio_unitario": "999.00", "tipo_recargo": "Bs", "subtotal": "999.00"}, "model": "ventas.detalleventa", "pk": 33}, {"fields": {"excentos": "0.00", "recargo": "0.00", "cantidad": 1, "descuento": "0.00", "venta": 38, "ice": "0.00", "tipo_descuento": "Bs", "scf": "999.00", "item": 12, "precio_unitario": "999.00", "tipo_recargo": "Bs", "subtotal": "999.00"}, "model": "ventas.detalleventa", "pk": 34}, {"fields": {"excentos": "0.00", "recargo": "0.00", "cantidad": 1, "descuento": "0.00", "venta": 39, "ice": "0.00", "tipo_descuento": "Bs", "scf": "999.00", "item": 12, "precio_unitario": "999.00", "tipo_recargo": "Bs", "subtotal": "999.00"}, "model": "ventas.detalleventa", "pk": 35}, {"fields": {"excentos": "0.00", "recargo": "0.00", "cantidad": 1, "descuento": "0.00", "venta": 40, "ice": "0.00", "tipo_descuento": "Bs", "scf": "999.00", "item": 12, "precio_unitario": "999.00", "tipo_recargo": "Bs", "subtotal": "999.00"}, "model": "ventas.detalleventa", "pk": 36}, {"fields": {"excentos": "0.00", "recargo": "0.00", "cantidad": 1, "descuento": "0.00", "venta": 41, "ice": "0.00", "tipo_descuento": "Bs", "scf": "999.00", "item": 12, "precio_unitario": "999.00", "tipo_recargo": "Bs", "subtotal": "999.00"}, "model": "ventas.detalleventa", "pk": 37}, {"fields": {"excentos": "0.00", "recargo": "0.00", "cantidad": 1, "descuento": "0.00", "venta": 42, "ice": "0.00", "tipo_descuento": "Bs", "scf": "999.00", "item": 12, "precio_unitario": "999.00", "tipo_recargo": "Bs", "subtotal": "999.00"}, "model": "ventas.detalleventa", "pk": 38}, {"fields": {"excentos": "0.00", "recargo": "0.00", "cantidad": 1, "descuento": "0.00", "venta": 43, "ice": "0.00", "tipo_descuento": "Bs", "scf": "1322.00", "item": 12, "precio_unitario": "1322.00", "tipo_recargo": "Bs", "subtotal": "1322.00"}, "model": "ventas.detalleventa", "pk": 39}, {"fields": {"excentos": "0.00", "recargo": "0.00", "cantidad": 1, "descuento": "0.00", "venta": 44, "ice": "0.00", "tipo_descuento": "Bs", "scf": "2500.00", "item": 12, "precio_unitario": "2500.00", "tipo_recargo": "Bs", "subtotal": "2500.00"}, "model": "ventas.detalleventa", "pk": 40}, {"fields": {"excentos": "0.00", "recargo": "0.00", "cantidad": 1, "descuento": "0.00", "venta": 45, "ice": "0.00", "tipo_descuento": "Bs", "scf": "2500.00", "item": 12, "precio_unitario": "2500.00", "tipo_recargo": "Bs", "subtotal": "2500.00"}, "model": "ventas.detalleventa", "pk": 41}, {"fields": {"excentos": "0.00", "recargo": "0.00", "cantidad": 1, "descuento": "0.00", "venta": 46, "ice": "0.00", "tipo_descuento": "Bs", "scf": "2500.00", "item": 12, "precio_unitario": "2500.00", "tipo_recargo": "Bs", "subtotal": "2500.00"}, "model": "ventas.detalleventa", "pk": 42}, {"fields": {"excentos": "0.00", "recargo": "0.00", "cantidad": 1, "descuento": "0.00", "venta": 47, "ice": "0.00", "tipo_descuento": "Bs", "scf": "2500.00", "item": 12, "precio_unitario": "2500.00", "tipo_recargo": "Bs", "subtotal": "2500.00"}, "model": "ventas.detalleventa", "pk": 43}, {"fields": {"excentos": "0.00", "recargo": "0.00", "cantidad": 1, "descuento": "0.00", "venta": 48, "ice": "0.00", "tipo_descuento": "Bs", "scf": "2500.00", "item": 20, "precio_unitario": "2500.00", "tipo_recargo": "Bs", "subtotal": "2500.00"}, "model": "ventas.detalleventa", "pk": 44}, {"fields": {"excentos": "0.00", "recargo": "0.00", "cantidad": 1, "descuento": "0.00", "venta": 49, "ice": "0.00", "tipo_descuento": "Bs", "scf": "2500.00", "item": 20, "precio_unitario": "2500.00", "tipo_recargo": "Bs", "subtotal": "2500.00"}, "model": "ventas.detalleventa", "pk": 45}, {"fields": {"excentos": "0.00", "recargo": "0.00", "cantidad": 1, "descuento": "0.00", "venta": 50, "ice": "0.00", "tipo_descuento": "Bs", "scf": "89.00", "item": 21, "precio_unitario": "89.00", "tipo_recargo": "Bs", "subtotal": "89.00"}, "model": "ventas.detalleventa", "pk": 46}, {"fields": {"excentos": "0.00", "recargo": "0.00", "cantidad": 1, "descuento": "0.00", "venta": 51, "ice": "0.00", "tipo_descuento": "Bs", "scf": "2500.00", "item": 20, "precio_unitario": "2500.00", "tipo_recargo": "Bs", "subtotal": "2500.00"}, "model": "ventas.detalleventa", "pk": 47}, {"fields": {"excentos": "0.00", "recargo": "0.00", "cantidad": 1, "descuento": "0.00", "venta": 52, "ice": "0.00", "tipo_descuento": "Bs", "scf": "89.00", "item": 21, "precio_unitario": "89.00", "tipo_recargo": "Bs", "subtotal": "89.00"}, "model": "ventas.detalleventa", "pk": 48}, {"fields": {"excentos": "0.00", "recargo": "0.90", "cantidad": 1, "descuento": "0.50", "venta": 57, "ice": "0.00", "tipo_descuento": "Bs", "scf": "89.40", "item": 21, "precio_unitario": "89.00", "tipo_recargo": "Bs", "subtotal": "89.00"}, "model": "ventas.detalleventa", "pk": 49}, {"fields": {"excentos": "0.00", "recargo": "0.00", "cantidad": 1, "descuento": "1009.90", "venta": 58, "ice": "0.00", "tipo_descuento": "Bs", "scf": "1490.10", "item": 20, "precio_unitario": "2500.00", "tipo_recargo": "Bs", "subtotal": "2500.00"}, "model": "ventas.detalleventa", "pk": 50}, {"fields": {"excentos": "0.00", "recargo": "0.00", "cantidad": 1, "descuento": "0.00", "venta": 59, "ice": "0.00", "tipo_descuento": "Bs", "scf": "89.00", "item": 21, "precio_unitario": "89.00", "tipo_recargo": "Bs", "subtotal": "89.00"}, "model": "ventas.detalleventa", "pk": 51}, {"fields": {"excentos": "0.00", "recargo": "0.00", "cantidad": 2000, "descuento": "0.00", "venta": 60, "ice": "0.00", "tipo_descuento": "Bs", "scf": "5000000.00", "item": 20, "precio_unitario": "2500.00", "tipo_recargo": "Bs", "subtotal": "5000000.00"}, "model": "ventas.detalleventa", "pk": 52}, {"fields": {"excentos": "0.00", "recargo": "0.00", "cantidad": 9006, "descuento": "0.00", "venta": 61, "ice": "0.00", "tipo_descuento": "Bs", "scf": "22515000.00", "item": 20, "precio_unitario": "2500.00", "tipo_recargo": "Bs", "subtotal": "22515000.00"}, "model": "ventas.detalleventa", "pk": 53}, {"fields": {"excentos": "0.00", "recargo": "0.00", "cantidad": 1, "descuento": "0.00", "venta": 62, "ice": "0.00", "tipo_descuento": "Bs", "scf": "89.00", "item": 21, "precio_unitario": "89.00", "tipo_recargo": "Bs", "subtotal": "89.00"}, "model": "ventas.detalleventa", "pk": 54}, {"fields": {"empresa": null, "cantidad": 12, "motivo_movimiento": "inicial", "item": 6, "precio_unitario": "89.00", "fecha_transaccion": "2016-02-11", "detalle": "Saldo Inicial"}, "model": "ventas.movimiento", "pk": 8}, {"fields": {"empresa": null, "cantidad": 1, "motivo_movimiento": "salida", "item": 6, "precio_unitario": "89.00", "fecha_transaccion": "2016-02-12", "detalle": "Venta a dsfsdfdsfsdfs"}, "model": "ventas.movimiento", "pk": 9}, {"fields": {"empresa": null, "cantidad": 1, "motivo_movimiento": "salida", "item": 6, "precio_unitario": "89.00", "fecha_transaccion": "2016-02-13", "detalle": "Venta a werwerewr"}, "model": "ventas.movimiento", "pk": 10}, {"fields": {"empresa": null, "cantidad": 1, "motivo_movimiento": "salida", "item": 6, "precio_unitario": "89.00", "fecha_transaccion": "2016-02-13", "detalle": "Venta a sdfsfsf"}, "model": "ventas.movimiento", "pk": 11}, {"fields": {"empresa": null, "cantidad": 1, "motivo_movimiento": "salida", "item": 6, "precio_unitario": "89.50", "fecha_transaccion": "2016-02-13", "detalle": "Venta a rwrwrr"}, "model": "ventas.movimiento", "pk": 12}, {"fields": {"empresa": null, "cantidad": 1, "motivo_movimiento": "salida", "item": 6, "precio_unitario": "5.50", "fecha_transaccion": "2016-02-13", "detalle": "Venta a wrwrwrwr"}, "model": "ventas.movimiento", "pk": 13}, {"fields": {"empresa": null, "cantidad": 2, "motivo_movimiento": "salida", "item": 6, "precio_unitario": "5.50", "fecha_transaccion": "2016-02-13", "detalle": "Venta a 334345"}, "model": "ventas.movimiento", "pk": 14}, {"fields": {"empresa": null, "cantidad": 1, "motivo_movimiento": "salida", "item": 6, "precio_unitario": "5.50", "fecha_transaccion": "2016-02-13", "detalle": "Venta a ertertetttt"}, "model": "ventas.movimiento", "pk": 15}, {"fields": {"empresa": null, "cantidad": 1, "motivo_movimiento": "salida", "item": 6, "precio_unitario": "5.50", "fecha_transaccion": "2016-02-13", "detalle": "Venta a jhhhjhjh"}, "model": "ventas.movimiento", "pk": 16}, {"fields": {"empresa": null, "cantidad": 77, "motivo_movimiento": "inicial", "item": 12, "precio_unitario": "999.00", "fecha_transaccion": "2016-02-14", "detalle": "Saldo Inicial"}, "model": "ventas.movimiento", "pk": 25}, {"fields": {"empresa": null, "cantidad": 44, "motivo_movimiento": "inicial", "item": 18, "precio_unitario": "77.00", "fecha_transaccion": "2016-02-14", "detalle": "Saldo Inicial"}, "model": "ventas.movimiento", "pk": 27}, {"fields": {"empresa": 5, "cantidad": 8787, "motivo_movimiento": "inicial", "item": 19, "precio_unitario": "78.00", "fecha_transaccion": "2016-02-14", "detalle": "Saldo Inicial"}, "model": "ventas.movimiento", "pk": 28}, {"fields": {"empresa": 5, "cantidad": 1, "motivo_movimiento": "salida", "item": 12, "precio_unitario": "999.00", "fecha_transaccion": "2016-02-15", "detalle": "Venta a werrwerwer"}, "model": "ventas.movimiento", "pk": 29}, {"fields": {"empresa": 5, "cantidad": 1, "motivo_movimiento": "salida", "item": 12, "precio_unitario": "999.00", "fecha_transaccion": "2016-02-15", "detalle": "Venta a dsadad"}, "model": "ventas.movimiento", "pk": 30}, {"fields": {"empresa": 5, "cantidad": 1, "motivo_movimiento": "salida", "item": 12, "precio_unitario": "999.00", "fecha_transaccion": "2016-02-15", "detalle": "Venta a werwer"}, "model": "ventas.movimiento", "pk": 31}, {"fields": {"empresa": 5, "cantidad": 1, "motivo_movimiento": "salida", "item": 12, "precio_unitario": "999.00", "fecha_transaccion": "2016-02-15", "detalle": "Venta a sdsfsdf"}, "model": "ventas.movimiento", "pk": 32}, {"fields": {"empresa": 5, "cantidad": 1, "motivo_movimiento": "salida", "item": 12, "precio_unitario": "999.00", "fecha_transaccion": "2016-02-15", "detalle": "Venta a sdfsdf"}, "model": "ventas.movimiento", "pk": 33}, {"fields": {"empresa": 5, "cantidad": 1, "motivo_movimiento": "salida", "item": 12, "precio_unitario": "999.00", "fecha_transaccion": "2016-02-15", "detalle": "Venta a eqeq"}, "model": "ventas.movimiento", "pk": 34}, {"fields": {"empresa": 5, "cantidad": 1, "motivo_movimiento": "salida", "item": 12, "precio_unitario": "999.00", "fecha_transaccion": "2016-02-15", "detalle": "Venta a asasd"}, "model": "ventas.movimiento", "pk": 35}, {"fields": {"empresa": 5, "cantidad": 1, "motivo_movimiento": "salida", "item": 12, "precio_unitario": "999.00", "fecha_transaccion": "2016-02-15", "detalle": "Venta a eqwe"}, "model": "ventas.movimiento", "pk": 36}, {"fields": {"empresa": 5, "cantidad": 1, "motivo_movimiento": "salida", "item": 12, "precio_unitario": "999.00", "fecha_transaccion": "2016-02-15", "detalle": "Venta a werwer"}, "model": "ventas.movimiento", "pk": 37}, {"fields": {"empresa": 5, "cantidad": 1, "motivo_movimiento": "salida", "item": 12, "precio_unitario": "999.00", "fecha_transaccion": "2016-02-15", "detalle": "Venta a eqeq"}, "model": "ventas.movimiento", "pk": 38}, {"fields": {"empresa": 5, "cantidad": 1, "motivo_movimiento": "salida", "item": 12, "precio_unitario": "999.00", "fecha_transaccion": "2016-02-15", "detalle": "Venta a qeqeq"}, "model": "ventas.movimiento", "pk": 39}, {"fields": {"empresa": 5, "cantidad": 1, "motivo_movimiento": "salida", "item": 12, "precio_unitario": "999.00", "fecha_transaccion": "2016-02-15", "detalle": "Venta a qweqe"}, "model": "ventas.movimiento", "pk": 40}, {"fields": {"empresa": 5, "cantidad": 1, "motivo_movimiento": "salida", "item": 12, "precio_unitario": "999.00", "fecha_transaccion": "2016-02-15", "detalle": "Venta a asdasdad"}, "model": "ventas.movimiento", "pk": 41}, {"fields": {"empresa": 5, "cantidad": 1, "motivo_movimiento": "salida", "item": 12, "precio_unitario": "999.00", "fecha_transaccion": "2016-02-15", "detalle": "Venta a eqweqe"}, "model": "ventas.movimiento", "pk": 42}, {"fields": {"empresa": 5, "cantidad": 1, "motivo_movimiento": "salida", "item": 12, "precio_unitario": "999.00", "fecha_transaccion": "2016-02-15", "detalle": "Venta a asdasda"}, "model": "ventas.movimiento", "pk": 43}, {"fields": {"empresa": 5, "cantidad": 1, "motivo_movimiento": "salida", "item": 12, "precio_unitario": "999.00", "fecha_transaccion": "2016-02-15", "detalle": "Venta a dadad"}, "model": "ventas.movimiento", "pk": 44}, {"fields": {"empresa": 5, "cantidad": 1, "motivo_movimiento": "salida", "item": 12, "precio_unitario": "999.00", "fecha_transaccion": "2016-02-15", "detalle": "Venta a dsaaad"}, "model": "ventas.movimiento", "pk": 45}, {"fields": {"empresa": 5, "cantidad": 1, "motivo_movimiento": "salida", "item": 12, "precio_unitario": "999.00", "fecha_transaccion": "2016-02-15", "detalle": "Venta a ewrwer"}, "model": "ventas.movimiento", "pk": 46}, {"fields": {"empresa": 5, "cantidad": 1, "motivo_movimiento": "salida", "item": 12, "precio_unitario": "999.00", "fecha_transaccion": "2016-02-15", "detalle": "Venta a qweqweq"}, "model": "ventas.movimiento", "pk": 47}, {"fields": {"empresa": 5, "cantidad": 1, "motivo_movimiento": "salida", "item": 12, "precio_unitario": "999.00", "fecha_transaccion": "2016-02-15", "detalle": "Venta a ewrwerwer"}, "model": "ventas.movimiento", "pk": 48}, {"fields": {"empresa": 5, "cantidad": 1, "motivo_movimiento": "salida", "item": 12, "precio_unitario": "999.00", "fecha_transaccion": "2016-02-15", "detalle": "Venta a qweqweqe"}, "model": "ventas.movimiento", "pk": 49}, {"fields": {"empresa": 5, "cantidad": 1, "motivo_movimiento": "salida", "item": 12, "precio_unitario": "999.00", "fecha_transaccion": "2016-02-15", "detalle": "Venta a ewrwer"}, "model": "ventas.movimiento", "pk": 50}, {"fields": {"empresa": 5, "cantidad": 1, "motivo_movimiento": "salida", "item": 12, "precio_unitario": "999.00", "fecha_transaccion": "2016-02-15", "detalle": "Venta a sdfsfsf"}, "model": "ventas.movimiento", "pk": 51}, {"fields": {"empresa": 5, "cantidad": 1, "motivo_movimiento": "salida", "item": 12, "precio_unitario": "999.00", "fecha_transaccion": "2016-02-15", "detalle": "Venta a werwrwer"}, "model": "ventas.movimiento", "pk": 52}, {"fields": {"empresa": 5, "cantidad": 1, "motivo_movimiento": "salida", "item": 12, "precio_unitario": "999.00", "fecha_transaccion": "2016-02-15", "detalle": "Venta a qweqeq"}, "model": "ventas.movimiento", "pk": 53}, {"fields": {"empresa": 5, "cantidad": 1, "motivo_movimiento": "salida", "item": 12, "precio_unitario": "999.00", "fecha_transaccion": "2016-02-15", "detalle": "Venta a sdasdasd"}, "model": "ventas.movimiento", "pk": 54}, {"fields": {"empresa": 5, "cantidad": 1, "motivo_movimiento": "salida", "item": 12, "precio_unitario": "999.00", "fecha_transaccion": "2016-02-15", "detalle": "Venta a qweqweqw"}, "model": "ventas.movimiento", "pk": 55}, {"fields": {"empresa": 5, "cantidad": 1, "motivo_movimiento": "salida", "item": 12, "precio_unitario": "1322.00", "fecha_transaccion": "2016-02-16", "detalle": "Venta a ewrewrwerwrwr"}, "model": "ventas.movimiento", "pk": 56}, {"fields": {"empresa": 5, "cantidad": 1, "motivo_movimiento": "salida", "item": 12, "precio_unitario": "2500.00", "fecha_transaccion": "2007-07-02", "detalle": "Venta a asdasdasd"}, "model": "ventas.movimiento", "pk": 57}, {"fields": {"empresa": 5, "cantidad": 1, "motivo_movimiento": "salida", "item": 12, "precio_unitario": "2500.00", "fecha_transaccion": "2016-02-16", "detalle": "Venta a dfgdfg"}, "model": "ventas.movimiento", "pk": 58}, {"fields": {"empresa": 5, "cantidad": 1, "motivo_movimiento": "salida", "item": 12, "precio_unitario": "2500.00", "fecha_transaccion": "2016-02-16", "detalle": "Venta a jhjhjh"}, "model": "ventas.movimiento", "pk": 59}, {"fields": {"empresa": 5, "cantidad": 1, "motivo_movimiento": "salida", "item": 12, "precio_unitario": "2500.00", "fecha_transaccion": "2016-02-16", "detalle": "Venta a jhhjhjhhjhh"}, "model": "ventas.movimiento", "pk": 60}, {"fields": {"empresa": 6, "cantidad": 12, "motivo_movimiento": "inicial", "item": 20, "precio_unitario": "89.00", "fecha_transaccion": "2016-02-17", "detalle": "Saldo Inicial"}, "model": "ventas.movimiento", "pk": 61}, {"fields": {"empresa": 6, "cantidad": 12, "motivo_movimiento": "inicial", "item": 21, "precio_unitario": "89.00", "fecha_transaccion": "2016-02-17", "detalle": "Saldo Inicial"}, "model": "ventas.movimiento", "pk": 62}, {"fields": {"empresa": 6, "cantidad": 1, "motivo_movimiento": "salida", "item": 20, "precio_unitario": "2500.00", "fecha_transaccion": "2007-07-02", "detalle": "Venta a ddg"}, "model": "ventas.movimiento", "pk": 63}, {"fields": {"empresa": 6, "cantidad": 1, "motivo_movimiento": "salida", "item": 20, "precio_unitario": "2500.00", "fecha_transaccion": "2007-07-02", "detalle": "Venta a rwerwer"}, "model": "ventas.movimiento", "pk": 64}, {"fields": {"empresa": 6, "cantidad": 1, "motivo_movimiento": "ingreso", "item": 21, "precio_unitario": "89.00", "fecha_transaccion": "2016-02-22", "detalle": "Compra a wwwrwrwrwrwr"}, "model": "ventas.movimiento", "pk": 65}, {"fields": {"empresa": 6, "cantidad": 1, "motivo_movimiento": "ingreso", "item": 20, "precio_unitario": "2500.00", "fecha_transaccion": "2016-02-22", "detalle": "Compra a yryryr"}, "model": "ventas.movimiento", "pk": 66}, {"fields": {"empresa": 6, "cantidad": 1, "motivo_movimiento": "ingreso", "item": 21, "precio_unitario": "89.00", "fecha_transaccion": "2016-02-22", "detalle": "Compra a werwerwerwer"}, "model": "ventas.movimiento", "pk": 67}, {"fields": {"empresa": 6, "cantidad": 1, "motivo_movimiento": "ingreso", "item": 21, "precio_unitario": "89.00", "fecha_transaccion": "2016-02-22", "detalle": "Compra a ghhghg"}, "model": "ventas.movimiento", "pk": 68}, {"fields": {"empresa": 6, "cantidad": 1, "motivo_movimiento": "ingreso", "item": 20, "precio_unitario": "2500.00", "fecha_transaccion": "2016-02-22", "detalle": "Compra a rwerwrwr"}, "model": "ventas.movimiento", "pk": 69}, {"fields": {"empresa": 6, "cantidad": 100, "motivo_movimiento": "ingreso", "item": 21, "precio_unitario": "89.00", "fecha_transaccion": "2016-02-22", "detalle": "Compra a rewrw"}, "model": "ventas.movimiento", "pk": 70}, {"fields": {"empresa": 6, "cantidad": 1000, "motivo_movimiento": "ingreso", "item": 21, "precio_unitario": "89.00", "fecha_transaccion": "2016-02-22", "detalle": "Compra a nghghgh"}, "model": "ventas.movimiento", "pk": 71}, {"fields": {"empresa": 6, "cantidad": 10000, "motivo_movimiento": "ingreso", "item": 21, "precio_unitario": "89.00", "fecha_transaccion": "2016-02-22", "detalle": "Compra a jgghhgg"}, "model": "ventas.movimiento", "pk": 72}, {"fields": {"empresa": 6, "cantidad": 1, "motivo_movimiento": "salida", "item": 21, "precio_unitario": "89.00", "fecha_transaccion": "2016-02-22", "detalle": "Venta a werewr"}, "model": "ventas.movimiento", "pk": 73}, {"fields": {"empresa": 6, "cantidad": 1, "motivo_movimiento": "salida", "item": 20, "precio_unitario": "2500.00", "fecha_transaccion": "2016-02-22", "detalle": "Venta a etetet"}, "model": "ventas.movimiento", "pk": 74}, {"fields": {"empresa": 6, "cantidad": 1, "motivo_movimiento": "salida", "item": 21, "precio_unitario": "89.00", "fecha_transaccion": "2016-02-23", "detalle": "Venta a erterte"}, "model": "ventas.movimiento", "pk": 75}, {"fields": {"empresa": 6, "cantidad": 1, "motivo_movimiento": "salida", "item": 21, "precio_unitario": "89.00", "fecha_transaccion": "2016-02-24", "detalle": "Venta a sdfdsfsdfsf"}, "model": "ventas.movimiento", "pk": 76}, {"fields": {"empresa": 6, "cantidad": 1, "motivo_movimiento": "salida", "item": 20, "precio_unitario": "2500.00", "fecha_transaccion": "2016-02-24", "detalle": "Venta a rwrwrwr"}, "model": "ventas.movimiento", "pk": 77}, {"fields": {"empresa": 6, "cantidad": 1, "motivo_movimiento": "salida", "item": 21, "precio_unitario": "89.00", "fecha_transaccion": "2016-02-24", "detalle": "Venta a dhddhh"}, "model": "ventas.movimiento", "pk": 78}, {"fields": {"empresa": 6, "cantidad": 2000, "motivo_movimiento": "salida", "item": 20, "precio_unitario": "2500.00", "fecha_transaccion": "2016-02-24", "detalle": "Venta a werwer"}, "model": "ventas.movimiento", "pk": 79}, {"fields": {"empresa": 6, "cantidad": 9006, "motivo_movimiento": "salida", "item": 20, "precio_unitario": "2500.00", "fecha_transaccion": "2016-02-24", "detalle": "Venta a rwrwr"}, "model": "ventas.movimiento", "pk": 80}, {"fields": {"empresa": 6, "cantidad": 1, "motivo_movimiento": "salida", "item": 21, "precio_unitario": "89.00", "fecha_transaccion": "2016-02-25", "detalle": "Venta a rewrwe"}, "model": "ventas.movimiento", "pk": 81}, {"fields": {"monto_pago": "100.00", "fecha_transaccion": "2016-02-22", "venta": 51, "empresa": 6}, "model": "ventas.cobro", "pk": 3}, {"fields": {"empresa": 5, "fecha": "2016-02-15", "nro_conrelativo": "500", "contador": 1, "nro_autorizacion": 3123113, "llave_digital": "sadasdasdas"}, "model": "config.datosdosificacion", "pk": 12}, {"fields": {"empresa": 5, "fecha": "2016-02-15", "nro_conrelativo": "900", "contador": 1, "nro_autorizacion": 1231313, "llave_digital": "sdfsdfsdf"}, "model": "config.datosdosificacion", "pk": 13}, {"fields": {"empresa": 5, "fecha": "2016-02-15", "nro_conrelativo": "100", "contador": 2, "nro_autorizacion": 1231231, "llave_digital": "sdsadasd"}, "model": "config.datosdosificacion", "pk": 14}, {"fields": {"empresa": 5, "fecha": "2007-06-14", "nro_conrelativo": "72138", "contador": 0, "nro_autorizacion": 2904002017340, "llave_digital": "aILQZTnHUqQ+ZC8wt]cnXaqLFk3JeZ65i6)8DPBa4t]Zv7J=K==dsz8p=Lh%+sK}"}, "model": "config.datosdosificacion", "pk": 15}, {"fields": {"empresa": 5, "fecha": "2016-02-16", "nro_conrelativo": "1503", "contador": 3, "nro_autorizacion": 29040011007, "llave_digital": "9rCB7Sv4X29d)5k7N%3ab89p-3(5[A"}, "model": "config.datosdosificacion", "pk": 16}, {"fields": {"empresa": 6, "fecha": "2016-02-29", "nro_conrelativo": "1503", "contador": 8, "nro_autorizacion": 29040011007, "llave_digital": "9rCB7Sv4X29d)5k7N%3ab89p-3(5[A"}, "model": "config.datosdosificacion", "pk": 17}, {"fields": {"codename": "add_logentry", "name": "Can add log entry", "content_type": 1}, "model": "auth.permission", "pk": 1}, {"fields": {"codename": "change_logentry", "name": "Can change log entry", "content_type": 1}, "model": "auth.permission", "pk": 2}, {"fields": {"codename": "delete_logentry", "name": "Can delete log entry", "content_type": 1}, "model": "auth.permission", "pk": 3}, {"fields": {"codename": "add_permission", "name": "Can add permission", "content_type": 2}, "model": "auth.permission", "pk": 4}, {"fields": {"codename": "change_permission", "name": "Can change permission", "content_type": 2}, "model": "auth.permission", "pk": 5}, {"fields": {"codename": "delete_permission", "name": "Can delete permission", "content_type": 2}, "model": "auth.permission", "pk": 6}, {"fields": {"codename": "add_group", "name": "Can add group", "content_type": 3}, "model": "auth.permission", "pk": 7}, {"fields": {"codename": "change_group", "name": "Can change group", "content_type": 3}, "model": "auth.permission", "pk": 8}, {"fields": {"codename": "delete_group", "name": "Can delete group", "content_type": 3}, "model": "auth.permission", "pk": 9}, {"fields": {"codename": "add_contenttype", "name": "Can add content type", "content_type": 4}, "model": "auth.permission", "pk": 10}, {"fields": {"codename": "change_contenttype", "name": "Can change content type", "content_type": 4}, "model": "auth.permission", "pk": 11}, {"fields": {"codename": "delete_contenttype", "name": "Can delete content type", "content_type": 4}, "model": "auth.permission", "pk": 12}, {"fields": {"codename": "add_session", "name": "Can add session", "content_type": 5}, "model": "auth.permission", "pk": 13}, {"fields": {"codename": "change_session", "name": "Can change session", "content_type": 5}, "model": "auth.permission", "pk": 14}, {"fields": {"codename": "delete_session", "name": "Can delete session", "content_type": 5}, "model": "auth.permission", "pk": 15}, {"fields": {"codename": "add_user", "name": "Can add user", "content_type": 6}, "model": "auth.permission", "pk": 16}, {"fields": {"codename": "change_user", "name": "Can change user", "content_type": 6}, "model": "auth.permission", "pk": 17}, {"fields": {"codename": "delete_user", "name": "Can delete user", "content_type": 6}, "model": "auth.permission", "pk": 18}, {"fields": {"codename": "add_proveedor", "name": "Can add proveedor", "content_type": 7}, "model": "auth.permission", "pk": 19}, {"fields": {"codename": "change_proveedor", "name": "Can change proveedor", "content_type": 7}, "model": "auth.permission", "pk": 20}, {"fields": {"codename": "delete_proveedor", "name": "Can delete proveedor", "content_type": 7}, "model": "auth.permission", "pk": 21}, {"fields": {"codename": "add_item", "name": "Can add item", "content_type": 8}, "model": "auth.permission", "pk": 22}, {"fields": {"codename": "change_item", "name": "Can change item", "content_type": 8}, "model": "auth.permission", "pk": 23}, {"fields": {"codename": "delete_item", "name": "Can delete item", "content_type": 8}, "model": "auth.permission", "pk": 24}, {"fields": {"codename": "add_cliente", "name": "Can add cliente", "content_type": 9}, "model": "auth.permission", "pk": 25}, {"fields": {"codename": "change_cliente", "name": "Can change cliente", "content_type": 9}, "model": "auth.permission", "pk": 26}, {"fields": {"codename": "delete_cliente", "name": "Can delete cliente", "content_type": 9}, "model": "auth.permission", "pk": 27}, {"fields": {"codename": "add_compra", "name": "Can add compra", "content_type": 10}, "model": "auth.permission", "pk": 28}, {"fields": {"codename": "change_compra", "name": "Can change compra", "content_type": 10}, "model": "auth.permission", "pk": 29}, {"fields": {"codename": "delete_compra", "name": "Can delete compra", "content_type": 10}, "model": "auth.permission", "pk": 30}, {"fields": {"codename": "add_detallecompra", "name": "Can add detalle compra", "content_type": 11}, "model": "auth.permission", "pk": 31}, {"fields": {"codename": "change_detallecompra", "name": "Can change detalle compra", "content_type": 11}, "model": "auth.permission", "pk": 32}, {"fields": {"codename": "delete_detallecompra", "name": "Can delete detalle compra", "content_type": 11}, "model": "auth.permission", "pk": 33}, {"fields": {"codename": "add_venta", "name": "Can add venta", "content_type": 12}, "model": "auth.permission", "pk": 34}, {"fields": {"codename": "change_venta", "name": "Can change venta", "content_type": 12}, "model": "auth.permission", "pk": 35}, {"fields": {"codename": "delete_venta", "name": "Can delete venta", "content_type": 12}, "model": "auth.permission", "pk": 36}, {"fields": {"codename": "add_detalleventa", "name": "Can add detalle venta", "content_type": 13}, "model": "auth.permission", "pk": 37}, {"fields": {"codename": "change_detalleventa", "name": "Can change detalle venta", "content_type": 13}, "model": "auth.permission", "pk": 38}, {"fields": {"codename": "delete_detalleventa", "name": "Can delete detalle venta", "content_type": 13}, "model": "auth.permission", "pk": 39}, {"fields": {"codename": "add_movimiento", "name": "Can add movimiento", "content_type": 14}, "model": "auth.permission", "pk": 40}, {"fields": {"codename": "change_movimiento", "name": "Can change movimiento", "content_type": 14}, "model": "auth.permission", "pk": 41}, {"fields": {"codename": "delete_movimiento", "name": "Can delete movimiento", "content_type": 14}, "model": "auth.permission", "pk": 42}, {"fields": {"codename": "add_cobro", "name": "Can add cobro", "content_type": 15}, "model": "auth.permission", "pk": 43}, {"fields": {"codename": "change_cobro", "name": "Can change cobro", "content_type": 15}, "model": "auth.permission", "pk": 44}, {"fields": {"codename": "delete_cobro", "name": "Can delete cobro", "content_type": 15}, "model": "auth.permission", "pk": 45}, {"fields": {"codename": "add_rol", "name": "Can add rol", "content_type": 16}, "model": "auth.permission", "pk": 46}, {"fields": {"codename": "change_rol", "name": "Can change rol", "content_type": 16}, "model": "auth.permission", "pk": 47}, {"fields": {"codename": "delete_rol", "name": "Can delete rol", "content_type": 16}, "model": "auth.permission", "pk": 48}, {"fields": {"codename": "edit", "name": "", "content_type": 6}, "model": "auth.permission", "pk": 49}, {"fields": {"codename": "create", "name": "", "content_type": 6}, "model": "auth.permission", "pk": 50}, {"fields": {"codename": "delete", "name": "", "content_type": 6}, "model": "auth.permission", "pk": 51}, {"fields": {"codename": "add_personajuridica", "name": "Can add personajuridica", "content_type": 17}, "model": "auth.permission", "pk": 52}, {"fields": {"codename": "change_personajuridica", "name": "Can change personajuridica", "content_type": 17}, "model": "auth.permission", "pk": 53}, {"fields": {"codename": "delete_personajuridica", "name": "Can delete personajuridica", "content_type": 17}, "model": "auth.permission", "pk": 54}, {"fields": {"codename": "add_datosdosificacion", "name": "Can add datos dosificacion", "content_type": 18}, "model": "auth.permission", "pk": 55}, {"fields": {"codename": "change_datosdosificacion", "name": "Can change datos dosificacion", "content_type": 18}, "model": "auth.permission", "pk": 56}, {"fields": {"codename": "delete_datosdosificacion", "name": "Can delete datos dosificacion", "content_type": 18}, "model": "auth.permission", "pk": 57}, {"fields": {"codename": "add_formatofactura", "name": "Can add formatofactura", "content_type": 19}, "model": "auth.permission", "pk": 58}, {"fields": {"codename": "change_formatofactura", "name": "Can change formatofactura", "content_type": 19}, "model": "auth.permission", "pk": 59}, {"fields": {"codename": "delete_formatofactura", "name": "Can delete formatofactura", "content_type": 19}, "model": "auth.permission", "pk": 60}, {"fields": {"name": "operador", "permissions": []}, "model": "auth.group", "pk": 1}, {"fields": {"name": "administrador", "permissions": []}, "model": "auth.group", "pk": 2}, {"fields": {"username": "admin", "s_apellido": "almaraz", "p_apellido": "fernandez", "is_active": true, "empresa": null, "direccion": "sacaba", "is_superuser": true, "is_staff": true, "last_login": "2016-02-23T22:30:00.112Z", "avatar": "users/avatar.jpg", "groups": [], "user_permissions": [], "nombre": "jose daniel", "password": "pbkdf2_sha256$20000$kzhQ9CdHyR3u$84+G67cp4o92yU3ia6ppZKp/xnTJwzyfjldCq1SVAVM=", "telefono": null, "email": "admin@gmail.com"}, "model": "users.user", "pk": 3}, {"fields": {"username": "admin14", "s_apellido": "sfsf", "p_apellido": "sdfsfsfsfs", "is_active": true, "empresa": null, "direccion": "", "is_superuser": false, "is_staff": false, "last_login": "2016-02-11T21:23:01.013Z", "avatar": "users/12650466_10207236235578555_1385539379_n.jpg", "groups": [2], "user_permissions": [50, 51, 49], "nombre": "admin14", "password": "pbkdf2_sha256$20000$urnwrU9dCUqj$IbOXW51c7qTlSnp7f4+B/XTW79zjhWvg+4OgRJz66u0=", "telefono": null, "email": ""}, "model": "users.user", "pk": 24}, {"fields": {"username": "juan", "s_apellido": "sfsf", "p_apellido": "perez", "is_active": true, "empresa": null, "direccion": "", "is_superuser": false, "is_staff": false, "last_login": "2016-02-11T19:15:40.460Z", "avatar": "users/En_el_coraz\u00f3n_del_mar_Pel\u00edcula_Completa_en_Espa\u00f1ol_Latino.jpg", "groups": [1], "user_permissions": [49], "nombre": "juan", "password": "pbkdf2_sha256$20000$GyuHkCh0K88d$549ZzxeS1VzzQzxm1Bok5dlxatHX/F7s7Q5epXdwAqQ=", "telefono": null, "email": ""}, "model": "users.user", "pk": 25}, {"fields": {"username": "root", "s_apellido": "", "p_apellido": "", "is_active": true, "empresa": null, "direccion": "", "is_superuser": true, "is_staff": true, "last_login": null, "avatar": "", "groups": [], "user_permissions": [], "nombre": "", "password": "pbkdf2_sha256$20000$7QarD8c23ZDZ$mSdsCgUDch9oEjPZJnOO41tOMHjyZI9IRqeR4oySbLM=", "telefono": null, "email": "root@gmail.com"}, "model": "users.user", "pk": 32}, {"fields": {"username": "user2", "s_apellido": "qwe", "p_apellido": "wqeqe", "is_active": true, "empresa": 2, "direccion": "", "is_superuser": false, "is_staff": false, "last_login": null, "avatar": "", "groups": [2], "user_permissions": [50, 51, 49], "nombre": "user2", "password": "pbkdf2_sha256$20000$zaVXFAUZu3h2$U9WAx1ZfK/nc05G4ZWKX41s2sSLP3v82y+568J4j96A=", "telefono": null, "email": ""}, "model": "users.user", "pk": 38}, {"fields": {"username": "admin18", "s_apellido": "", "p_apellido": "asdasd", "is_active": true, "empresa": 6, "direccion": "", "is_superuser": false, "is_staff": false, "last_login": "2016-02-22T19:20:02.081Z", "avatar": "users/imagenes-buenas-noches.jpg", "groups": [1], "user_permissions": [49], "nombre": "admin18", "password": "pbkdf2_sha256$20000$RbPzjTo3QXeW$mUm7S7ZQ7QMf4Ct4yFQloUuVmW6hJ57Nb2HzeaDiDKg=", "telefono": null, "email": ""}, "model": "users.user", "pk": 40}, {"fields": {"username": "admin22", "s_apellido": "", "p_apellido": "kjkj", "is_active": true, "empresa": 5, "direccion": "", "is_superuser": false, "is_staff": false, "last_login": null, "avatar": "", "groups": [1], "user_permissions": [49], "nombre": "admin22", "password": "pbkdf2_sha256$20000$EMnwMxxtR70z$aJN7/sdG3vsH4pINKI4F32+CFu/GzHJOiYjIat0AU+o=", "telefono": null, "email": ""}, "model": "users.user", "pk": 41}, {"fields": {"username": "admin77", "s_apellido": "hgghgh", "p_apellido": "ghgh", "is_active": true, "empresa": 5, "direccion": "", "is_superuser": false, "is_staff": false, "last_login": "2016-02-16T21:26:36.649Z", "avatar": "", "groups": [1], "user_permissions": [49], "nombre": "admin77", "password": "pbkdf2_sha256$20000$kzjzwtqFr4cJ$SqyzBSGSxlEZUX8dBExY97aPkmkrg1FA8GNXZYXklck=", "telefono": null, "email": ""}, "model": "users.user", "pk": 42}, {"fields": {"username": "jose", "s_apellido": "khkh", "p_apellido": "jhjkhkh", "is_active": true, "empresa": 6, "direccion": "", "is_superuser": false, "is_staff": false, "last_login": "2016-02-24T14:50:24.500Z", "avatar": "", "groups": [2], "user_permissions": [50, 51, 49], "nombre": "jose", "password": "pbkdf2_sha256$20000$PUaAr75Ig4kW$isrEG8cmiFKXBSccciSBUKV3B6Hd6+TRRIv39jBOz1c=", "telefono": null, "email": ""}, "model": "users.user", "pk": 43}, {"fields": {"crear": true, "modelos": "almacenes", "operar": true, "user": 24, "editar": true, "eliminar": true}, "model": "inicio.rol", "pk": 153}, {"fields": {"crear": true, "modelos": "clientes", "operar": true, "user": 24, "editar": true, "eliminar": true}, "model": "inicio.rol", "pk": 154}, {"fields": {"crear": true, "modelos": "proveedores", "operar": true, "user": 24, "editar": true, "eliminar": true}, "model": "inicio.rol", "pk": 155}, {"fields": {"crear": true, "modelos": "reportes", "operar": true, "user": 24, "editar": true, "eliminar": true}, "model": "inicio.rol", "pk": 156}, {"fields": {"crear": true, "modelos": "compras", "operar": true, "user": 24, "editar": true, "eliminar": true}, "model": "inicio.rol", "pk": 157}, {"fields": {"crear": true, "modelos": "usuarios", "operar": true, "user": 24, "editar": true, "eliminar": true}, "model": "inicio.rol", "pk": 158}, {"fields": {"crear": true, "modelos": "bancarizacion", "operar": true, "user": 24, "editar": true, "eliminar": true}, "model": "inicio.rol", "pk": 159}, {"fields": {"crear": true, "modelos": "configuracion", "operar": true, "user": 24, "editar": true, "eliminar": true}, "model": "inicio.rol", "pk": 160}, {"fields": {"crear": true, "modelos": "almacenes", "operar": true, "user": 25, "editar": true, "eliminar": false}, "model": "inicio.rol", "pk": 161}, {"fields": {"crear": true, "modelos": "clientes", "operar": true, "user": 25, "editar": false, "eliminar": false}, "model": "inicio.rol", "pk": 162}, {"fields": {"crear": false, "modelos": "proveedores", "operar": true, "user": 25, "editar": false, "eliminar": false}, "model": "inicio.rol", "pk": 163}, {"fields": {"crear": false, "modelos": "reportes", "operar": true, "user": 25, "editar": false, "eliminar": false}, "model": "inicio.rol", "pk": 164}, {"fields": {"crear": false, "modelos": "compras", "operar": true, "user": 25, "editar": false, "eliminar": false}, "model": "inicio.rol", "pk": 165}, {"fields": {"crear": false, "modelos": "usuarios", "operar": true, "user": 25, "editar": false, "eliminar": false}, "model": "inicio.rol", "pk": 166}, {"fields": {"crear": false, "modelos": "bancarizacion", "operar": true, "user": 25, "editar": false, "eliminar": false}, "model": "inicio.rol", "pk": 167}, {"fields": {"crear": false, "modelos": "configuracion", "operar": true, "user": 25, "editar": false, "eliminar": false}, "model": "inicio.rol", "pk": 168}, {"fields": {"crear": true, "modelos": "almacenes", "operar": true, "user": 38, "editar": true, "eliminar": true}, "model": "inicio.rol", "pk": 245}, {"fields": {"crear": true, "modelos": "clientes", "operar": true, "user": 38, "editar": true, "eliminar": true}, "model": "inicio.rol", "pk": 246}, {"fields": {"crear": true, "modelos": "proveedores", "operar": true, "user": 38, "editar": true, "eliminar": true}, "model": "inicio.rol", "pk": 247}, {"fields": {"crear": true, "modelos": "reportes", "operar": true, "user": 38, "editar": true, "eliminar": true}, "model": "inicio.rol", "pk": 248}, {"fields": {"crear": true, "modelos": "compras", "operar": true, "user": 38, "editar": true, "eliminar": true}, "model": "inicio.rol", "pk": 249}, {"fields": {"crear": true, "modelos": "usuarios", "operar": true, "user": 38, "editar": true, "eliminar": true}, "model": "inicio.rol", "pk": 250}, {"fields": {"crear": true, "modelos": "bancarizacion", "operar": true, "user": 38, "editar": true, "eliminar": true}, "model": "inicio.rol", "pk": 251}, {"fields": {"crear": true, "modelos": "configuracion", "operar": true, "user": 38, "editar": true, "eliminar": true}, "model": "inicio.rol", "pk": 252}, {"fields": {"crear": false, "modelos": "almacenes", "operar": false, "user": 40, "editar": false, "eliminar": false}, "model": "inicio.rol", "pk": 261}, {"fields": {"crear": false, "modelos": "clientes", "operar": false, "user": 40, "editar": false, "eliminar": false}, "model": "inicio.rol", "pk": 262}, {"fields": {"crear": false, "modelos": "proveedores", "operar": false, "user": 40, "editar": false, "eliminar": false}, "model": "inicio.rol", "pk": 263}, {"fields": {"crear": false, "modelos": "reportes", "operar": false, "user": 40, "editar": false, "eliminar": false}, "model": "inicio.rol", "pk": 264}, {"fields": {"crear": false, "modelos": "compras", "operar": false, "user": 40, "editar": false, "eliminar": false}, "model": "inicio.rol", "pk": 265}, {"fields": {"crear": false, "modelos": "usuarios", "operar": false, "user": 40, "editar": false, "eliminar": false}, "model": "inicio.rol", "pk": 266}, {"fields": {"crear": false, "modelos": "bancarizacion", "operar": false, "user": 40, "editar": false, "eliminar": false}, "model": "inicio.rol", "pk": 267}, {"fields": {"crear": false, "modelos": "configuracion", "operar": false, "user": 40, "editar": false, "eliminar": false}, "model": "inicio.rol", "pk": 268}, {"fields": {"crear": false, "modelos": "almacenes", "operar": false, "user": 41, "editar": false, "eliminar": false}, "model": "inicio.rol", "pk": 269}, {"fields": {"crear": false, "modelos": "clientes", "operar": false, "user": 41, "editar": false, "eliminar": false}, "model": "inicio.rol", "pk": 270}, {"fields": {"crear": false, "modelos": "proveedores", "operar": false, "user": 41, "editar": false, "eliminar": false}, "model": "inicio.rol", "pk": 271}, {"fields": {"crear": false, "modelos": "reportes", "operar": false, "user": 41, "editar": false, "eliminar": false}, "model": "inicio.rol", "pk": 272}, {"fields": {"crear": false, "modelos": "compras", "operar": false, "user": 41, "editar": false, "eliminar": false}, "model": "inicio.rol", "pk": 273}, {"fields": {"crear": false, "modelos": "usuarios", "operar": false, "user": 41, "editar": false, "eliminar": false}, "model": "inicio.rol", "pk": 274}, {"fields": {"crear": false, "modelos": "bancarizacion", "operar": false, "user": 41, "editar": false, "eliminar": false}, "model": "inicio.rol", "pk": 275}, {"fields": {"crear": false, "modelos": "configuracion", "operar": false, "user": 41, "editar": false, "eliminar": false}, "model": "inicio.rol", "pk": 276}, {"fields": {"crear": false, "modelos": "almacenes", "operar": true, "user": 42, "editar": false, "eliminar": false}, "model": "inicio.rol", "pk": 277}, {"fields": {"crear": false, "modelos": "clientes", "operar": true, "user": 42, "editar": false, "eliminar": false}, "model": "inicio.rol", "pk": 278}, {"fields": {"crear": false, "modelos": "proveedores", "operar": true, "user": 42, "editar": false, "eliminar": false}, "model": "inicio.rol", "pk": 279}, {"fields": {"crear": false, "modelos": "reportes", "operar": true, "user": 42, "editar": false, "eliminar": false}, "model": "inicio.rol", "pk": 280}, {"fields": {"crear": false, "modelos": "compras", "operar": true, "user": 42, "editar": false, "eliminar": false}, "model": "inicio.rol", "pk": 281}, {"fields": {"crear": false, "modelos": "usuarios", "operar": false, "user": 42, "editar": false, "eliminar": false}, "model": "inicio.rol", "pk": 282}, {"fields": {"crear": false, "modelos": "bancarizacion", "operar": true, "user": 42, "editar": false, "eliminar": false}, "model": "inicio.rol", "pk": 283}, {"fields": {"crear": false, "modelos": "configuracion", "operar": true, "user": 42, "editar": false, "eliminar": false}, "model": "inicio.rol", "pk": 284}, {"fields": {"crear": false, "modelos": "facturacion", "operar": false, "user": 42, "editar": false, "eliminar": false}, "model": "inicio.rol", "pk": 285}, {"fields": {"crear": true, "modelos": "almacenes", "operar": true, "user": 43, "editar": true, "eliminar": true}, "model": "inicio.rol", "pk": 286}, {"fields": {"crear": true, "modelos": "clientes", "operar": true, "user": 43, "editar": true, "eliminar": true}, "model": "inicio.rol", "pk": 287}, {"fields": {"crear": true, "modelos": "proveedores", "operar": true, "user": 43, "editar": true, "eliminar": true}, "model": "inicio.rol", "pk": 288}, {"fields": {"crear": true, "modelos": "reportes", "operar": true, "user": 43, "editar": true, "eliminar": true}, "model": "inicio.rol", "pk": 289}, {"fields": {"crear": true, "modelos": "compras", "operar": true, "user": 43, "editar": true, "eliminar": true}, "model": "inicio.rol", "pk": 290}, {"fields": {"crear": true, "modelos": "usuarios", "operar": true, "user": 43, "editar": true, "eliminar": true}, "model": "inicio.rol", "pk": 291}, {"fields": {"crear": true, "modelos": "bancarizacion", "operar": true, "user": 43, "editar": true, "eliminar": true}, "model": "inicio.rol", "pk": 292}, {"fields": {"crear": true, "modelos": "configuracion", "operar": true, "user": 43, "editar": true, "eliminar": true}, "model": "inicio.rol", "pk": 293}, {"fields": {"crear": true, "modelos": "facturacion", "operar": true, "user": 43, "editar": true, "eliminar": true}, "model": "inicio.rol", "pk": 294}, {"fields": {"action_flag": 2, "action_time": "2016-02-02T04:15:05.514Z", "object_repr": "admin", "object_id": "3", "change_message": "Modificado/a nombre, p_apellido, s_apellido, direccion y avatar.", "user": 3, "content_type": 6}, "model": "admin.logentry", "pk": 1}, {"fields": {"action_flag": 2, "action_time": "2016-02-08T03:49:58.995Z", "object_repr": "admin", "object_id": "3", "change_message": "Modificado/a avatar.", "user": 3, "content_type": 6}, "model": "admin.logentry", "pk": 2}, {"fields": {"action_flag": 2, "action_time": "2016-02-13T15:52:46.376Z", "object_repr": "P2-44-producto3", "object_id": "6", "change_message": "Modificado/a precio_unitario.", "user": 3, "content_type": 8}, "model": "admin.logentry", "pk": 3}, {"fields": {"action_flag": 2, "action_time": "2016-02-13T15:54:40.305Z", "object_repr": "P2-44-producto3", "object_id": "6", "change_message": "Modificado/a cantidad y precio_unitario.", "user": 3, "content_type": 8}, "model": "admin.logentry", "pk": 4}, {"fields": {"action_flag": 2, "action_time": "2016-02-13T20:04:27.911Z", "object_repr": "usuarios", "object_id": "202", "change_message": "Modificado/a operar, crear, editar y eliminar.", "user": 3, "content_type": 16}, "model": "admin.logentry", "pk": 5}, {"fields": {"action_flag": 1, "action_time": "2016-02-13T21:49:50.103Z", "object_repr": "local don arturito", "object_id": "1", "change_message": "", "user": 3, "content_type": 17}, "model": "admin.logentry", "pk": 6}, {"fields": {"action_flag": 2, "action_time": "2016-02-14T15:33:27.550Z", "object_repr": "admin18", "object_id": "31", "change_message": "Modificado/a email, s_apellido, direccion y empresa.", "user": 3, "content_type": 6}, "model": "admin.logentry", "pk": 7}, {"fields": {"action_flag": 2, "action_time": "2016-02-14T15:40:18.487Z", "object_repr": "admin3", "object_id": "33", "change_message": "Modificado/a email, direccion, avatar y empresa.", "user": 3, "content_type": 6}, "model": "admin.logentry", "pk": 8}, {"fields": {"action_flag": 1, "action_time": "2016-02-14T16:48:46.338Z", "object_repr": "jjjjjjj", "object_id": "2", "change_message": "", "user": 3, "content_type": 17}, "model": "admin.logentry", "pk": 9}, {"fields": {"action_flag": 2, "action_time": "2016-02-14T19:29:28.387Z", "object_repr": "P2-44-productopppppp", "object_id": "6", "change_message": "Modificado/a descripcion.", "user": 3, "content_type": 8}, "model": "admin.logentry", "pk": 10}, {"fields": {"action_flag": 3, "action_time": "2016-02-14T20:28:19.843Z", "object_repr": "P2-44-producto3", "object_id": "9", "change_message": "", "user": 3, "content_type": 8}, "model": "admin.logentry", "pk": 11}, {"fields": {"action_flag": 3, "action_time": "2016-02-14T22:18:03.271Z", "object_repr": "P1-33-producto2", "object_id": "10", "change_message": "", "user": 3, "content_type": 8}, "model": "admin.logentry", "pk": 12}, {"fields": {"action_flag": 3, "action_time": "2016-02-14T22:18:03.289Z", "object_repr": "P1-33-producto2", "object_id": "5", "change_message": "", "user": 3, "content_type": 8}, "model": "admin.logentry", "pk": 13}, {"fields": {"action_flag": 3, "action_time": "2016-02-15T21:26:06.626Z", "object_repr": " 2333- werrwerwer", "object_id": "16", "change_message": "", "user": 3, "content_type": 12}, "model": "admin.logentry", "pk": 14}, {"fields": {"action_flag": 3, "action_time": "2016-02-15T21:28:48.234Z", "object_repr": " 5788999- jhhhjhjh", "object_id": "13", "change_message": "", "user": 3, "content_type": 12}, "model": "admin.logentry", "pk": 15}, {"fields": {"action_flag": 3, "action_time": "2016-02-15T21:28:48.252Z", "object_repr": " 42342- werwerwe", "object_id": "12", "change_message": "", "user": 3, "content_type": 12}, "model": "admin.logentry", "pk": 16}, {"fields": {"action_flag": 3, "action_time": "2016-02-15T21:28:48.263Z", "object_repr": " 3434- ertertetttt", "object_id": "11", "change_message": "", "user": 3, "content_type": 12}, "model": "admin.logentry", "pk": 17}, {"fields": {"action_flag": 3, "action_time": "2016-02-15T21:28:48.274Z", "object_repr": " 23432423- sfsdfsdf", "object_id": "10", "change_message": "", "user": 3, "content_type": 12}, "model": "admin.logentry", "pk": 18}, {"fields": {"action_flag": 3, "action_time": "2016-02-15T21:28:48.302Z", "object_repr": " 324234- dsffdsfsf", "object_id": "9", "change_message": "", "user": 3, "content_type": 12}, "model": "admin.logentry", "pk": 19}, {"fields": {"action_flag": 3, "action_time": "2016-02-15T21:28:48.340Z", "object_repr": " 4444- ertert", "object_id": "8", "change_message": "", "user": 3, "content_type": 12}, "model": "admin.logentry", "pk": 20}, {"fields": {"action_flag": 3, "action_time": "2016-02-15T21:28:48.351Z", "object_repr": " 0- 334345", "object_id": "7", "change_message": "", "user": 3, "content_type": 12}, "model": "admin.logentry", "pk": 21}, {"fields": {"action_flag": 3, "action_time": "2016-02-15T21:28:48.363Z", "object_repr": " 34535- wrwrwrwr", "object_id": "6", "change_message": "", "user": 3, "content_type": 12}, "model": "admin.logentry", "pk": 22}, {"fields": {"action_flag": 3, "action_time": "2016-02-15T21:28:48.374Z", "object_repr": " 234234- rwrwrr", "object_id": "5", "change_message": "", "user": 3, "content_type": 12}, "model": "admin.logentry", "pk": 23}, {"fields": {"action_flag": 3, "action_time": "2016-02-15T21:28:48.385Z", "object_repr": " 23424- sdfsfsf", "object_id": "4", "change_message": "", "user": 3, "content_type": 12}, "model": "admin.logentry", "pk": 24}, {"fields": {"action_flag": 3, "action_time": "2016-02-15T21:28:48.396Z", "object_repr": " 324234234- werwerewr", "object_id": "3", "change_message": "", "user": 3, "content_type": 12}, "model": "admin.logentry", "pk": 25}, {"fields": {"action_flag": 3, "action_time": "2016-02-15T21:28:48.407Z", "object_repr": " 34232423- dsfsdfdsfsdfs", "object_id": "2", "change_message": "", "user": 3, "content_type": 12}, "model": "admin.logentry", "pk": 26}, {"fields": {"action_flag": 3, "action_time": "2016-02-15T21:28:48.418Z", "object_repr": " 345345- sdfdsfsdf", "object_id": "1", "change_message": "", "user": 3, "content_type": 12}, "model": "admin.logentry", "pk": 27}, {"fields": {"action_flag": 3, "action_time": "2016-02-15T21:55:08.401Z", "object_repr": " 342342- sdsfsdf", "object_id": "19", "change_message": "", "user": 3, "content_type": 12}, "model": "admin.logentry", "pk": 28}, {"fields": {"action_flag": 3, "action_time": "2016-02-15T21:55:08.426Z", "object_repr": " 234234- werwer", "object_id": "18", "change_message": "", "user": 3, "content_type": 12}, "model": "admin.logentry", "pk": 29}, {"fields": {"action_flag": 3, "action_time": "2016-02-15T21:55:08.438Z", "object_repr": " 12313- dsadad", "object_id": "17", "change_message": "", "user": 3, "content_type": 12}, "model": "admin.logentry", "pk": 30}, {"fields": {"action_flag": 3, "action_time": "2016-02-15T22:19:59.172Z", "object_repr": " 23131- eqweqe", "object_id": "29", "change_message": "", "user": 3, "content_type": 12}, "model": "admin.logentry", "pk": 31}, {"fields": {"action_flag": 3, "action_time": "2016-02-15T22:19:59.189Z", "object_repr": " 3211323- asdasdad", "object_id": "28", "change_message": "", "user": 3, "content_type": 12}, "model": "admin.logentry", "pk": 32}, {"fields": {"action_flag": 3, "action_time": "2016-02-15T22:19:59.200Z", "object_repr": " 1331- qweqe", "object_id": "27", "change_message": "", "user": 3, "content_type": 12}, "model": "admin.logentry", "pk": 33}, {"fields": {"action_flag": 3, "action_time": "2016-02-15T22:19:59.211Z", "object_repr": " 1313- qeqeq", "object_id": "26", "change_message": "", "user": 3, "content_type": 12}, "model": "admin.logentry", "pk": 34}, {"fields": {"action_flag": 3, "action_time": "2016-02-15T22:19:59.223Z", "object_repr": " 1313- eqeq", "object_id": "25", "change_message": "", "user": 3, "content_type": 12}, "model": "admin.logentry", "pk": 35}, {"fields": {"action_flag": 3, "action_time": "2016-02-15T22:19:59.233Z", "object_repr": " 3242- werwer", "object_id": "24", "change_message": "", "user": 3, "content_type": 12}, "model": "admin.logentry", "pk": 36}, {"fields": {"action_flag": 3, "action_time": "2016-02-15T22:19:59.244Z", "object_repr": " 1313- eqwe", "object_id": "23", "change_message": "", "user": 3, "content_type": 12}, "model": "admin.logentry", "pk": 37}, {"fields": {"action_flag": 3, "action_time": "2016-02-15T22:19:59.300Z", "object_repr": " 3242- asasd", "object_id": "22", "change_message": "", "user": 3, "content_type": 12}, "model": "admin.logentry", "pk": 38}, {"fields": {"action_flag": 3, "action_time": "2016-02-15T22:19:59.334Z", "object_repr": " 2313- eqeq", "object_id": "21", "change_message": "", "user": 3, "content_type": 12}, "model": "admin.logentry", "pk": 39}, {"fields": {"action_flag": 3, "action_time": "2016-02-15T22:19:59.387Z", "object_repr": " 32424- sdfsdf", "object_id": "20", "change_message": "", "user": 3, "content_type": 12}, "model": "admin.logentry", "pk": 40}, {"fields": {"action_flag": 3, "action_time": "2016-02-15T22:38:38.855Z", "object_repr": " 3224324- ewrwerwer", "object_id": "35", "change_message": "", "user": 3, "content_type": 12}, "model": "admin.logentry", "pk": 41}, {"fields": {"action_flag": 3, "action_time": "2016-02-15T22:38:38.874Z", "object_repr": " 123131- qweqweq", "object_id": "34", "change_message": "", "user": 3, "content_type": 12}, "model": "admin.logentry", "pk": 42}, {"fields": {"action_flag": 3, "action_time": "2016-02-15T22:38:38.886Z", "object_repr": " 3242434- ewrwer", "object_id": "33", "change_message": "", "user": 3, "content_type": 12}, "model": "admin.logentry", "pk": 43}, {"fields": {"action_flag": 3, "action_time": "2016-02-15T22:38:38.897Z", "object_repr": " 12313- dsaaad", "object_id": "32", "change_message": "", "user": 3, "content_type": 12}, "model": "admin.logentry", "pk": 44}, {"fields": {"action_flag": 3, "action_time": "2016-02-15T22:38:38.908Z", "object_repr": " 12313- dadad", "object_id": "31", "change_message": "", "user": 3, "content_type": 12}, "model": "admin.logentry", "pk": 45}, {"fields": {"action_flag": 3, "action_time": "2016-02-15T22:38:38.919Z", "object_repr": " 1313- asdasda", "object_id": "30", "change_message": "", "user": 3, "content_type": 12}, "model": "admin.logentry", "pk": 46}, {"fields": {"action_flag": 3, "action_time": "2016-02-15T22:38:50.399Z", "object_repr": "DatosDosificacion object", "object_id": "11", "change_message": "", "user": 3, "content_type": 18}, "model": "admin.logentry", "pk": 47}, {"fields": {"action_flag": 3, "action_time": "2016-02-15T22:38:50.452Z", "object_repr": "DatosDosificacion object", "object_id": "10", "change_message": "", "user": 3, "content_type": 18}, "model": "admin.logentry", "pk": 48}, {"fields": {"action_flag": 3, "action_time": "2016-02-15T22:38:50.464Z", "object_repr": "DatosDosificacion object", "object_id": "9", "change_message": "", "user": 3, "content_type": 18}, "model": "admin.logentry", "pk": 49}, {"fields": {"action_flag": 3, "action_time": "2016-02-15T22:38:50.475Z", "object_repr": "DatosDosificacion object", "object_id": "8", "change_message": "", "user": 3, "content_type": 18}, "model": "admin.logentry", "pk": 50}, {"fields": {"action_flag": 3, "action_time": "2016-02-15T22:38:50.486Z", "object_repr": "DatosDosificacion object", "object_id": "7", "change_message": "", "user": 3, "content_type": 18}, "model": "admin.logentry", "pk": 51}, {"fields": {"action_flag": 3, "action_time": "2016-02-15T22:38:50.497Z", "object_repr": "DatosDosificacion object", "object_id": "6", "change_message": "", "user": 3, "content_type": 18}, "model": "admin.logentry", "pk": 52}]