[
{
   "fields": {
      "model": "logentry",
      "app_label": "admin"
   },
   "model": "contenttypes.contenttype",
   "pk": 1
},
{
   "fields": {
      "model": "permission",
      "app_label": "auth"
   },
   "model": "contenttypes.contenttype",
   "pk": 2
},
{
   "fields": {
      "model": "group",
      "app_label": "auth"
   },
   "model": "contenttypes.contenttype",
   "pk": 3
},
{
   "fields": {
      "model": "contenttype",
      "app_label": "contenttypes"
   },
   "model": "contenttypes.contenttype",
   "pk": 4
},
{
   "fields": {
      "model": "session",
      "app_label": "sessions"
   },
   "model": "contenttypes.contenttype",
   "pk": 5
},
{
   "fields": {
      "model": "personajuridica",
      "app_label": "users"
   },
   "model": "contenttypes.contenttype",
   "pk": 6
},
{
   "fields": {
      "model": "user",
      "app_label": "users"
   },
   "model": "contenttypes.contenttype",
   "pk": 7
},
{
   "fields": {
      "model": "rol",
      "app_label": "inicio"
   },
   "model": "contenttypes.contenttype",
   "pk": 8
},
{
   "fields": {
      "model": "proveedor",
      "app_label": "proveedores"
   },
   "model": "contenttypes.contenttype",
   "pk": 9
},
{
   "fields": {
      "model": "item",
      "app_label": "producto"
   },
   "model": "contenttypes.contenttype",
   "pk": 10
},
{
   "fields": {
      "model": "cliente",
      "app_label": "cliente"
   },
   "model": "contenttypes.contenttype",
   "pk": 11
},
{
   "fields": {
      "model": "compra",
      "app_label": "compras"
   },
   "model": "contenttypes.contenttype",
   "pk": 12
},
{
   "fields": {
      "model": "detallecompra",
      "app_label": "compras"
   },
   "model": "contenttypes.contenttype",
   "pk": 13
},
{
   "fields": {
      "model": "venta",
      "app_label": "ventas"
   },
   "model": "contenttypes.contenttype",
   "pk": 14
},
{
   "fields": {
      "model": "detalleventa",
      "app_label": "ventas"
   },
   "model": "contenttypes.contenttype",
   "pk": 15
},
{
   "fields": {
      "model": "movimiento",
      "app_label": "ventas"
   },
   "model": "contenttypes.contenttype",
   "pk": 16
},
{
   "fields": {
      "model": "cobro",
      "app_label": "ventas"
   },
   "model": "contenttypes.contenttype",
   "pk": 17
},
{
   "fields": {
      "model": "datosdosificacion",
      "app_label": "config"
   },
   "model": "contenttypes.contenttype",
   "pk": 18
},
{
   "fields": {
      "model": "formatofactura",
      "app_label": "config"
   },
   "model": "contenttypes.contenttype",
   "pk": 19
},
{
   "fields": {
      "model": "clientecampos",
      "app_label": "config"
   },
   "model": "contenttypes.contenttype",
   "pk": 20
},
{
   "fields": {
      "model": "centrocostos",
      "app_label": "compras"
   },
   "model": "contenttypes.contenttype",
   "pk": 21
},
{
   "fields": {
      "model": "cobrocompra",
      "app_label": "compras"
   },
   "model": "contenttypes.contenttype",
   "pk": 22
},
{
   "fields": {
      "expire_date": "2016-03-25T19:07:57.922Z",
      "session_data": "OTY0MjA5MWEwMjFlZDhmMWYyNDNmYTdhOTg5MWM5OTU3YzFmMDEzNjp7Il9hdXRoX3VzZXJfaGFzaCI6IjliZmZkYTViNWJlZDRkMjdlN2ZmZTI1ZjA2ZDYzMDVlMzc4ZjMxY2MiLCJfYXV0aF91c2VyX2JhY2tlbmQiOiJkamFuZ28uY29udHJpYi5hdXRoLmJhY2tlbmRzLk1vZGVsQmFja2VuZCIsIl9hdXRoX3VzZXJfaWQiOiIyIn0="
   },
   "model": "sessions.session",
   "pk": "92ay0bnll1rmhqfvgps1sx8w1xdgeg8k"
},
{
   "fields": {
      "expire_date": "2016-03-23T17:12:58.021Z",
      "session_data": "M2NmNmU5OGNlMGEwMDNjM2ZkNmY5YzA1MmQwZmIwY2EyODIxMzY4MDp7Il9hdXRoX3VzZXJfaGFzaCI6IjVmMWI1MTU3YzhlNzQ4ZjY1NWI2OTQ5MDQ3N2RkMGE5YzcyN2IzZDciLCJfYXV0aF91c2VyX2JhY2tlbmQiOiJkamFuZ28uY29udHJpYi5hdXRoLmJhY2tlbmRzLk1vZGVsQmFja2VuZCIsIl9hdXRoX3VzZXJfaWQiOiIxIn0="
   },
   "model": "sessions.session",
   "pk": "95adarss9k80rjv45aokqg99kv27o21m"
},
{
   "fields": {
      "expire_date": "2016-03-21T20:32:45.250Z",
      "session_data": "OTY0MjA5MWEwMjFlZDhmMWYyNDNmYTdhOTg5MWM5OTU3YzFmMDEzNjp7Il9hdXRoX3VzZXJfaGFzaCI6IjliZmZkYTViNWJlZDRkMjdlN2ZmZTI1ZjA2ZDYzMDVlMzc4ZjMxY2MiLCJfYXV0aF91c2VyX2JhY2tlbmQiOiJkamFuZ28uY29udHJpYi5hdXRoLmJhY2tlbmRzLk1vZGVsQmFja2VuZCIsIl9hdXRoX3VzZXJfaWQiOiIyIn0="
   },
   "model": "sessions.session",
   "pk": "bbeuonnhhn511ip3a111q0usq0sray8e"
},
{
   "fields": {
      "expire_date": "2016-03-21T18:41:40.341Z",
      "session_data": "OTY0MjA5MWEwMjFlZDhmMWYyNDNmYTdhOTg5MWM5OTU3YzFmMDEzNjp7Il9hdXRoX3VzZXJfaGFzaCI6IjliZmZkYTViNWJlZDRkMjdlN2ZmZTI1ZjA2ZDYzMDVlMzc4ZjMxY2MiLCJfYXV0aF91c2VyX2JhY2tlbmQiOiJkamFuZ28uY29udHJpYi5hdXRoLmJhY2tlbmRzLk1vZGVsQmFja2VuZCIsIl9hdXRoX3VzZXJfaWQiOiIyIn0="
   },
   "model": "sessions.session",
   "pk": "d9bjk8ir1b2e8zz6ap95i87b361niw2z"
},
{
   "fields": {
      "telefono3": null,
      "telefono2": null,
      "municipios": "Cochabamba",
      "razon_social": "Empresa srl",
      "departamento": "Cochabamba",
      "direccion": "sacaba",
      "telefono": 456567888,
      "nit": 324234
   },
   "model": "users.personajuridica",
   "pk": 1
},
{
   "fields": {
      "telefono3": null,
      "telefono2": null,
      "municipios": "Entre Rios (Bulo Bulo)",
      "razon_social": "Ferreteria",
      "departamento": "Cochabamba",
      "direccion": "sacaba",
      "telefono": 42321212,
      "nit": 34242342
   },
   "model": "users.personajuridica",
   "pk": 2
},
{
   "fields": {
      "empresa": 1,
      "contactos": "errerere",
      "telefono1": 45644446,
      "ubicacion_geo": "jhjhh",
      "telefono3": 4242,
      "telefono2": 32424,
      "razon_social": "pedro",
      "texto2": "jhjh",
      "direccion": "hkjhj",
      "texto1": "jhjhjhj",
      "rubro": "hjhjh",
      "fecha2": "2015-09-23",
      "fecha1": "2015-09-23",
      "codigo": "p1",
      "nit": "qwqww"
   },
   "model": "proveedores.proveedor",
   "pk": 1
},
{
   "fields": {
      "empresa": 1,
      "contactos": "erer",
      "telefono1": 343434,
      "ubicacion_geo": "ererrrreer",
      "telefono3": 45646,
      "telefono2": 44646,
      "razon_social": "jose",
      "texto2": "ererer",
      "direccion": "wewe",
      "texto1": "uuuuuu",
      "rubro": "dfdhdh",
      "fecha2": "2015-09-23",
      "fecha1": "2015-09-23",
      "codigo": "p3",
      "nit": "uyyyuyuyy"
   },
   "model": "proveedores.proveedor",
   "pk": 2
},
{
   "fields": {
      "empresa": 1,
      "contactos": "erererree",
      "telefono1": 343434,
      "ubicacion_geo": "erererre",
      "telefono3": null,
      "telefono2": null,
      "razon_social": "juan",
      "texto2": "ererer",
      "direccion": "wewe",
      "texto1": "ttttttt",
      "rubro": "hdhdh",
      "fecha2": "2015-09-23",
      "fecha1": "2015-09-23",
      "codigo": "p32",
      "nit": "ewewe"
   },
   "model": "proveedores.proveedor",
   "pk": 3
},
{
   "fields": {
      "empresa": 1,
      "contactos": "ererere",
      "telefono1": 343434,
      "ubicacion_geo": "yyyyyy",
      "telefono3": null,
      "telefono2": null,
      "razon_social": "ramon",
      "texto2": "ererer",
      "direccion": "weewe",
      "texto1": "rterrere",
      "rubro": "dhdhd",
      "fecha2": "2015-09-23",
      "fecha1": "2015-09-23",
      "codigo": "p42",
      "nit": "wewew"
   },
   "model": "proveedores.proveedor",
   "pk": 4
},
{
   "fields": {
      "empresa": 1,
      "contactos": "erereerer",
      "telefono1": 343434,
      "ubicacion_geo": "uuuuuuu",
      "telefono3": null,
      "telefono2": null,
      "razon_social": "nose",
      "texto2": "ererewew",
      "direccion": "wewe",
      "texto1": "ererreerr",
      "rubro": "dhdhdhdh",
      "fecha2": "2015-09-23",
      "fecha1": "2015-09-23",
      "codigo": "p52",
      "nit": "wewew"
   },
   "model": "proveedores.proveedor",
   "pk": 5
},
{
   "fields": {
      "empresa": 1,
      "contactos": "ererere",
      "telefono1": 343434,
      "ubicacion_geo": "uuuuuuu",
      "telefono3": null,
      "telefono2": null,
      "razon_social": "nancy",
      "texto2": "qqqq",
      "direccion": "wewe",
      "texto1": "rerer",
      "rubro": "w",
      "fecha2": "2015-09-23",
      "fecha1": "2015-09-23",
      "codigo": "p62",
      "nit": "wewew"
   },
   "model": "proveedores.proveedor",
   "pk": 6
},
{
   "fields": {
      "empresa": 1,
      "contactos": "ererr",
      "telefono1": 343434,
      "ubicacion_geo": "uuuuuuu",
      "telefono3": null,
      "telefono2": null,
      "razon_social": "anita",
      "texto2": "rtetete",
      "direccion": "rtrtrtrtrt",
      "texto1": "rerer",
      "rubro": "eeeeeeee",
      "fecha2": "2015-09-23",
      "fecha1": "2015-09-23",
      "codigo": "p72",
      "nit": "wewew"
   },
   "model": "proveedores.proveedor",
   "pk": 7
},
{
   "fields": {
      "empresa": 2,
      "contactos": "errerere",
      "telefono1": 45644446,
      "ubicacion_geo": "jhjhh",
      "telefono3": null,
      "telefono2": null,
      "razon_social": "pedro",
      "texto2": "jhjh",
      "direccion": "hkjhj",
      "texto1": "jhjhjhj",
      "rubro": "hjhjh",
      "fecha2": "2015-09-23",
      "fecha1": "2015-09-23",
      "codigo": "p12",
      "nit": "qwqww"
   },
   "model": "proveedores.proveedor",
   "pk": 8
},
{
   "fields": {
      "empresa": 2,
      "contactos": "erer",
      "telefono1": 343434,
      "ubicacion_geo": "ererrrreer",
      "telefono3": null,
      "telefono2": null,
      "razon_social": "jose",
      "texto2": "ererer",
      "direccion": "wewe",
      "texto1": "uuuuuu",
      "rubro": "dfdhdh",
      "fecha2": "2015-09-23",
      "fecha1": "2015-09-23",
      "codigo": "p22",
      "nit": "uyyyuyuyy"
   },
   "model": "proveedores.proveedor",
   "pk": 9
},
{
   "fields": {
      "empresa": 2,
      "contactos": "erererree",
      "telefono1": 343434,
      "ubicacion_geo": "erererre",
      "telefono3": null,
      "telefono2": null,
      "razon_social": "juan",
      "texto2": "ererer",
      "direccion": "wewe",
      "texto1": "ttttttt",
      "rubro": "hdhdh",
      "fecha2": "2015-09-23",
      "fecha1": "2015-09-23",
      "codigo": "p32",
      "nit": "ewewe"
   },
   "model": "proveedores.proveedor",
   "pk": 10
},
{
   "fields": {
      "empresa": 2,
      "contactos": "ererere",
      "telefono1": 343434,
      "ubicacion_geo": "yyyyyy",
      "telefono3": null,
      "telefono2": null,
      "razon_social": "ramon",
      "texto2": "ererer",
      "direccion": "weewe",
      "texto1": "rterrere",
      "rubro": "dhdhd",
      "fecha2": "2015-09-23",
      "fecha1": "2015-09-23",
      "codigo": "p42",
      "nit": "wewew"
   },
   "model": "proveedores.proveedor",
   "pk": 11
},
{
   "fields": {
      "empresa": 2,
      "contactos": "erereerer",
      "telefono1": 343434,
      "ubicacion_geo": "uuuuuuu",
      "telefono3": null,
      "telefono2": null,
      "razon_social": "nose",
      "texto2": "ererewew",
      "direccion": "wewe",
      "texto1": "ererreerr",
      "rubro": "dhdhdhdh",
      "fecha2": "2015-09-23",
      "fecha1": "2015-09-23",
      "codigo": "p52",
      "nit": "wewew"
   },
   "model": "proveedores.proveedor",
   "pk": 12
},
{
   "fields": {
      "empresa": 2,
      "contactos": "ererere",
      "telefono1": 343434,
      "ubicacion_geo": "uuuuuuu",
      "telefono3": null,
      "telefono2": null,
      "razon_social": "nancy",
      "texto2": "qqqq",
      "direccion": "wewe",
      "texto1": "rerer",
      "rubro": "w",
      "fecha2": "2015-09-23",
      "fecha1": "2015-09-23",
      "codigo": "p62",
      "nit": "wewew"
   },
   "model": "proveedores.proveedor",
   "pk": 13
},
{
   "fields": {
      "empresa": 2,
      "contactos": "ererr",
      "telefono1": 343434,
      "ubicacion_geo": "uuuuuuu",
      "telefono3": null,
      "telefono2": null,
      "razon_social": "anita",
      "texto2": "rtetete",
      "direccion": "rtrtrtrtrt",
      "texto1": "rerer",
      "rubro": "eeeeeeee",
      "fecha2": "2015-09-23",
      "fecha1": "2015-09-23",
      "codigo": "p72",
      "nit": "wewew"
   },
   "model": "proveedores.proveedor",
   "pk": 14
},
{
   "fields": {
      "empresa": 1,
      "proveedor": 3,
      "cantidad": 4,
      "almacen": 1,
      "saldo_min": 32,
      "precio_unitario": "34.00",
      "unidad_medida": "asda",
      "carac_especial_2": "sdfsdf",
      "subgrupo": "asdas",
      "codigo_item": "juan",
      "carac_especial_1": "asdasd",
      "descripcion": "sdfsdfsd",
      "costo_unitario": "45.00",
      "grupo": "sdfsdf",
      "fecha_transaccion": null,
      "codigo_fabrica": "sdfsdfs",
      "imagen": ""
   },
   "model": "producto.item",
   "pk": 15
},
{
   "fields": {
      "empresa": 1,
      "proveedor": 1,
      "cantidad": 456,
      "almacen": 1,
      "saldo_min": 39,
      "precio_unitario": "34.00",
      "unidad_medida": "ddff",
      "carac_especial_2": "dfgdg",
      "subgrupo": "gdg",
      "codigo_item": "juju",
      "carac_especial_1": "dfgdgd",
      "descripcion": "dgdg",
      "costo_unitario": "45.00",
      "grupo": "dfgdg",
      "fecha_transaccion": null,
      "codigo_fabrica": "gdg",
      "imagen": "items/1610392d637623abe9f267b976793e08.jpg"
   },
   "model": "producto.item",
   "pk": 16
},
{
   "fields": {
      "empresa": 1,
      "proveedor": 2,
      "cantidad": 34,
      "almacen": 1,
      "saldo_min": 3430,
      "precio_unitario": "34.00",
      "unidad_medida": "dffdfdf",
      "carac_especial_2": "fgfg",
      "subgrupo": "dgffg",
      "codigo_item": "jujuiiii",
      "carac_especial_1": "gffg",
      "descripcion": "fgfg",
      "costo_unitario": "345.00",
      "grupo": "fgfgg",
      "fecha_transaccion": null,
      "codigo_fabrica": "ddfdfd",
      "imagen": "items/front-15_wv9zNHl.jpg"
   },
   "model": "producto.item",
   "pk": 18
},
{
   "fields": {
      "empresa": 1,
      "proveedor": 7,
      "cantidad": 44,
      "almacen": 1,
      "saldo_min": 23,
      "precio_unitario": "34.00",
      "unidad_medida": "dfdsf",
      "carac_especial_2": "sdfsdf",
      "subgrupo": "sddsfsdf",
      "codigo_item": "jose",
      "carac_especial_1": "sdfsfs",
      "descripcion": "sdfsf",
      "costo_unitario": "29.00",
      "grupo": "sdfsf",
      "fecha_transaccion": null,
      "codigo_fabrica": "sdfs",
      "imagen": "items/12524284_992309177519492_997169529297864341_n_mskhEJM.jpg"
   },
   "model": "producto.item",
   "pk": 19
},
{
   "fields": {
      "empresa": 1,
      "proveedor": 1,
      "cantidad": 23,
      "almacen": 1,
      "saldo_min": 233232,
      "precio_unitario": "23.00",
      "unidad_medida": "sddsf",
      "carac_especial_2": "ewrwer",
      "subgrupo": "wwer",
      "codigo_item": "werrewr",
      "carac_especial_1": "sadsad",
      "descripcion": "werwer",
      "costo_unitario": "2342344.00",
      "grupo": "24234",
      "fecha_transaccion": null,
      "codigo_fabrica": "werwe",
      "imagen": ""
   },
   "model": "producto.item",
   "pk": 20
},
{
   "fields": {
      "empresa": 1,
      "cod_control": "fsdfsfw24242",
      "cantidad_dias": 0,
      "recargo": "0.00",
      "descuento": "0.00",
      "fecha_vencimiento": null,
      "razon_social": "rwrwrwr",
      "excentos": "0.00",
      "ice": "0.00",
      "tipo_descuento": "Bs",
      "monto_pago": null,
      "tipo_compra": "contado",
      "nro_factura": 342424,
      "tipo_recargo": "Bs",
      "total": "89.00",
      "nro_autorizacion": "3242423423424",
      "fecha": "2016-03-09",
      "nit": 23424
   },
   "model": "compras.compra",
   "pk": 1
},
{
   "fields": {
      "empresa": 1,
      "cod_control": "sdfsfsfsfsf",
      "cantidad_dias": 0,
      "recargo": "0.00",
      "descuento": "0.00",
      "fecha_vencimiento": null,
      "razon_social": "sdfsdfs",
      "excentos": "0.00",
      "ice": "0.00",
      "tipo_descuento": "Bs",
      "monto_pago": null,
      "tipo_compra": "contado",
      "nro_factura": 342424,
      "tipo_recargo": "Bs",
      "total": "89.00",
      "nro_autorizacion": "352352552525",
      "fecha": "2016-03-09",
      "nit": 24234
   },
   "model": "compras.compra",
   "pk": 2
},
{
   "fields": {
      "empresa": 1,
      "cod_control": "wrwrwrwr",
      "cantidad_dias": 0,
      "recargo": "0.00",
      "descuento": "0.00",
      "fecha_vencimiento": null,
      "razon_social": "werwrwr",
      "excentos": "0.00",
      "ice": "0.00",
      "tipo_descuento": "Bs",
      "monto_pago": null,
      "tipo_compra": "contado",
      "nro_factura": 3234234,
      "tipo_recargo": "Bs",
      "total": "4.00",
      "nro_autorizacion": "324242242424",
      "fecha": "2016-03-10",
      "nit": 32424
   },
   "model": "compras.compra",
   "pk": 3
},
{
   "fields": {
      "empresa": 1,
      "cod_control": "dsgsfsdgsg352525",
      "cantidad_dias": 0,
      "recargo": "0.00",
      "descuento": "0.00",
      "fecha_vencimiento": null,
      "razon_social": "sdfsfsf",
      "excentos": "0.00",
      "ice": "0.00",
      "tipo_descuento": "Bs",
      "monto_pago": null,
      "tipo_compra": "contado",
      "nro_factura": 32423432,
      "tipo_recargo": "Bs",
      "total": "10.00",
      "nro_autorizacion": "2424242424244",
      "fecha": "2016-03-10",
      "nit": 2342342
   },
   "model": "compras.compra",
   "pk": 4
},
{
   "fields": {
      "empresa": 1,
      "cod_control": "sdsdf345345",
      "cantidad_dias": 0,
      "recargo": "0.00",
      "descuento": "0.00",
      "fecha_vencimiento": null,
      "razon_social": "sfsfsf",
      "excentos": "0.00",
      "ice": "0.00",
      "tipo_descuento": "Bs",
      "monto_pago": null,
      "tipo_compra": "contado",
      "nro_factura": 23424,
      "tipo_recargo": "Bs",
      "total": "10.00",
      "nro_autorizacion": "234242424242",
      "fecha": "2016-03-10",
      "nit": 234234
   },
   "model": "compras.compra",
   "pk": 5
},
{
   "fields": {
      "empresa": 1,
      "cod_control": "sdsdf345345",
      "cantidad_dias": 0,
      "recargo": "0.00",
      "descuento": "0.00",
      "fecha_vencimiento": null,
      "razon_social": "sfsfsf",
      "excentos": "0.00",
      "ice": "0.00",
      "tipo_descuento": "Bs",
      "monto_pago": null,
      "tipo_compra": "contado",
      "nro_factura": 23424,
      "tipo_recargo": "Bs",
      "total": "10.00",
      "nro_autorizacion": "234242424242",
      "fecha": "2016-03-10",
      "nit": 234234
   },
   "model": "compras.compra",
   "pk": 6
},
{
   "fields": {
      "empresa": 1,
      "cod_control": "dddffgdgdgd",
      "cantidad_dias": 0,
      "recargo": "0.00",
      "descuento": "0.00",
      "fecha_vencimiento": null,
      "razon_social": "werwrwr",
      "excentos": "0.00",
      "ice": "0.00",
      "tipo_descuento": "Bs",
      "monto_pago": null,
      "tipo_compra": "contado",
      "nro_factura": 32423424,
      "tipo_recargo": "Bs",
      "total": "100.00",
      "nro_autorizacion": "324234242424",
      "fecha": "2016-03-10",
      "nit": 24242
   },
   "model": "compras.compra",
   "pk": 7
},
{
   "fields": {
      "empresa": 1,
      "cod_control": "dddffgdgdgd",
      "cantidad_dias": 0,
      "recargo": "0.00",
      "descuento": "0.00",
      "fecha_vencimiento": null,
      "razon_social": "werwrwr",
      "excentos": "0.00",
      "ice": "0.00",
      "tipo_descuento": "Bs",
      "monto_pago": null,
      "tipo_compra": "contado",
      "nro_factura": 32423424,
      "tipo_recargo": "Bs",
      "total": "100.00",
      "nro_autorizacion": "324234242424",
      "fecha": "2016-03-10",
      "nit": 24242
   },
   "model": "compras.compra",
   "pk": 8
},
{
   "fields": {
      "empresa": 1,
      "cod_control": "gdggw54353453453453",
      "cantidad_dias": 0,
      "recargo": "0.00",
      "descuento": "0.00",
      "fecha_vencimiento": null,
      "razon_social": "dsdgsg",
      "excentos": "0.00",
      "ice": "0.00",
      "tipo_descuento": "Bs",
      "monto_pago": null,
      "tipo_compra": "contado",
      "nro_factura": 323,
      "tipo_recargo": "Bs",
      "total": "100.00",
      "nro_autorizacion": "23423546765747",
      "fecha": "2016-03-10",
      "nit": 3242342
   },
   "model": "compras.compra",
   "pk": 9
},
{
   "fields": {
      "empresa": 1,
      "cod_control": "32erwtwtwtwt",
      "cantidad_dias": 0,
      "recargo": "0.00",
      "descuento": "0.00",
      "fecha_vencimiento": null,
      "razon_social": "sdfsf",
      "excentos": "0.00",
      "ice": "0.00",
      "tipo_descuento": "Bs",
      "monto_pago": null,
      "tipo_compra": "contado",
      "nro_factura": 3242,
      "tipo_recargo": "Bs",
      "total": "89.00",
      "nro_autorizacion": "3242353456546364",
      "fecha": "2016-03-10",
      "nit": 234242
   },
   "model": "compras.compra",
   "pk": 10
},
{
   "fields": {
      "empresa": 1,
      "cod_control": "qweqweqwe324234",
      "cantidad_dias": 0,
      "recargo": "0.00",
      "descuento": "0.00",
      "fecha_vencimiento": null,
      "razon_social": "dsfdsfs",
      "excentos": "0.00",
      "ice": "0.00",
      "tipo_descuento": "Bs",
      "monto_pago": null,
      "tipo_compra": "contado",
      "nro_factura": 42342,
      "tipo_recargo": "Bs",
      "total": "100.00",
      "nro_autorizacion": "324524564757",
      "fecha": "2016-03-10",
      "nit": 3242342
   },
   "model": "compras.compra",
   "pk": 11
},
{
   "fields": {
      "empresa": 1,
      "cod_control": "rdfgdfg3e63433463",
      "cantidad_dias": 0,
      "recargo": "0.00",
      "descuento": "0.00",
      "fecha_vencimiento": null,
      "razon_social": "werwrwr",
      "excentos": "0.00",
      "ice": "0.00",
      "tipo_descuento": "Bs",
      "monto_pago": null,
      "tipo_compra": "contado",
      "nro_factura": 355,
      "tipo_recargo": "Bs",
      "total": "100.00",
      "nro_autorizacion": "242326262626",
      "fecha": "2016-03-10",
      "nit": 242342
   },
   "model": "compras.compra",
   "pk": 12
},
{
   "fields": {
      "empresa": 1,
      "cod_control": "dfgdfgdgdg353346",
      "cantidad_dias": 0,
      "recargo": "0.00",
      "descuento": "0.00",
      "fecha_vencimiento": null,
      "razon_social": "ewwrweetwt",
      "excentos": "0.00",
      "ice": "0.00",
      "tipo_descuento": "Bs",
      "monto_pago": null,
      "tipo_compra": "contado",
      "nro_factura": 34534535,
      "tipo_recargo": "Bs",
      "total": "24.00",
      "nro_autorizacion": "4534535445",
      "fecha": "2016-03-10",
      "nit": 2423423
   },
   "model": "compras.compra",
   "pk": 13
},
{
   "fields": {
      "empresa": 1,
      "cod_control": "dfgdgdg54645645646",
      "cantidad_dias": 0,
      "recargo": "0.00",
      "descuento": "0.00",
      "fecha_vencimiento": null,
      "razon_social": "werwrwrwrwrwr",
      "excentos": "0.00",
      "ice": "0.00",
      "tipo_descuento": "Bs",
      "monto_pago": null,
      "tipo_compra": "contado",
      "nro_factura": 45,
      "tipo_recargo": "Bs",
      "total": "1125.00",
      "nro_autorizacion": "345535353535353",
      "fecha": "2016-03-10",
      "nit": 23424244
   },
   "model": "compras.compra",
   "pk": 14
},
{
   "fields": {
      "empresa": 1,
      "cod_control": "fdgdfgdgd45456464",
      "cantidad_dias": 0,
      "recargo": "0.00",
      "descuento": "0.00",
      "fecha_vencimiento": null,
      "razon_social": "sdfsdfsfs",
      "excentos": "0.00",
      "ice": "0.00",
      "tipo_descuento": "Bs",
      "monto_pago": null,
      "tipo_compra": "contado",
      "nro_factura": 35345353,
      "tipo_recargo": "Bs",
      "total": "68.00",
      "nro_autorizacion": "34534635363663",
      "fecha": "2016-03-10",
      "nit": 325234235
   },
   "model": "compras.compra",
   "pk": 15
},
{
   "fields": {
      "empresa": 1,
      "cod_control": "sdfsdfsdfsdfsfsds",
      "cantidad_dias": 0,
      "recargo": "0.00",
      "descuento": "0.00",
      "fecha_vencimiento": null,
      "razon_social": "werwrwrw",
      "excentos": "0.00",
      "ice": "0.00",
      "tipo_descuento": "Bs",
      "monto_pago": null,
      "tipo_compra": "contado",
      "nro_factura": 4353453,
      "tipo_recargo": "Bs",
      "total": "89.00",
      "nro_autorizacion": "43534534535353",
      "fecha": "2016-03-11",
      "nit": 2143234
   },
   "model": "compras.compra",
   "pk": 16
},
{
   "fields": {
      "empresa": 1,
      "cod_control": "fgdgdgdg",
      "cantidad_dias": 30,
      "recargo": "0.00",
      "descuento": "0.00",
      "fecha_vencimiento": "2016-04-10",
      "razon_social": "etertert",
      "excentos": "0.00",
      "ice": "0.00",
      "tipo_descuento": "Bs",
      "monto_pago": "20.00",
      "tipo_compra": "credito",
      "nro_factura": 34535,
      "tipo_recargo": "Bs",
      "total": "89.00",
      "nro_autorizacion": "345345353535",
      "fecha": "2016-03-11",
      "nit": 4354353
   },
   "model": "compras.compra",
   "pk": 17
},
{
   "fields": {
      "empresa": 1,
      "cod_control": "werewrwrwrwrwr",
      "cantidad_dias": 0,
      "recargo": "0.00",
      "descuento": "0.00",
      "fecha_vencimiento": null,
      "razon_social": "ewrwrw",
      "excentos": "0.00",
      "ice": "0.00",
      "tipo_descuento": "Bs",
      "monto_pago": null,
      "tipo_compra": "contado",
      "nro_factura": 324234,
      "tipo_recargo": "Bs",
      "total": "680.00",
      "nro_autorizacion": "434353534535353",
      "fecha": "2016-03-11",
      "nit": 3423424
   },
   "model": "compras.compra",
   "pk": 18
},
{
   "fields": {
      "centro_costos": "V",
      "scf": "100.00",
      "recargo": "0.00",
      "cantidad": 10,
      "descuento": "0.00",
      "producto": null,
      "excentos": "0.00",
      "ice": "0.00",
      "tipo_descuento": "Bs",
      "precio_unitario": "10.00",
      "compra": 11,
      "tipo_recargo": "Bs",
      "codigo": "",
      "subtotal": "100.00",
      "detalle": "",
      "unidad": ""
   },
   "model": "compras.detallecompra",
   "pk": 4
},
{
   "fields": {
      "centro_costos": "gatito",
      "scf": "100.00",
      "recargo": "0.00",
      "cantidad": 10,
      "descuento": "0.00",
      "producto": null,
      "excentos": "0.00",
      "ice": "0.00",
      "tipo_descuento": "Bs",
      "precio_unitario": "10.00",
      "compra": 12,
      "tipo_recargo": "Bs",
      "codigo": "",
      "subtotal": "100.00",
      "detalle": "",
      "unidad": ""
   },
   "model": "compras.detallecompra",
   "pk": 5
},
{
   "fields": {
      "centro_costos": "gato",
      "scf": "24.00",
      "recargo": "0.00",
      "cantidad": 1,
      "descuento": "0.00",
      "producto": null,
      "excentos": "0.00",
      "ice": "0.00",
      "tipo_descuento": "Bs",
      "precio_unitario": "24.00",
      "compra": 13,
      "tipo_recargo": "Bs",
      "codigo": "werwr",
      "subtotal": "24.00",
      "detalle": "noseeee",
      "unidad": "sdfsdf"
   },
   "model": "compras.detallecompra",
   "pk": 6
},
{
   "fields": {
      "centro_costos": "dgdfgdg",
      "scf": "1125.00",
      "recargo": "0.00",
      "cantidad": 25,
      "descuento": "0.00",
      "producto": null,
      "excentos": "0.00",
      "ice": "0.00",
      "tipo_descuento": "Bs",
      "precio_unitario": "45.00",
      "compra": 14,
      "tipo_recargo": "Bs",
      "codigo": "ertttt",
      "subtotal": "1125.00",
      "detalle": "prodic",
      "unidad": "rgg"
   },
   "model": "compras.detallecompra",
   "pk": 7
},
{
   "fields": {
      "centro_costos": "noseee",
      "scf": "68.00",
      "recargo": "0.00",
      "cantidad": 34,
      "descuento": "0.00",
      "producto": null,
      "excentos": "0.00",
      "ice": "0.00",
      "tipo_descuento": "Bs",
      "precio_unitario": "2.00",
      "compra": 15,
      "tipo_recargo": "Bs",
      "codigo": "xxx",
      "subtotal": "68.00",
      "detalle": "xxx",
      "unidad": "34"
   },
   "model": "compras.detallecompra",
   "pk": 8
},
{
   "fields": {
      "centro_costos": "compra1",
      "scf": "680.00",
      "recargo": "0.00",
      "cantidad": 20,
      "descuento": "0.00",
      "producto": null,
      "excentos": "0.00",
      "ice": "0.00",
      "tipo_descuento": "Bs",
      "precio_unitario": "34.00",
      "compra": 18,
      "tipo_recargo": "Bs",
      "codigo": "clav",
      "subtotal": "680.00",
      "detalle": "clavos",
      "unidad": "kg"
   },
   "model": "compras.detallecompra",
   "pk": 11
},
{
   "fields": {
      "descripcion": "otrosss",
      "empresa": 1,
      "cod": ""
   },
   "model": "compras.centrocostos",
   "pk": 1
},
{
   "fields": {
      "descripcion": "varios222",
      "empresa": 1,
      "cod": ""
   },
   "model": "compras.centrocostos",
   "pk": 2
},
{
   "fields": {
      "descripcion": "noseee",
      "empresa": 1,
      "cod": ""
   },
   "model": "compras.centrocostos",
   "pk": 3
},
{
   "fields": {
      "descripcion": "dgdfgdg",
      "empresa": 1,
      "cod": null
   },
   "model": "compras.centrocostos",
   "pk": 4
},
{
   "fields": {
      "descripcion": "compra1",
      "empresa": 1,
      "cod": null
   },
   "model": "compras.centrocostos",
   "pk": 5
},
{
   "fields": {
      "compra": 17,
      "monto_pago": "10.00",
      "fecha_transaccion": "2016-03-11"
   },
   "model": "compras.cobrocompra",
   "pk": 1
},
{
   "fields": {
      "compra": 17,
      "monto_pago": "10.00",
      "fecha_transaccion": "2016-03-11"
   },
   "model": "compras.cobrocompra",
   "pk": 2
},
{
   "fields": {
      "empresa": 1,
      "cantidad_dias": 0,
      "recargo": "0.00",
      "descuento": "0.00",
      "fecha_vencimiento": null,
      "fecha": "2016-03-04",
      "excentos": "0.00",
      "fecha_limite": "2016-03-31",
      "ice": "0.00",
      "tipo_descuento": "Bs",
      "codigo_control": "79-19-A9-F7",
      "monto_pago": null,
      "tipo_compra": "contado",
      "llave_digital": "tyry6657474ryryryryrtyryrxxxzcgrtyryr",
      "numero_autorizacion": 32424242,
      "nro_factura": 1,
      "tipo_recargo": "Bs",
      "total": "89.00",
      "razon_social": "wrwrwr",
      "nit": 214324
   },
   "model": "ventas.venta",
   "pk": 1
},
{
   "fields": {
      "empresa": 1,
      "cantidad_dias": 0,
      "recargo": "0.00",
      "descuento": "0.00",
      "fecha_vencimiento": null,
      "fecha": "2016-03-04",
      "excentos": "0.00",
      "fecha_limite": "2016-03-31",
      "ice": "0.00",
      "tipo_descuento": "Bs",
      "codigo_control": "65-63-80-C2",
      "monto_pago": null,
      "tipo_compra": "contado",
      "llave_digital": "tyry6657474ryryryryrtyryrxxxzcgrtyryr",
      "numero_autorizacion": 32424242,
      "nro_factura": 2,
      "tipo_recargo": "Bs",
      "total": "89.00",
      "razon_social": "wrwrw",
      "nit": 234224
   },
   "model": "ventas.venta",
   "pk": 2
},
{
   "fields": {
      "empresa": 1,
      "cantidad_dias": 0,
      "recargo": "0.00",
      "descuento": "0.00",
      "fecha_vencimiento": null,
      "fecha": "2016-03-07",
      "excentos": "0.00",
      "fecha_limite": "2016-03-31",
      "ice": "0.00",
      "tipo_descuento": "Bs",
      "codigo_control": "E3-B4-0C-C6",
      "monto_pago": null,
      "tipo_compra": "contado",
      "llave_digital": "tyry6657474ryryryryrtyryrxxxzcgrtyryr",
      "numero_autorizacion": 32424242,
      "nro_factura": 3,
      "tipo_recargo": "Bs",
      "total": "89.00",
      "razon_social": "sfsfsf",
      "nit": 23424
   },
   "model": "ventas.venta",
   "pk": 3
},
{
   "fields": {
      "empresa": 1,
      "cantidad_dias": 0,
      "recargo": "0.00",
      "descuento": "0.00",
      "fecha_vencimiento": null,
      "fecha": "2016-03-07",
      "excentos": "0.00",
      "fecha_limite": "2016-03-31",
      "ice": "0.00",
      "tipo_descuento": "Bs",
      "codigo_control": "7E-4C-FF-D5",
      "monto_pago": null,
      "tipo_compra": "contado",
      "llave_digital": "tyry6657474ryryryryrtyryrxxxzcgrtyryr",
      "numero_autorizacion": 32424242,
      "nro_factura": 1,
      "tipo_recargo": "Bs",
      "total": "89.00",
      "razon_social": "sfsfsdf",
      "nit": 23424
   },
   "model": "ventas.venta",
   "pk": 4
},
{
   "fields": {
      "empresa": 1,
      "cantidad_dias": 0,
      "recargo": "0.00",
      "descuento": "0.00",
      "fecha_vencimiento": null,
      "fecha": "2016-03-09",
      "excentos": "0.00",
      "fecha_limite": "2016-03-31",
      "ice": "0.00",
      "tipo_descuento": "Bs",
      "codigo_control": "F7-A0-02-A5-A0",
      "monto_pago": null,
      "tipo_compra": "contado",
      "llave_digital": "tyry6657474ryryryryrtyryrxxxzcgrtyryr",
      "numero_autorizacion": 32424242,
      "nro_factura": 1,
      "tipo_recargo": "Bs",
      "total": "89.00",
      "razon_social": "werwrwr",
      "nit": 324324
   },
   "model": "ventas.venta",
   "pk": 5
},
{
   "fields": {
      "empresa": 1,
      "cantidad_dias": 0,
      "recargo": "0.00",
      "descuento": "0.00",
      "fecha_vencimiento": null,
      "fecha": "2016-03-09",
      "excentos": "0.00",
      "fecha_limite": "2016-03-31",
      "ice": "0.00",
      "tipo_descuento": "Bs",
      "codigo_control": "D9-C1-D0-19",
      "monto_pago": null,
      "tipo_compra": "contado",
      "llave_digital": "tyry6657474ryryryryrtyryrxxxzcgrtyryr",
      "numero_autorizacion": 32424242,
      "nro_factura": 1,
      "tipo_recargo": "Bs",
      "total": "89.00",
      "razon_social": "werwer",
      "nit": 24324
   },
   "model": "ventas.venta",
   "pk": 6
},
{
   "fields": {
      "empresa": 1,
      "cantidad": 4,
      "motivo_movimiento": "inicial",
      "item": 15,
      "precio_unitario": "34.00",
      "fecha_transaccion": "2016-03-12",
      "detalle": "Saldo Inicial"
   },
   "model": "ventas.movimiento",
   "pk": 22
},
{
   "fields": {
      "empresa": 1,
      "cantidad": 456,
      "motivo_movimiento": "inicial",
      "item": 16,
      "precio_unitario": "34.00",
      "fecha_transaccion": "2016-03-12",
      "detalle": "Saldo Inicial"
   },
   "model": "ventas.movimiento",
   "pk": 23
},
{
   "fields": {
      "empresa": 1,
      "cantidad": 34,
      "motivo_movimiento": "inicial",
      "item": 18,
      "precio_unitario": "34.00",
      "fecha_transaccion": "2016-03-12",
      "detalle": "Saldo Inicial"
   },
   "model": "ventas.movimiento",
   "pk": 24
},
{
   "fields": {
      "empresa": 1,
      "cantidad": 44,
      "motivo_movimiento": "inicial",
      "item": 19,
      "precio_unitario": "34.00",
      "fecha_transaccion": "2016-03-12",
      "detalle": "Saldo Inicial"
   },
   "model": "ventas.movimiento",
   "pk": 25
},
{
   "fields": {
      "empresa": 1,
      "cantidad": 23,
      "motivo_movimiento": "inicial",
      "item": 20,
      "precio_unitario": "23.00",
      "fecha_transaccion": "2016-03-12",
      "detalle": "Saldo Inicial"
   },
   "model": "ventas.movimiento",
   "pk": 26
},
{
   "fields": {
      "empresa": 1,
      "fecha": "2016-03-31",
      "nro_conrelativo": 1,
      "contador": 3,
      "nro_autorizacion": 32424242,
      "llave_digital": "tyry6657474ryryryryrtyryrxxxzcgrtyryr"
   },
   "model": "config.datosdosificacion",
   "pk": 1
},
{
   "fields": {
      "empresa": 2,
      "fecha": "2016-03-31",
      "nro_conrelativo": 100,
      "contador": 0,
      "nro_autorizacion": 131313,
      "llave_digital": "adadadasd3242424"
   },
   "model": "config.datosdosificacion",
   "pk": 2
},
{
   "fields": {
      "empresa": 1,
      "tamanio": "carta",
      "frases_titulo": "Factura",
      "formato": "general",
      "facturacion": "Normal",
      "frases_pie": "Ley N\u00b0 453: La entidad financiera debe informar por escrito los motivos por los cuales se deneg\u00f3 un cr\u00e9dito",
      "impresion": "Vacia",
      "frases_subtitulo": "Derecho a Credito Fiscal"
   },
   "model": "config.formatofactura",
   "pk": 1
},
{
   "fields": {
      "empresa": 2,
      "tamanio": "oficio",
      "frases_titulo": "Factura",
      "formato": "general",
      "facturacion": "normal",
      "frases_pie": "Ley N\u00b0 453: Si se te ha vulnerado alg\u00fan derecho puedes exigir la reposici\u00f3n o restauraci\u00f3n.",
      "impresion": "vacia",
      "frases_subtitulo": "Derecho a Credito Fiscal"
   },
   "model": "config.formatofactura",
   "pk": 2
},
{
   "fields": {
      "codename": "add_logentry",
      "name": "Can add log entry",
      "content_type": 1
   },
   "model": "auth.permission",
   "pk": 1
},
{
   "fields": {
      "codename": "change_logentry",
      "name": "Can change log entry",
      "content_type": 1
   },
   "model": "auth.permission",
   "pk": 2
},
{
   "fields": {
      "codename": "delete_logentry",
      "name": "Can delete log entry",
      "content_type": 1
   },
   "model": "auth.permission",
   "pk": 3
},
{
   "fields": {
      "codename": "add_permission",
      "name": "Can add permission",
      "content_type": 2
   },
   "model": "auth.permission",
   "pk": 4
},
{
   "fields": {
      "codename": "change_permission",
      "name": "Can change permission",
      "content_type": 2
   },
   "model": "auth.permission",
   "pk": 5
},
{
   "fields": {
      "codename": "delete_permission",
      "name": "Can delete permission",
      "content_type": 2
   },
   "model": "auth.permission",
   "pk": 6
},
{
   "fields": {
      "codename": "add_group",
      "name": "Can add group",
      "content_type": 3
   },
   "model": "auth.permission",
   "pk": 7
},
{
   "fields": {
      "codename": "change_group",
      "name": "Can change group",
      "content_type": 3
   },
   "model": "auth.permission",
   "pk": 8
},
{
   "fields": {
      "codename": "delete_group",
      "name": "Can delete group",
      "content_type": 3
   },
   "model": "auth.permission",
   "pk": 9
},
{
   "fields": {
      "codename": "add_contenttype",
      "name": "Can add content type",
      "content_type": 4
   },
   "model": "auth.permission",
   "pk": 10
},
{
   "fields": {
      "codename": "change_contenttype",
      "name": "Can change content type",
      "content_type": 4
   },
   "model": "auth.permission",
   "pk": 11
},
{
   "fields": {
      "codename": "delete_contenttype",
      "name": "Can delete content type",
      "content_type": 4
   },
   "model": "auth.permission",
   "pk": 12
},
{
   "fields": {
      "codename": "add_session",
      "name": "Can add session",
      "content_type": 5
   },
   "model": "auth.permission",
   "pk": 13
},
{
   "fields": {
      "codename": "change_session",
      "name": "Can change session",
      "content_type": 5
   },
   "model": "auth.permission",
   "pk": 14
},
{
   "fields": {
      "codename": "delete_session",
      "name": "Can delete session",
      "content_type": 5
   },
   "model": "auth.permission",
   "pk": 15
},
{
   "fields": {
      "codename": "add_personajuridica",
      "name": "Can add personajuridica",
      "content_type": 6
   },
   "model": "auth.permission",
   "pk": 16
},
{
   "fields": {
      "codename": "change_personajuridica",
      "name": "Can change personajuridica",
      "content_type": 6
   },
   "model": "auth.permission",
   "pk": 17
},
{
   "fields": {
      "codename": "delete_personajuridica",
      "name": "Can delete personajuridica",
      "content_type": 6
   },
   "model": "auth.permission",
   "pk": 18
},
{
   "fields": {
      "codename": "add_user",
      "name": "Can add user",
      "content_type": 7
   },
   "model": "auth.permission",
   "pk": 19
},
{
   "fields": {
      "codename": "change_user",
      "name": "Can change user",
      "content_type": 7
   },
   "model": "auth.permission",
   "pk": 20
},
{
   "fields": {
      "codename": "delete_user",
      "name": "Can delete user",
      "content_type": 7
   },
   "model": "auth.permission",
   "pk": 21
},
{
   "fields": {
      "codename": "add_rol",
      "name": "Can add rol",
      "content_type": 8
   },
   "model": "auth.permission",
   "pk": 22
},
{
   "fields": {
      "codename": "change_rol",
      "name": "Can change rol",
      "content_type": 8
   },
   "model": "auth.permission",
   "pk": 23
},
{
   "fields": {
      "codename": "delete_rol",
      "name": "Can delete rol",
      "content_type": 8
   },
   "model": "auth.permission",
   "pk": 24
},
{
   "fields": {
      "codename": "add_proveedor",
      "name": "Can add proveedor",
      "content_type": 9
   },
   "model": "auth.permission",
   "pk": 25
},
{
   "fields": {
      "codename": "change_proveedor",
      "name": "Can change proveedor",
      "content_type": 9
   },
   "model": "auth.permission",
   "pk": 26
},
{
   "fields": {
      "codename": "delete_proveedor",
      "name": "Can delete proveedor",
      "content_type": 9
   },
   "model": "auth.permission",
   "pk": 27
},
{
   "fields": {
      "codename": "add_item",
      "name": "Can add item",
      "content_type": 10
   },
   "model": "auth.permission",
   "pk": 28
},
{
   "fields": {
      "codename": "change_item",
      "name": "Can change item",
      "content_type": 10
   },
   "model": "auth.permission",
   "pk": 29
},
{
   "fields": {
      "codename": "delete_item",
      "name": "Can delete item",
      "content_type": 10
   },
   "model": "auth.permission",
   "pk": 30
},
{
   "fields": {
      "codename": "add_cliente",
      "name": "Can add cliente",
      "content_type": 11
   },
   "model": "auth.permission",
   "pk": 31
},
{
   "fields": {
      "codename": "change_cliente",
      "name": "Can change cliente",
      "content_type": 11
   },
   "model": "auth.permission",
   "pk": 32
},
{
   "fields": {
      "codename": "delete_cliente",
      "name": "Can delete cliente",
      "content_type": 11
   },
   "model": "auth.permission",
   "pk": 33
},
{
   "fields": {
      "codename": "add_compra",
      "name": "Can add compra",
      "content_type": 12
   },
   "model": "auth.permission",
   "pk": 34
},
{
   "fields": {
      "codename": "change_compra",
      "name": "Can change compra",
      "content_type": 12
   },
   "model": "auth.permission",
   "pk": 35
},
{
   "fields": {
      "codename": "delete_compra",
      "name": "Can delete compra",
      "content_type": 12
   },
   "model": "auth.permission",
   "pk": 36
},
{
   "fields": {
      "codename": "add_detallecompra",
      "name": "Can add detalle compra",
      "content_type": 13
   },
   "model": "auth.permission",
   "pk": 37
},
{
   "fields": {
      "codename": "change_detallecompra",
      "name": "Can change detalle compra",
      "content_type": 13
   },
   "model": "auth.permission",
   "pk": 38
},
{
   "fields": {
      "codename": "delete_detallecompra",
      "name": "Can delete detalle compra",
      "content_type": 13
   },
   "model": "auth.permission",
   "pk": 39
},
{
   "fields": {
      "codename": "add_venta",
      "name": "Can add venta",
      "content_type": 14
   },
   "model": "auth.permission",
   "pk": 40
},
{
   "fields": {
      "codename": "change_venta",
      "name": "Can change venta",
      "content_type": 14
   },
   "model": "auth.permission",
   "pk": 41
},
{
   "fields": {
      "codename": "delete_venta",
      "name": "Can delete venta",
      "content_type": 14
   },
   "model": "auth.permission",
   "pk": 42
},
{
   "fields": {
      "codename": "add_detalleventa",
      "name": "Can add detalle venta",
      "content_type": 15
   },
   "model": "auth.permission",
   "pk": 43
},
{
   "fields": {
      "codename": "change_detalleventa",
      "name": "Can change detalle venta",
      "content_type": 15
   },
   "model": "auth.permission",
   "pk": 44
},
{
   "fields": {
      "codename": "delete_detalleventa",
      "name": "Can delete detalle venta",
      "content_type": 15
   },
   "model": "auth.permission",
   "pk": 45
},
{
   "fields": {
      "codename": "add_movimiento",
      "name": "Can add movimiento",
      "content_type": 16
   },
   "model": "auth.permission",
   "pk": 46
},
{
   "fields": {
      "codename": "change_movimiento",
      "name": "Can change movimiento",
      "content_type": 16
   },
   "model": "auth.permission",
   "pk": 47
},
{
   "fields": {
      "codename": "delete_movimiento",
      "name": "Can delete movimiento",
      "content_type": 16
   },
   "model": "auth.permission",
   "pk": 48
},
{
   "fields": {
      "codename": "add_cobro",
      "name": "Can add cobro",
      "content_type": 17
   },
   "model": "auth.permission",
   "pk": 49
},
{
   "fields": {
      "codename": "change_cobro",
      "name": "Can change cobro",
      "content_type": 17
   },
   "model": "auth.permission",
   "pk": 50
},
{
   "fields": {
      "codename": "delete_cobro",
      "name": "Can delete cobro",
      "content_type": 17
   },
   "model": "auth.permission",
   "pk": 51
},
{
   "fields": {
      "codename": "add_datosdosificacion",
      "name": "Can add datos dosificacion",
      "content_type": 18
   },
   "model": "auth.permission",
   "pk": 52
},
{
   "fields": {
      "codename": "change_datosdosificacion",
      "name": "Can change datos dosificacion",
      "content_type": 18
   },
   "model": "auth.permission",
   "pk": 53
},
{
   "fields": {
      "codename": "delete_datosdosificacion",
      "name": "Can delete datos dosificacion",
      "content_type": 18
   },
   "model": "auth.permission",
   "pk": 54
},
{
   "fields": {
      "codename": "add_formatofactura",
      "name": "Can add formatofactura",
      "content_type": 19
   },
   "model": "auth.permission",
   "pk": 55
},
{
   "fields": {
      "codename": "change_formatofactura",
      "name": "Can change formatofactura",
      "content_type": 19
   },
   "model": "auth.permission",
   "pk": 56
},
{
   "fields": {
      "codename": "delete_formatofactura",
      "name": "Can delete formatofactura",
      "content_type": 19
   },
   "model": "auth.permission",
   "pk": 57
},
{
   "fields": {
      "codename": "edit",
      "name": "",
      "content_type": 7
   },
   "model": "auth.permission",
   "pk": 58
},
{
   "fields": {
      "codename": "create",
      "name": "",
      "content_type": 7
   },
   "model": "auth.permission",
   "pk": 59
},
{
   "fields": {
      "codename": "delete",
      "name": "",
      "content_type": 7
   },
   "model": "auth.permission",
   "pk": 60
},
{
   "fields": {
      "codename": "add_clientecampos",
      "name": "Can add cliente campos",
      "content_type": 20
   },
   "model": "auth.permission",
   "pk": 61
},
{
   "fields": {
      "codename": "change_clientecampos",
      "name": "Can change cliente campos",
      "content_type": 20
   },
   "model": "auth.permission",
   "pk": 62
},
{
   "fields": {
      "codename": "delete_clientecampos",
      "name": "Can delete cliente campos",
      "content_type": 20
   },
   "model": "auth.permission",
   "pk": 63
},
{
   "fields": {
      "codename": "add_centrocostos",
      "name": "Can add centro costos",
      "content_type": 21
   },
   "model": "auth.permission",
   "pk": 64
},
{
   "fields": {
      "codename": "change_centrocostos",
      "name": "Can change centro costos",
      "content_type": 21
   },
   "model": "auth.permission",
   "pk": 65
},
{
   "fields": {
      "codename": "delete_centrocostos",
      "name": "Can delete centro costos",
      "content_type": 21
   },
   "model": "auth.permission",
   "pk": 66
},
{
   "fields": {
      "codename": "add_cobrocompra",
      "name": "Can add cobro compra",
      "content_type": 22
   },
   "model": "auth.permission",
   "pk": 67
},
{
   "fields": {
      "codename": "change_cobrocompra",
      "name": "Can change cobro compra",
      "content_type": 22
   },
   "model": "auth.permission",
   "pk": 68
},
{
   "fields": {
      "codename": "delete_cobrocompra",
      "name": "Can delete cobro compra",
      "content_type": 22
   },
   "model": "auth.permission",
   "pk": 69
},
{
   "fields": {
      "name": "administrador",
      "permissions": []
   },
   "model": "auth.group",
   "pk": 1
},
{
   "fields": {
      "username": "admin",
      "s_apellido": "",
      "p_apellido": "",
      "is_active": true,
      "empresa": null,
      "direccion": "",
      "is_superuser": true,
      "is_staff": true,
      "last_login": "2016-03-09T17:12:57.978Z",
      "avatar": "",
      "groups": [],
      "user_permissions": [],
      "nombre": "",
      "password": "pbkdf2_sha256$20000$Vq5gtzC1o03h$LGdTa6ebHTyzANLLrhZCK9M0KqxoE6n0bMQJ8I7M6vA=",
      "telefono": null,
      "email": "admin@gmail.com"
   },
   "model": "users.user",
   "pk": 1
},
{
   "fields": {
      "username": "jose",
      "s_apellido": "",
      "p_apellido": "fernandez",
      "is_active": true,
      "empresa": 1,
      "direccion": "",
      "is_superuser": false,
      "is_staff": false,
      "last_login": "2016-03-11T19:07:57.910Z",
      "avatar": "users/avatar_2Cxm7ic.jpg",
      "groups": [
         1
      ],
      "user_permissions": [
         59,
         60,
         58
      ],
      "nombre": "jose daniel",
      "password": "pbkdf2_sha256$20000$cOzvYO4D14h5$9VYlzDMDXgiCtLIPuLYqp6tImPm/SdR+Gw8TkSaC9kA=",
      "telefono": null,
      "email": ""
   },
   "model": "users.user",
   "pk": 2
},
{
   "fields": {
      "username": "juan",
      "s_apellido": "",
      "p_apellido": "perez",
      "is_active": true,
      "empresa": 2,
      "direccion": "",
      "is_superuser": false,
      "is_staff": false,
      "last_login": "2016-03-06T23:28:34.749Z",
      "avatar": "",
      "groups": [
         1
      ],
      "user_permissions": [
         59,
         60,
         58
      ],
      "nombre": "juan",
      "password": "pbkdf2_sha256$20000$J9tZn0lTQlgu$JwFHl/4Z1NDfzWdBYu6FUDtmN/aWsqjByL6rhU51Kq8=",
      "telefono": null,
      "email": ""
   },
   "model": "users.user",
   "pk": 3
},
{
   "fields": {
      "crear": true,
      "modelos": "almacenes",
      "operar": true,
      "user": 2,
      "editar": true,
      "eliminar": true
   },
   "model": "inicio.rol",
   "pk": 1
},
{
   "fields": {
      "crear": true,
      "modelos": "clientes",
      "operar": true,
      "user": 2,
      "editar": true,
      "eliminar": true
   },
   "model": "inicio.rol",
   "pk": 2
},
{
   "fields": {
      "crear": true,
      "modelos": "proveedores",
      "operar": true,
      "user": 2,
      "editar": true,
      "eliminar": true
   },
   "model": "inicio.rol",
   "pk": 3
},
{
   "fields": {
      "crear": true,
      "modelos": "reportes",
      "operar": true,
      "user": 2,
      "editar": true,
      "eliminar": true
   },
   "model": "inicio.rol",
   "pk": 4
},
{
   "fields": {
      "crear": true,
      "modelos": "compras",
      "operar": true,
      "user": 2,
      "editar": true,
      "eliminar": true
   },
   "model": "inicio.rol",
   "pk": 5
},
{
   "fields": {
      "crear": true,
      "modelos": "usuarios",
      "operar": true,
      "user": 2,
      "editar": true,
      "eliminar": true
   },
   "model": "inicio.rol",
   "pk": 6
},
{
   "fields": {
      "crear": true,
      "modelos": "bancarizacion",
      "operar": true,
      "user": 2,
      "editar": true,
      "eliminar": true
   },
   "model": "inicio.rol",
   "pk": 7
},
{
   "fields": {
      "crear": true,
      "modelos": "configuracion",
      "operar": true,
      "user": 2,
      "editar": true,
      "eliminar": true
   },
   "model": "inicio.rol",
   "pk": 8
},
{
   "fields": {
      "crear": true,
      "modelos": "facturacion",
      "operar": true,
      "user": 2,
      "editar": true,
      "eliminar": true
   },
   "model": "inicio.rol",
   "pk": 9
},
{
   "fields": {
      "crear": true,
      "modelos": "almacenes",
      "operar": true,
      "user": 3,
      "editar": true,
      "eliminar": true
   },
   "model": "inicio.rol",
   "pk": 10
},
{
   "fields": {
      "crear": true,
      "modelos": "clientes",
      "operar": true,
      "user": 3,
      "editar": true,
      "eliminar": true
   },
   "model": "inicio.rol",
   "pk": 11
},
{
   "fields": {
      "crear": true,
      "modelos": "proveedores",
      "operar": true,
      "user": 3,
      "editar": true,
      "eliminar": true
   },
   "model": "inicio.rol",
   "pk": 12
},
{
   "fields": {
      "crear": true,
      "modelos": "reportes",
      "operar": true,
      "user": 3,
      "editar": true,
      "eliminar": true
   },
   "model": "inicio.rol",
   "pk": 13
},
{
   "fields": {
      "crear": true,
      "modelos": "compras",
      "operar": true,
      "user": 3,
      "editar": true,
      "eliminar": true
   },
   "model": "inicio.rol",
   "pk": 14
},
{
   "fields": {
      "crear": true,
      "modelos": "usuarios",
      "operar": true,
      "user": 3,
      "editar": true,
      "eliminar": true
   },
   "model": "inicio.rol",
   "pk": 15
},
{
   "fields": {
      "crear": true,
      "modelos": "bancarizacion",
      "operar": true,
      "user": 3,
      "editar": true,
      "eliminar": true
   },
   "model": "inicio.rol",
   "pk": 16
},
{
   "fields": {
      "crear": true,
      "modelos": "configuracion",
      "operar": true,
      "user": 3,
      "editar": true,
      "eliminar": true
   },
   "model": "inicio.rol",
   "pk": 17
},
{
   "fields": {
      "crear": true,
      "modelos": "facturacion",
      "operar": true,
      "user": 3,
      "editar": true,
      "eliminar": true
   },
   "model": "inicio.rol",
   "pk": 18
},
{
   "fields": {
      "action_flag": 1,
      "action_time": "2016-03-09T17:14:46.284Z",
      "object_repr": "otrosss",
      "object_id": "1",
      "change_message": "",
      "user": 1,
      "content_type": 21
   },
   "model": "admin.logentry",
   "pk": 1
},
{
   "fields": {
      "action_flag": 1,
      "action_time": "2016-03-09T21:09:43.889Z",
      "object_repr": "varios222",
      "object_id": "2",
      "change_message": "",
      "user": 1,
      "content_type": 21
   },
   "model": "admin.logentry",
   "pk": 2
},
{
   "fields": {
      "action_flag": 1,
      "action_time": "2016-03-10T16:45:08.250Z",
      "object_repr": "noseee",
      "object_id": "3",
      "change_message": "",
      "user": 1,
      "content_type": 21
   },
   "model": "admin.logentry",
   "pk": 3
}
]
