[
{
  "fields": {
    "telefono3": null,
    "telefono2": null,
    "municipios": "Apolo",
    "razon_social": "Empresa srl",
    "departamento": "La Paz",
    "direccion": "sacaba",
    "logo": "logo/12524284_992309177519492_997169529297864341_n.jpg",
    "telefono": 456567888,
    "nit": 3242342345566
  },
  "model": "users.personajuridica",
  "pk": 1
},
{
  "fields": {
    "empresa": 1,
    "telefono1": 454646,
    "telefono3": 646446,
    "telefono2": 64644,
    "nombre_sucursal": "sucursal cercado",
    "nro_sucursal": 1,
    "departamento": "La Paz",
    "direccion": "ghhghg",
    "municipios": "Achacachi"
  },
  "model": "config.sucursal",
  "pk": 8
},
{
  "fields": {
    "empresa": 1,
    "telefono1": 43434,
    "telefono3": 3424234,
    "telefono2": 4343,
    "nombre_sucursal": "Sucursal Sacaba",
    "nro_sucursal": 1,
    "departamento": "Cochabamba",
    "direccion": "sacab",
    "municipios": "Sacaba"
  },
  "model": "config.sucursal",
  "pk": 7
},
{
  "fields": {
    "empresa": 1,
    "telefono1": 454645645,
    "telefono3": 45454,
    "telefono2": 435345435,
    "nombre_sucursal": "Sucursal 1",
    "nro_sucursal": 2,
    "departamento": "Cochabamba",
    "direccion": "sacaba",
    "municipios": "Arani"
  },
  "model": "config.sucursal",
  "pk": 2
},
{
  "fields": {
    "empresa": 1,
    "telefono1": 234324,
    "telefono3": 234234,
    "telefono2": 234234,
    "nombre_sucursal": "Casa matriz",
    "nro_sucursal": 1,
    "departamento": "Chuquisaca",
    "direccion": "dfsdfsdf",
    "municipios": "Camargo"
  },
  "model": "config.sucursal",
  "pk": 1
},
{
  "fields": {
    "actividad": "ventasssss222",
    "empresa": 1
  },
  "model": "config.actividad",
  "pk": 1
},
{
  "fields": {
    "actividad": "wewewe",
    "empresa": 1
  },
  "model": "config.actividad",
  "pk": 9
},
{
  "fields": {
    "actividad": "sdfdsfsf",
    "empresa": 1
  },
  "model": "config.actividad",
  "pk": 10
},
{
  "fields": {
    "empresa": 1,
    "actividad": 1,
    "fecha": "2016-04-30",
    "sucursal": 1,
    "nro_conrelativo": 100,
    "contador": 6,
    "nro_autorizacion": 232242242424,
    "llave_digital": "drgdgdg5564646"
  },
  "model": "config.datosdosificacion",
  "pk": 5
},
{
  "fields": {
    "empresa": 1,
    "actividad": 9,
    "fecha": "2016-04-30",
    "sucursal": 2,
    "nro_conrelativo": 100,
    "contador": 42,
    "nro_autorizacion": 345353535,
    "llave_digital": "3535353ergdgdgd"
  },
  "model": "config.datosdosificacion",
  "pk": 4
},
{
  "fields": {
    "empresa": 1,
    "tamanio": "carta",
    "frases_titulo": "Factura",
    "formato": "cada_una",
    "facturacion": "Facturaci\u00f3n por terceros",
    "frases_pie": "Ley N\u00b0 453: El proveedor deber\u00e1 dar cumplimiento a las condiciones ofertadas.",
    "impresion": "Completa",
    "frases_subtitulo": "Derecho a Credito Fiscal"
  },
  "model": "config.formatofactura",
  "pk": 1
},
{
  "fields": {
    "tamanio": "carta",
    "frases_titulo": "Factura por compras",
    "sucursal": 2,
    "facturacion": "Conjunta",
    "frases_pie": "Ley N\u00b0 453: El proveedor deber\u00e1 dar cumplimiento a las condiciones ofertadas.",
    "impresion": "Semi-completa",
    "frases_subtitulo": "Fiscal Ley Nro 366 del Libro Y la Factura",
    "formatofact": 1
  },
  "model": "config.formatodetalle",
  "pk": 4
},
{
  "fields": {
    "tamanio": "carta",
    "frases_titulo": "Factura",
    "sucursal": 1,
    "facturacion": "Facturaci\u00f3n por terceros",
    "frases_pie": "Ley N\u00b0 453: Si se te ha vulnerado alg\u00fan derecho puedes exigir la reposici\u00f3n o restauraci\u00f3n.",
    "impresion": "Completa",
    "frases_subtitulo": "Derecho a Credito Fiscal",
    "formatofact": 1
  },
  "model": "config.formatodetalle",
  "pk": 5
},
{
  "fields": {
    "tamanio": "oficio",
    "frases_titulo": "Factura",
    "sucursal": 7,
    "facturacion": "normal",
    "frases_pie": "Ley N\u00b0 453: Si se te ha vulnerado alg\u00fan derecho puedes exigir la reposici\u00f3n o restauraci\u00f3n.",
    "impresion": "Vacia",
    "frases_subtitulo": "Derecho a Credito Fiscal",
    "formatofact": 1
  },
  "model": "config.formatodetalle",
  "pk": 6
},
{
  "fields": {
    "tamanio": "oficio",
    "frases_titulo": "Factura",
    "sucursal": 8,
    "facturacion": "normal",
    "frases_pie": "Ley N\u00b0 453: Si se te ha vulnerado alg\u00fan derecho puedes exigir la reposici\u00f3n o restauraci\u00f3n.",
    "impresion": "Vacia",
    "frases_subtitulo": "Derecho a Credito Fiscal",
    "formatofact": 1
  },
  "model": "config.formatodetalle",
  "pk": 7
},
{
  "fields": {
    "grupo_tipo": "select",
    "carac_especial_2_usar": false,
    "unidad_medid_requerido": false,
    "empresa": 1,
    "codigo_fabr_usar": false,
    "unidad_medidatipo": "literal",
    "caract_espec_usar": false,
    "codigo_fabricatipo": "literal",
    "grupo_usar": false,
    "grupo_requerido": false,
    "subgrupo_usar": false,
    "carac_especial_2_requerido": false,
    "imagen_requer": false,
    "caract_especaractr": 2,
    "codigo_fabr_reque": false,
    "subgrupo_requerido": false,
    "grupo_caractr": 1,
    "unidad_medid_usar": false,
    "imagen_usar": false,
    "caract_espec_requerid": false,
    "carac_especial_2_caractr": 1,
    "subgrupo_caractr": 1,
    "subgrupo_tipo": "select",
    "caract_espectipo": "literal",
    "unidad_medidacaractr": 2,
    "carac_especial_2_tipo": "select",
    "codigo_fabricacaractr": 2
  },
  "model": "config.almacenescampos",
  "pk": 1
},
{
  "fields": {
    "textos2_tipo": "literal",
    "empresa": 1,
    "direccion_usar": true,
    "contacto_tipo": "select",
    "contacto_caractr": 20,
    "textos_caractr": 20,
    "textos2_caractr": 20,
    "direccion_requerido": false,
    "rubro_usar": true,
    "ubicacion_geo_requerido": false,
    "telefonos2_tipo": "select",
    "telefonos3_tipo": "select",
    "fechas2_requerido": false,
    "textos_tipo": "literal",
    "ubicacion_geo_usar": true,
    "fechas_usar": true,
    "telefonos3_usar": true,
    "telefonos2_usar": true,
    "direccion_tipo": "alfa_numerico",
    "fechas2_usar": true,
    "telefonos1_requerido": false,
    "rubro_requerido": false,
    "telefonos1_tipo": "select",
    "ubicacion_geo_caractr": 20,
    "telefonos1_caractr": 7,
    "telefonos2_requerido": false,
    "textos2_requerido": true,
    "contacto_requerido": false,
    "fechas_requerido": false,
    "telefonos3_requerido": false,
    "textos_requerido": false,
    "telefonos3_caractr": 7,
    "contacto_usar": true,
    "textos2_usar": true,
    "textos_usar": true,
    "rubro_caractr": 20,
    "telefonos2_caractr": 7,
    "rubro_tipo": "literal",
    "ubicacion_geo_tipo": "literal",
    "telefonos1_usar": true,
    "direccion_caractr": 20
  },
  "model": "config.proveedorescampos",
  "pk": 1
},
{
  "fields": {
    "empresa": 1,
    "fecha2_usar": true,
    "direccion_usar": false,
    "contacto_tipo": "select",
    "contacto_caractr": 15,
    "telefono3_requerido": false,
    "telefono2_usar": false,
    "ubicaciongeo_usar": true,
    "telefono3_usar": false,
    "ubicaciongeo_caractr": 15,
    "telefono3_tipo": "select",
    "fecha_requerido": false,
    "fecha2_requerido": false,
    "telefono2_tipo": "select",
    "texto2_usar": true,
    "ubicaciongeo_requerido": false,
    "direccion_requerido": false,
    "texto_usar": true,
    "rubro_usar": true,
    "categoria_usar": true,
    "texto_tipo": "literal",
    "texto_requerido": false,
    "categoria_requerido": false,
    "texto2_tipo": "literal",
    "rubro_tipo": "literal",
    "texto2_caractr": 5,
    "direccion_tipo": "literal",
    "telefono3_caractr": 7,
    "rubro_requerido": false,
    "telefono1_tipo": "select",
    "telefono2_requerido": false,
    "texto_caractr": 5,
    "texto2_requerido": false,
    "contacto_requerido": false,
    "contacto_usar": true,
    "rubro_caractr": 15,
    "ubicaciongeo_tipo": "literal",
    "telefono1_caractr": 7,
    "telefono1_requerido": false,
    "telefono2_caractr": 7,
    "categoria_tipo": "literal",
    "telefono1_usar": false,
    "categoria_caractr": 15,
    "direccion_caractr": 20,
    "fecha_usar": true
  },
  "model": "config.clientecampos",
  "pk": 1
},
{
  "fields": {
    "tipos_venta_requerido": false,
    "empresa": 1,
    "exentos_usar": true,
    "ice_requerido": false,
    "recargo_usar": true,
    "descuento_usar": true,
    "tipos_venta_usar": true,
    "exentos_requerido": false,
    "descuento_requerido": false,
    "recargo_requerido": false,
    "ice_usar": true
  },
  "model": "config.facturacampos",
  "pk": 1
},
{
  "fields": {
    "categoria": null,
    "empresa": 1,
    "contacto": null,
    "textos2": null,
    "fecha": null,
    "textos": null,
    "direccion": null,
    "razonsocial": "rtyryryrtyyy",
    "rubro": null,
    "telefonos3": null,
    "telefonos2": null,
    "telefonos1": null,
    "fecha2": null,
    "ubucaciongeo": null,
    "codigo": null,
    "nit": 456464
  },
  "model": "cliente.cliente",
  "pk": 19
},
{
  "fields": {
    "categoria": null,
    "empresa": 1,
    "contacto": null,
    "textos2": null,
    "fecha": null,
    "textos": null,
    "direccion": null,
    "razonsocial": "ghghghg",
    "rubro": null,
    "telefonos3": null,
    "telefonos2": null,
    "telefonos1": null,
    "fecha2": null,
    "ubucaciongeo": null,
    "codigo": null,
    "nit": 556566
  },
  "model": "cliente.cliente",
  "pk": 20
},
{
  "fields": {
    "categoria": null,
    "empresa": 1,
    "contacto": null,
    "textos2": null,
    "fecha": null,
    "textos": null,
    "direccion": null,
    "razonsocial": "ertetet",
    "rubro": null,
    "telefonos3": null,
    "telefonos2": null,
    "telefonos1": null,
    "fecha2": null,
    "ubucaciongeo": null,
    "codigo": null,
    "nit": 45456
  },
  "model": "cliente.cliente",
  "pk": 15
},
{
  "fields": {
    "categoria": null,
    "empresa": 1,
    "contacto": null,
    "textos2": null,
    "fecha": null,
    "textos": null,
    "direccion": null,
    "razonsocial": "ryryryryryry",
    "rubro": null,
    "telefonos3": null,
    "telefonos2": null,
    "telefonos1": null,
    "fecha2": null,
    "ubucaciongeo": null,
    "codigo": null,
    "nit": 66788
  },
  "model": "cliente.cliente",
  "pk": 16
},
{
  "fields": {
    "categoria": "fghgfh",
    "empresa": 1,
    "contacto": "hhfhfh",
    "textos2": "dffgdg",
    "fecha": "2016-03-25",
    "textos": "ggdgd",
    "direccion": "ghghghghghg",
    "razonsocial": "wdwewd",
    "rubro": "hgfghfgh",
    "telefonos3": "",
    "telefonos2": "4546545",
    "telefonos1": "4546456",
    "fecha2": "2016-03-25",
    "ubucaciongeo": "fhfhfh",
    "codigo": "123",
    "nit": 1234
  },
  "model": "cliente.cliente",
  "pk": 1
},
{
  "fields": {
    "categoria": null,
    "empresa": 1,
    "contacto": null,
    "textos2": null,
    "fecha": null,
    "textos": null,
    "direccion": null,
    "razonsocial": "don gato",
    "rubro": null,
    "telefonos3": null,
    "telefonos2": null,
    "telefonos1": null,
    "fecha2": null,
    "ubucaciongeo": null,
    "codigo": null,
    "nit": 4688999
  },
  "model": "cliente.cliente",
  "pk": 3
},
{
  "fields": {
    "categoria": null,
    "empresa": 1,
    "contacto": null,
    "textos2": null,
    "fecha": null,
    "textos": null,
    "direccion": null,
    "razonsocial": "jugooo",
    "rubro": null,
    "telefonos3": null,
    "telefonos2": null,
    "telefonos1": null,
    "fecha2": null,
    "ubucaciongeo": null,
    "codigo": null,
    "nit": 5644747
  },
  "model": "cliente.cliente",
  "pk": 4
},
{
  "fields": {
    "categoria": "",
    "empresa": 1,
    "contacto": "",
    "textos2": "",
    "fecha": null,
    "textos": "",
    "direccion": "",
    "razonsocial": "werwer",
    "rubro": "",
    "telefonos3": "",
    "telefonos2": "",
    "telefonos1": "",
    "fecha2": null,
    "ubucaciongeo": "",
    "codigo": "ssdff",
    "nit": 324324
  },
  "model": "cliente.cliente",
  "pk": 5
},
{
  "fields": {
    "categoria": "",
    "empresa": 1,
    "contacto": "",
    "textos2": "",
    "fecha": null,
    "textos": "",
    "direccion": "",
    "razonsocial": "sdsdfs",
    "rubro": "",
    "telefonos3": "",
    "telefonos2": "",
    "telefonos1": "",
    "fecha2": null,
    "ubucaciongeo": "",
    "codigo": "erwrw",
    "nit": 234242
  },
  "model": "cliente.cliente",
  "pk": 6
},
{
  "fields": {
    "categoria": "",
    "empresa": 1,
    "contacto": "",
    "textos2": "",
    "fecha": null,
    "textos": "",
    "direccion": "",
    "razonsocial": "asdasd",
    "rubro": "",
    "telefonos3": "",
    "telefonos2": "",
    "telefonos1": "",
    "fecha2": null,
    "ubucaciongeo": "",
    "codigo": "asdasd",
    "nit": 3424234
  },
  "model": "cliente.cliente",
  "pk": 7
},
{
  "fields": {
    "categoria": "",
    "empresa": 1,
    "contacto": "",
    "textos2": "",
    "fecha": null,
    "textos": "",
    "direccion": "",
    "razonsocial": "sdfsdf",
    "rubro": "",
    "telefonos3": "",
    "telefonos2": "",
    "telefonos1": "",
    "fecha2": null,
    "ubucaciongeo": "",
    "codigo": "sdfsdf",
    "nit": 324324234
  },
  "model": "cliente.cliente",
  "pk": 8
},
{
  "fields": {
    "categoria": "ertet",
    "empresa": 1,
    "contacto": "ereterter",
    "textos2": "fghgf",
    "fecha": "2016-04-01",
    "textos": "ghfgh",
    "direccion": "",
    "razonsocial": "ertet",
    "rubro": "tert",
    "telefonos3": "",
    "telefonos2": "",
    "telefonos1": "",
    "fecha2": "2016-04-01",
    "ubucaciongeo": "etert",
    "codigo": "23422442",
    "nit": 3424234234
  },
  "model": "cliente.cliente",
  "pk": 9
},
{
  "fields": {
    "categoria": "sfsf",
    "empresa": 1,
    "contacto": "ssfsfsf",
    "textos2": "sdfsd",
    "fecha": "2016-03-31",
    "textos": "fsdfs",
    "direccion": "",
    "razonsocial": "swrwerwr",
    "rubro": "sdfsf",
    "telefonos3": "",
    "telefonos2": "",
    "telefonos1": "",
    "fecha2": "2016-03-31",
    "ubucaciongeo": "sfsf",
    "codigo": "werwer",
    "nit": 23432423
  },
  "model": "cliente.cliente",
  "pk": 10
},
{
  "fields": {
    "categoria": null,
    "empresa": 1,
    "contacto": null,
    "textos2": null,
    "fecha": null,
    "textos": null,
    "direccion": null,
    "razonsocial": "wrwrwrwr",
    "rubro": null,
    "telefonos3": null,
    "telefonos2": null,
    "telefonos1": null,
    "fecha2": null,
    "ubucaciongeo": null,
    "codigo": null,
    "nit": 2424
  },
  "model": "cliente.cliente",
  "pk": 11
},
{
  "fields": {
    "categoria": null,
    "empresa": 1,
    "contacto": null,
    "textos2": null,
    "fecha": null,
    "textos": null,
    "direccion": null,
    "razonsocial": "erterte",
    "rubro": null,
    "telefonos3": null,
    "telefonos2": null,
    "telefonos1": null,
    "fecha2": null,
    "ubucaciongeo": null,
    "codigo": null,
    "nit": 35345345
  },
  "model": "cliente.cliente",
  "pk": 12
},
{
  "fields": {
    "categoria": null,
    "empresa": 1,
    "contacto": null,
    "textos2": null,
    "fecha": null,
    "textos": null,
    "direccion": null,
    "razonsocial": "werewrr",
    "rubro": null,
    "telefonos3": null,
    "telefonos2": null,
    "telefonos1": null,
    "fecha2": null,
    "ubucaciongeo": null,
    "codigo": null,
    "nit": 4434
  },
  "model": "cliente.cliente",
  "pk": 13
},
{
  "fields": {
    "categoria": null,
    "empresa": 1,
    "contacto": null,
    "textos2": null,
    "fecha": null,
    "textos": null,
    "direccion": null,
    "razonsocial": "sdfsfsfsf",
    "rubro": null,
    "telefonos3": null,
    "telefonos2": null,
    "telefonos1": null,
    "fecha2": null,
    "ubucaciongeo": null,
    "codigo": null,
    "nit": 333355
  },
  "model": "cliente.cliente",
  "pk": 14
},
{
  "fields": {
    "categoria": null,
    "empresa": 1,
    "contacto": null,
    "textos2": null,
    "fecha": null,
    "textos": null,
    "direccion": null,
    "razonsocial": "dhdhdhdh",
    "rubro": null,
    "telefonos3": null,
    "telefonos2": null,
    "telefonos1": null,
    "fecha2": null,
    "ubucaciongeo": null,
    "codigo": null,
    "nit": 44556777555
  },
  "model": "cliente.cliente",
  "pk": 17
},
{
  "fields": {
    "categoria": null,
    "empresa": 1,
    "contacto": null,
    "textos2": null,
    "fecha": null,
    "textos": null,
    "direccion": null,
    "razonsocial": "ertertertertertet",
    "rubro": null,
    "telefonos3": null,
    "telefonos2": null,
    "telefonos1": null,
    "fecha2": null,
    "ubucaciongeo": null,
    "codigo": null,
    "nit": 345353
  },
  "model": "cliente.cliente",
  "pk": 18
},
{
  "fields": {
    "categoria": null,
    "empresa": 1,
    "contacto": null,
    "textos2": null,
    "fecha": null,
    "textos": null,
    "direccion": null,
    "razonsocial": "rtrtrtr",
    "rubro": null,
    "telefonos3": null,
    "telefonos2": null,
    "telefonos1": null,
    "fecha2": null,
    "ubucaciongeo": null,
    "codigo": null,
    "nit": 445555
  },
  "model": "cliente.cliente",
  "pk": 21
},
{
  "fields": {
    "categoria": null,
    "empresa": 1,
    "contacto": null,
    "textos2": null,
    "fecha": null,
    "textos": null,
    "direccion": null,
    "razonsocial": "gfhfghfh",
    "rubro": null,
    "telefonos3": null,
    "telefonos2": null,
    "telefonos1": null,
    "fecha2": null,
    "ubucaciongeo": null,
    "codigo": null,
    "nit": 54545
  },
  "model": "cliente.cliente",
  "pk": 22
},
{
  "fields": {
    "categoria": null,
    "empresa": 1,
    "contacto": null,
    "textos2": null,
    "fecha": null,
    "textos": null,
    "direccion": null,
    "razonsocial": "dggdg",
    "rubro": null,
    "telefonos3": null,
    "telefonos2": null,
    "telefonos1": null,
    "fecha2": null,
    "ubucaciongeo": null,
    "codigo": null,
    "nit": 34453453
  },
  "model": "cliente.cliente",
  "pk": 23
},
{
  "fields": {
    "categoria": null,
    "empresa": 1,
    "contacto": null,
    "textos2": null,
    "fecha": null,
    "textos": null,
    "direccion": null,
    "razonsocial": "werwrwr",
    "rubro": null,
    "telefonos3": null,
    "telefonos2": null,
    "telefonos1": null,
    "fecha2": null,
    "ubucaciongeo": null,
    "codigo": null,
    "nit": 342424
  },
  "model": "cliente.cliente",
  "pk": 24
},
{
  "fields": {
    "categoria": null,
    "empresa": 1,
    "contacto": null,
    "textos2": null,
    "fecha": null,
    "textos": null,
    "direccion": null,
    "razonsocial": "weewrwer",
    "rubro": null,
    "telefonos3": null,
    "telefonos2": null,
    "telefonos1": null,
    "fecha2": null,
    "ubucaciongeo": null,
    "codigo": null,
    "nit": 2334324
  },
  "model": "cliente.cliente",
  "pk": 25
},
{
  "fields": {
    "categoria": null,
    "empresa": 1,
    "contacto": null,
    "textos2": null,
    "fecha": null,
    "textos": null,
    "direccion": null,
    "razonsocial": "dggdgdg",
    "rubro": null,
    "telefonos3": null,
    "telefonos2": null,
    "telefonos1": null,
    "fecha2": null,
    "ubucaciongeo": null,
    "codigo": null,
    "nit": 44556677
  },
  "model": "cliente.cliente",
  "pk": 26
},
{
  "fields": {
    "categoria": null,
    "empresa": 1,
    "contacto": null,
    "textos2": null,
    "fecha": null,
    "textos": null,
    "direccion": null,
    "razonsocial": "rwerwer",
    "rubro": null,
    "telefonos3": null,
    "telefonos2": null,
    "telefonos1": null,
    "fecha2": null,
    "ubucaciongeo": null,
    "codigo": null,
    "nit": 234324
  },
  "model": "cliente.cliente",
  "pk": 27
},
{
  "fields": {
    "categoria": null,
    "empresa": 1,
    "contacto": null,
    "textos2": null,
    "fecha": null,
    "textos": null,
    "direccion": null,
    "razonsocial": "rtrtrt",
    "rubro": null,
    "telefonos3": null,
    "telefonos2": null,
    "telefonos1": null,
    "fecha2": null,
    "ubucaciongeo": null,
    "codigo": null,
    "nit": 4454545
  },
  "model": "cliente.cliente",
  "pk": 28
},
{
  "fields": {
    "categoria": null,
    "empresa": 1,
    "contacto": null,
    "textos2": null,
    "fecha": null,
    "textos": null,
    "direccion": null,
    "razonsocial": "fgfgfgggg",
    "rubro": null,
    "telefonos3": null,
    "telefonos2": null,
    "telefonos1": null,
    "fecha2": null,
    "ubucaciongeo": null,
    "codigo": null,
    "nit": 78906
  },
  "model": "cliente.cliente",
  "pk": 29
},
{
  "fields": {
    "categoria": null,
    "empresa": 1,
    "contacto": null,
    "textos2": null,
    "fecha": null,
    "textos": null,
    "direccion": null,
    "razonsocial": "gogoggog",
    "rubro": null,
    "telefonos3": null,
    "telefonos2": null,
    "telefonos1": null,
    "fecha2": null,
    "ubucaciongeo": null,
    "codigo": null,
    "nit": 98474
  },
  "model": "cliente.cliente",
  "pk": 30
},
{
  "fields": {
    "categoria": null,
    "empresa": 1,
    "contacto": null,
    "textos2": null,
    "fecha": null,
    "textos": null,
    "direccion": null,
    "razonsocial": "guruuuuuu",
    "rubro": null,
    "telefonos3": null,
    "telefonos2": null,
    "telefonos1": null,
    "fecha2": null,
    "ubucaciongeo": null,
    "codigo": null,
    "nit": 90590
  },
  "model": "cliente.cliente",
  "pk": 31
},
{
  "fields": {
    "categoria": null,
    "empresa": 1,
    "contacto": null,
    "textos2": null,
    "fecha": null,
    "textos": null,
    "direccion": null,
    "razonsocial": "ewrewrewrwer",
    "rubro": null,
    "telefonos3": null,
    "telefonos2": null,
    "telefonos1": null,
    "fecha2": null,
    "ubucaciongeo": null,
    "codigo": null,
    "nit": 10129292222
  },
  "model": "cliente.cliente",
  "pk": 32
},
{
  "fields": {
    "categoria": null,
    "empresa": 1,
    "contacto": null,
    "textos2": null,
    "fecha": null,
    "textos": null,
    "direccion": null,
    "razonsocial": "werwerwr",
    "rubro": null,
    "telefonos3": null,
    "telefonos2": null,
    "telefonos1": null,
    "fecha2": null,
    "ubucaciongeo": null,
    "codigo": null,
    "nit": 23424
  },
  "model": "cliente.cliente",
  "pk": 33
},
{
  "fields": {
    "categoria": null,
    "empresa": 1,
    "contacto": null,
    "textos2": null,
    "fecha": null,
    "textos": null,
    "direccion": null,
    "razonsocial": "empresarrrrrr",
    "rubro": null,
    "telefonos3": null,
    "telefonos2": null,
    "telefonos1": null,
    "fecha2": null,
    "ubucaciongeo": null,
    "codigo": null,
    "nit": 67282
  },
  "model": "cliente.cliente",
  "pk": 34
},
{
  "fields": {
    "categoria": null,
    "empresa": 1,
    "contacto": null,
    "textos2": null,
    "fecha": null,
    "textos": null,
    "direccion": null,
    "razonsocial": "rtetet",
    "rubro": null,
    "telefonos3": null,
    "telefonos2": null,
    "telefonos1": null,
    "fecha2": null,
    "ubucaciongeo": null,
    "codigo": null,
    "nit": 4343434
  },
  "model": "cliente.cliente",
  "pk": 35
},
{
  "fields": {
    "categoria": null,
    "empresa": 1,
    "contacto": null,
    "textos2": null,
    "fecha": null,
    "textos": null,
    "direccion": null,
    "razonsocial": "ewrwerwe",
    "rubro": null,
    "telefonos3": null,
    "telefonos2": null,
    "telefonos1": null,
    "fecha2": null,
    "ubucaciongeo": null,
    "codigo": null,
    "nit": 34234
  },
  "model": "cliente.cliente",
  "pk": 36
},
{
  "fields": {
    "empresa": 1,
    "contactos": "erererree",
    "telefono1": 343434,
    "ubicacion_geo": "erererre",
    "telefono3": null,
    "telefono2": null,
    "razon_social": "juan",
    "texto2": "ererer",
    "direccion": "wewe",
    "texto1": "ttttttt",
    "rubro": "hdhdh",
    "fecha2": "2015-09-23",
    "fecha1": "2015-09-23",
    "codigo": "p32",
    "nit": "ewewe"
  },
  "model": "proveedores.proveedor",
  "pk": 3
},
{
  "fields": {
    "empresa": 1,
    "contactos": "ererere",
    "telefono1": 343434,
    "ubicacion_geo": "yyyyyy",
    "telefono3": null,
    "telefono2": null,
    "razon_social": "ramon",
    "texto2": "ererer",
    "direccion": "weewe",
    "texto1": "rterrere",
    "rubro": "dhdhd",
    "fecha2": "2015-09-23",
    "fecha1": "2015-09-23",
    "codigo": "p42",
    "nit": "wewew"
  },
  "model": "proveedores.proveedor",
  "pk": 4
},
{
  "fields": {
    "empresa": 1,
    "contactos": "erereerer",
    "telefono1": 343434,
    "ubicacion_geo": "uuuuuuu",
    "telefono3": 2424,
    "telefono2": 224,
    "razon_social": "DESIGNAR",
    "texto2": "ererewew",
    "direccion": "wewe",
    "texto1": "ererreerr",
    "rubro": "dhdhdhdh",
    "fecha2": "2015-09-23",
    "fecha1": "2015-09-23",
    "codigo": "DESIGNAR",
    "nit": "wewew"
  },
  "model": "proveedores.proveedor",
  "pk": 5
},
{
  "fields": {
    "empresa": 1,
    "contactos": "ererere",
    "telefono1": 343434,
    "ubicacion_geo": "uuuuuuu",
    "telefono3": null,
    "telefono2": null,
    "razon_social": "nancy",
    "texto2": "qqqq",
    "direccion": "wewe",
    "texto1": "rerer",
    "rubro": "w",
    "fecha2": "2015-09-23",
    "fecha1": "2015-09-23",
    "codigo": "p62",
    "nit": "wewew"
  },
  "model": "proveedores.proveedor",
  "pk": 6
},
{
  "fields": {
    "empresa": 1,
    "contactos": "ererr",
    "telefono1": 343434,
    "ubicacion_geo": "uuuuuuu",
    "telefono3": null,
    "telefono2": null,
    "razon_social": "anita",
    "texto2": "rtetete",
    "direccion": "rtrtrtrtrt",
    "texto1": "rerer",
    "rubro": "eeeeeeee",
    "fecha2": "2015-09-23",
    "fecha1": "2015-09-23",
    "codigo": "p72",
    "nit": "wewew"
  },
  "model": "proveedores.proveedor",
  "pk": 7
},
{
  "fields": {
    "empresa": 1,
    "contactos": "rtytry",
    "telefono1": 7777,
    "ubicacion_geo": "ryry",
    "telefono3": 4646,
    "telefono2": 45645,
    "razon_social": "jojoj",
    "texto2": "ryry",
    "direccion": "wrwr",
    "texto1": "ryry",
    "rubro": "rtyry",
    "fecha2": "2016-04-01",
    "fecha1": "2016-04-01",
    "codigo": "pericon",
    "nit": "3423424"
  },
  "model": "proveedores.proveedor",
  "pk": 15
},
{
  "fields": {
    "empresa": 1,
    "contactos": "errerere",
    "telefono1": 45644446,
    "ubicacion_geo": "jhjhh",
    "telefono3": 4242,
    "telefono2": 32424,
    "razon_social": "pedro",
    "texto2": "jhjh",
    "direccion": "hkjhj",
    "texto1": "jhjhjhj",
    "rubro": "hjhjh",
    "fecha2": "2015-09-23",
    "fecha1": "2015-09-23",
    "codigo": "p1",
    "nit": "qwqww"
  },
  "model": "proveedores.proveedor",
  "pk": 1
},
{
  "fields": {
    "empresa": 1,
    "contactos": "erer",
    "telefono1": 343434,
    "ubicacion_geo": "ererrrreer",
    "telefono3": 45646,
    "telefono2": 44646,
    "razon_social": "jose",
    "texto2": "ererer",
    "direccion": "wewe",
    "texto1": "uuuuuu",
    "rubro": "dfdhdh",
    "fecha2": "2015-09-23",
    "fecha1": "2015-09-23",
    "codigo": "p3",
    "nit": "uyyyuyuyy"
  },
  "model": "proveedores.proveedor",
  "pk": 2
},
{
  "fields": {
    "empresa": 1,
    "proveedor": 1,
    "cantidad": 111,
    "almacen": 1,
    "saldo_min": 234228,
    "precio_unitario": "2323.00",
    "unidad_medida": "asd",
    "carac_especial_2": "324324324324",
    "subgrupo": "asdasdasd",
    "codigo_item": "ad",
    "carac_especial_1": "asd",
    "descripcion": "ee",
    "costo_unitario": "234234.00",
    "grupo": "",
    "fecha_transaccion": null,
    "codigo_fabrica": "",
    "imagen": ""
  },
  "model": "producto.item",
  "pk": 6731
},
{
  "fields": {
    "empresa": 1,
    "proveedor": 1,
    "cantidad": 123,
    "almacen": 12,
    "saldo_min": 23,
    "precio_unitario": "34.00",
    "unidad_medida": "asd",
    "carac_especial_2": "sdfsdfdf",
    "subgrupo": "qweqweq",
    "codigo_item": "sa",
    "carac_especial_1": "qwe",
    "descripcion": "sd",
    "costo_unitario": "334.00",
    "grupo": "",
    "fecha_transaccion": null,
    "codigo_fabrica": "",
    "imagen": ""
  },
  "model": "producto.item",
  "pk": 6732
},
{
  "fields": {
    "empresa": 1,
    "proveedor": 1,
    "cantidad": 482,
    "almacen": 1,
    "saldo_min": 4,
    "precio_unitario": "89.00",
    "unidad_medida": "qqq",
    "carac_especial_2": "qqq",
    "subgrupo": "aaaa",
    "codigo_item": "P1-33",
    "carac_especial_1": "aaa",
    "descripcion": "producto2",
    "costo_unitario": "-34.00",
    "grupo": "g1",
    "fecha_transaccion": "2016-05-19",
    "codigo_fabrica": "qq",
    "imagen": "dsffsf4"
  },
  "model": "producto.item",
  "pk": 6729
},
{
  "fields": {
    "empresa": 1,
    "proveedor": 2,
    "cantidad": 501,
    "almacen": 1,
    "saldo_min": 20,
    "precio_unitario": "89.00",
    "unidad_medida": "qqq",
    "carac_especial_2": "qqq",
    "subgrupo": "sss",
    "codigo_item": "P2-44",
    "carac_especial_1": "aaa",
    "descripcion": "producto3",
    "costo_unitario": "34.00",
    "grupo": "g1",
    "fecha_transaccion": "2016-05-19",
    "codigo_fabrica": "aa",
    "imagen": "ggg"
  },
  "model": "producto.item",
  "pk": 6730
},
{
  "fields": {
    "empresa": 1,
    "cod_control": "qweqweqwe324234",
    "cantidad_dias": 0,
    "recargo": "0.00",
    "descuento": "0.00",
    "fecha_vencimiento": null,
    "razon_social": "dsfdsfs",
    "excentos": "0.00",
    "ice": "0.00",
    "tipo_descuento": "Bs",
    "monto_pago": null,
    "nro_nota": null,
    "tipo_compra": "contado",
    "nro_factura": 42342,
    "tipo_recargo": "Bs",
    "total": "100.00",
    "nro_autorizacion": "324524564757",
    "fecha": "2016-03-10",
    "nit": 3242342
  },
  "model": "compras.compra",
  "pk": 11
},
{
  "fields": {
    "empresa": 1,
    "cod_control": "32erwtwtwtwt",
    "cantidad_dias": 0,
    "recargo": "0.00",
    "descuento": "0.00",
    "fecha_vencimiento": null,
    "razon_social": "sdfsf",
    "excentos": "0.00",
    "ice": "0.00",
    "tipo_descuento": "Bs",
    "monto_pago": null,
    "nro_nota": null,
    "tipo_compra": "contado",
    "nro_factura": 3242,
    "tipo_recargo": "Bs",
    "total": "89.00",
    "nro_autorizacion": "3242353456546364",
    "fecha": "2016-03-10",
    "nit": 234242
  },
  "model": "compras.compra",
  "pk": 10
},
{
  "fields": {
    "empresa": 1,
    "cod_control": "gdggw54353453453453",
    "cantidad_dias": 0,
    "recargo": "0.00",
    "descuento": "0.00",
    "fecha_vencimiento": null,
    "razon_social": "dsdgsg",
    "excentos": "0.00",
    "ice": "0.00",
    "tipo_descuento": "Bs",
    "monto_pago": null,
    "nro_nota": null,
    "tipo_compra": "contado",
    "nro_factura": 323,
    "tipo_recargo": "Bs",
    "total": "100.00",
    "nro_autorizacion": "23423546765747",
    "fecha": "2016-03-10",
    "nit": 3242342
  },
  "model": "compras.compra",
  "pk": 9
},
{
  "fields": {
    "empresa": 1,
    "cod_control": "dddffgdgdgd",
    "cantidad_dias": 0,
    "recargo": "0.00",
    "descuento": "0.00",
    "fecha_vencimiento": null,
    "razon_social": "werwrwr",
    "excentos": "0.00",
    "ice": "0.00",
    "tipo_descuento": "Bs",
    "monto_pago": null,
    "nro_nota": null,
    "tipo_compra": "contado",
    "nro_factura": 32423424,
    "tipo_recargo": "Bs",
    "total": "100.00",
    "nro_autorizacion": "324234242424",
    "fecha": "2016-03-10",
    "nit": 24242
  },
  "model": "compras.compra",
  "pk": 8
},
{
  "fields": {
    "empresa": 1,
    "cod_control": "dddffgdgdgd",
    "cantidad_dias": 0,
    "recargo": "0.00",
    "descuento": "0.00",
    "fecha_vencimiento": null,
    "razon_social": "werwrwr",
    "excentos": "0.00",
    "ice": "0.00",
    "tipo_descuento": "Bs",
    "monto_pago": null,
    "nro_nota": null,
    "tipo_compra": "contado",
    "nro_factura": 32423424,
    "tipo_recargo": "Bs",
    "total": "100.00",
    "nro_autorizacion": "324234242424",
    "fecha": "2016-03-10",
    "nit": 24242
  },
  "model": "compras.compra",
  "pk": 7
},
{
  "fields": {
    "empresa": 1,
    "cod_control": "sdsdf345345",
    "cantidad_dias": 0,
    "recargo": "0.00",
    "descuento": "0.00",
    "fecha_vencimiento": null,
    "razon_social": "sfsfsf",
    "excentos": "0.00",
    "ice": "0.00",
    "tipo_descuento": "Bs",
    "monto_pago": null,
    "nro_nota": null,
    "tipo_compra": "contado",
    "nro_factura": 23424,
    "tipo_recargo": "Bs",
    "total": "10.00",
    "nro_autorizacion": "234242424242",
    "fecha": "2016-03-10",
    "nit": 234234
  },
  "model": "compras.compra",
  "pk": 6
},
{
  "fields": {
    "empresa": 1,
    "cod_control": "sdsdf345345",
    "cantidad_dias": 0,
    "recargo": "0.00",
    "descuento": "0.00",
    "fecha_vencimiento": null,
    "razon_social": "sfsfsf",
    "excentos": "0.00",
    "ice": "0.00",
    "tipo_descuento": "Bs",
    "monto_pago": null,
    "nro_nota": null,
    "tipo_compra": "contado",
    "nro_factura": 23424,
    "tipo_recargo": "Bs",
    "total": "10.00",
    "nro_autorizacion": "234242424242",
    "fecha": "2016-03-10",
    "nit": 234234
  },
  "model": "compras.compra",
  "pk": 5
},
{
  "fields": {
    "empresa": 1,
    "cod_control": "dsgsfsdgsg352525",
    "cantidad_dias": 0,
    "recargo": "0.00",
    "descuento": "0.00",
    "fecha_vencimiento": null,
    "razon_social": "sdfsfsf",
    "excentos": "0.00",
    "ice": "0.00",
    "tipo_descuento": "Bs",
    "monto_pago": null,
    "nro_nota": null,
    "tipo_compra": "contado",
    "nro_factura": 32423432,
    "tipo_recargo": "Bs",
    "total": "10.00",
    "nro_autorizacion": "2424242424244",
    "fecha": "2016-03-10",
    "nit": 2342342
  },
  "model": "compras.compra",
  "pk": 4
},
{
  "fields": {
    "empresa": 1,
    "cod_control": "wrwrwrwr",
    "cantidad_dias": 0,
    "recargo": "0.00",
    "descuento": "0.00",
    "fecha_vencimiento": null,
    "razon_social": "werwrwr",
    "excentos": "0.00",
    "ice": "0.00",
    "tipo_descuento": "Bs",
    "monto_pago": null,
    "nro_nota": null,
    "tipo_compra": "contado",
    "nro_factura": 3234234,
    "tipo_recargo": "Bs",
    "total": "4.00",
    "nro_autorizacion": "324242242424",
    "fecha": "2016-03-10",
    "nit": 32424
  },
  "model": "compras.compra",
  "pk": 3
},
{
  "fields": {
    "empresa": 1,
    "cod_control": "sdfsfsfsfsf",
    "cantidad_dias": 0,
    "recargo": "0.00",
    "descuento": "0.00",
    "fecha_vencimiento": null,
    "razon_social": "sdfsdfs",
    "excentos": "0.00",
    "ice": "0.00",
    "tipo_descuento": "Bs",
    "monto_pago": null,
    "nro_nota": null,
    "tipo_compra": "contado",
    "nro_factura": 342424,
    "tipo_recargo": "Bs",
    "total": "89.00",
    "nro_autorizacion": "352352552525",
    "fecha": "2016-03-09",
    "nit": 24234
  },
  "model": "compras.compra",
  "pk": 2
},
{
  "fields": {
    "empresa": 1,
    "cod_control": "fsdfsfw24242",
    "cantidad_dias": 0,
    "recargo": "0.00",
    "descuento": "0.00",
    "fecha_vencimiento": null,
    "razon_social": "rwrwrwr",
    "excentos": "0.00",
    "ice": "0.00",
    "tipo_descuento": "Bs",
    "monto_pago": null,
    "nro_nota": null,
    "tipo_compra": "contado",
    "nro_factura": 342424,
    "tipo_recargo": "Bs",
    "total": "89.00",
    "nro_autorizacion": "3242423423424",
    "fecha": "2016-03-09",
    "nit": 23424
  },
  "model": "compras.compra",
  "pk": 1
},
{
  "fields": {
    "empresa": 1,
    "cod_control": "gfhf77676767676",
    "cantidad_dias": 0,
    "recargo": "0.00",
    "descuento": "0.00",
    "fecha_vencimiento": null,
    "razon_social": "iuiuiu",
    "excentos": "0.00",
    "ice": "0.00",
    "tipo_descuento": "Bs",
    "monto_pago": null,
    "nro_nota": null,
    "tipo_compra": "contado",
    "nro_factura": 5785,
    "tipo_recargo": "Bs",
    "total": "89.00",
    "nro_autorizacion": "78585586577",
    "fecha": "2016-03-22",
    "nit": 234234
  },
  "model": "compras.compra",
  "pk": 23
},
{
  "fields": {
    "empresa": 1,
    "cod_control": "43242424",
    "cantidad_dias": 0,
    "recargo": "0.00",
    "descuento": "0.00",
    "fecha_vencimiento": null,
    "razon_social": "gatito perez",
    "excentos": "0.00",
    "ice": "0.00",
    "tipo_descuento": "Bs",
    "monto_pago": null,
    "nro_nota": null,
    "tipo_compra": "contado",
    "nro_factura": 7899,
    "tipo_recargo": "Bs",
    "total": "89.00",
    "nro_autorizacion": "234324234234",
    "fecha": "2016-03-22",
    "nit": 234234
  },
  "model": "compras.compra",
  "pk": 22
},
{
  "fields": {
    "empresa": 1,
    "cod_control": "234324324324324324",
    "cantidad_dias": 0,
    "recargo": "0.00",
    "descuento": "0.00",
    "fecha_vencimiento": null,
    "razon_social": "erwerewr",
    "excentos": "0.00",
    "ice": "0.00",
    "tipo_descuento": "Bs",
    "monto_pago": null,
    "nro_nota": null,
    "tipo_compra": "contado",
    "nro_factura": 657,
    "tipo_recargo": "Bs",
    "total": "89.00",
    "nro_autorizacion": "32424234234",
    "fecha": "2016-03-22",
    "nit": 234324324
  },
  "model": "compras.compra",
  "pk": 21
},
{
  "fields": {
    "empresa": 1,
    "cod_control": "234324324234324324234",
    "cantidad_dias": 0,
    "recargo": "0.00",
    "descuento": "0.00",
    "fecha_vencimiento": null,
    "razon_social": "rwerwrwr",
    "excentos": "0.00",
    "ice": "0.00",
    "tipo_descuento": "Bs",
    "monto_pago": null,
    "nro_nota": null,
    "tipo_compra": "contado",
    "nro_factura": 456,
    "tipo_recargo": "Bs",
    "total": "89.00",
    "nro_autorizacion": "324324324324324",
    "fecha": "2016-03-22",
    "nit": 324234
  },
  "model": "compras.compra",
  "pk": 20
},
{
  "fields": {
    "empresa": 1,
    "cod_control": "fdgdfgdgd45456464",
    "cantidad_dias": 0,
    "recargo": "0.00",
    "descuento": "0.00",
    "fecha_vencimiento": null,
    "razon_social": "sdfsdfsfs",
    "excentos": "0.00",
    "ice": "0.00",
    "tipo_descuento": "Bs",
    "monto_pago": null,
    "nro_nota": null,
    "tipo_compra": "contado",
    "nro_factura": 35345353,
    "tipo_recargo": "Bs",
    "total": "68.00",
    "nro_autorizacion": "34534635363663",
    "fecha": "2016-03-10",
    "nit": 325234235
  },
  "model": "compras.compra",
  "pk": 15
},
{
  "fields": {
    "empresa": 1,
    "cod_control": "dfgdgdg54645645646",
    "cantidad_dias": 0,
    "recargo": "0.00",
    "descuento": "0.00",
    "fecha_vencimiento": null,
    "razon_social": "werwrwrwrwrwr",
    "excentos": "0.00",
    "ice": "0.00",
    "tipo_descuento": "Bs",
    "monto_pago": null,
    "nro_nota": null,
    "tipo_compra": "contado",
    "nro_factura": 45,
    "tipo_recargo": "Bs",
    "total": "1125.00",
    "nro_autorizacion": "345535353535353",
    "fecha": "2016-03-10",
    "nit": 23424244
  },
  "model": "compras.compra",
  "pk": 14
},
{
  "fields": {
    "empresa": 1,
    "cod_control": "sfdsdfsdw34234234234",
    "cantidad_dias": 0,
    "recargo": "0.00",
    "descuento": "0.00",
    "fecha_vencimiento": null,
    "razon_social": "rwerwer",
    "excentos": "0.00",
    "ice": "0.00",
    "tipo_descuento": "Bs",
    "monto_pago": null,
    "nro_nota": null,
    "tipo_compra": "contado",
    "nro_factura": 2342342,
    "tipo_recargo": "Bs",
    "total": "89.00",
    "nro_autorizacion": "3242342342342",
    "fecha": "2016-03-17",
    "nit": 42323423
  },
  "model": "compras.compra",
  "pk": 19
},
{
  "fields": {
    "empresa": 1,
    "cod_control": "werewrwrwrwrwr",
    "cantidad_dias": 0,
    "recargo": "0.00",
    "descuento": "0.00",
    "fecha_vencimiento": null,
    "razon_social": "ewrwrw",
    "excentos": "0.00",
    "ice": "0.00",
    "tipo_descuento": "Bs",
    "monto_pago": null,
    "nro_nota": null,
    "tipo_compra": "contado",
    "nro_factura": 324234,
    "tipo_recargo": "Bs",
    "total": "680.00",
    "nro_autorizacion": "434353534535353",
    "fecha": "2016-03-11",
    "nit": 3423424
  },
  "model": "compras.compra",
  "pk": 18
},
{
  "fields": {
    "empresa": 1,
    "cod_control": "fgdgdgdg",
    "cantidad_dias": 30,
    "recargo": "0.00",
    "descuento": "0.00",
    "fecha_vencimiento": "2016-04-10",
    "razon_social": "etertert",
    "excentos": "0.00",
    "ice": "0.00",
    "tipo_descuento": "Bs",
    "monto_pago": "20.00",
    "nro_nota": null,
    "tipo_compra": "credito",
    "nro_factura": 34535,
    "tipo_recargo": "Bs",
    "total": "89.00",
    "nro_autorizacion": "345345353535",
    "fecha": "2016-03-11",
    "nit": 4354353
  },
  "model": "compras.compra",
  "pk": 17
},
{
  "fields": {
    "empresa": 1,
    "cod_control": "sdfsdfsdfsdfsfsds",
    "cantidad_dias": 0,
    "recargo": "0.00",
    "descuento": "0.00",
    "fecha_vencimiento": null,
    "razon_social": "werwrwrw",
    "excentos": "0.00",
    "ice": "0.00",
    "tipo_descuento": "Bs",
    "monto_pago": null,
    "nro_nota": null,
    "tipo_compra": "contado",
    "nro_factura": 4353453,
    "tipo_recargo": "Bs",
    "total": "89.00",
    "nro_autorizacion": "43534534535353",
    "fecha": "2016-03-11",
    "nit": 2143234
  },
  "model": "compras.compra",
  "pk": 16
},
{
  "fields": {
    "empresa": 1,
    "cod_control": "dfgdfgdgdg353346",
    "cantidad_dias": 0,
    "recargo": "0.00",
    "descuento": "0.00",
    "fecha_vencimiento": null,
    "razon_social": "ewwrweetwt",
    "excentos": "0.00",
    "ice": "0.00",
    "tipo_descuento": "Bs",
    "monto_pago": null,
    "nro_nota": null,
    "tipo_compra": "contado",
    "nro_factura": 34534535,
    "tipo_recargo": "Bs",
    "total": "24.00",
    "nro_autorizacion": "4534535445",
    "fecha": "2016-03-10",
    "nit": 2423423
  },
  "model": "compras.compra",
  "pk": 13
},
{
  "fields": {
    "empresa": 1,
    "cod_control": "rdfgdfg3e63433463",
    "cantidad_dias": 0,
    "recargo": "0.00",
    "descuento": "0.00",
    "fecha_vencimiento": null,
    "razon_social": "werwrwr",
    "excentos": "0.00",
    "ice": "0.00",
    "tipo_descuento": "Bs",
    "monto_pago": null,
    "nro_nota": null,
    "tipo_compra": "contado",
    "nro_factura": 355,
    "tipo_recargo": "Bs",
    "total": "100.00",
    "nro_autorizacion": "242326262626",
    "fecha": "2016-03-10",
    "nit": 242342
  },
  "model": "compras.compra",
  "pk": 12
},
{
  "fields": {
    "empresa": 1,
    "cod_control": "werwerwerwr",
    "cantidad_dias": 30,
    "recargo": "0.00",
    "descuento": "0.00",
    "fecha_vencimiento": "2016-05-20",
    "razon_social": "jojoj",
    "excentos": "0.00",
    "ice": "0.00",
    "tipo_descuento": "Bs",
    "monto_pago": null,
    "nro_nota": 6,
    "tipo_compra": "credito",
    "nro_factura": 234234,
    "tipo_recargo": "Bs",
    "total": "200.00",
    "nro_autorizacion": "24234234234",
    "fecha": "2016-04-20",
    "nit": 3423424
  },
  "model": "compras.compra",
  "pk": 30
},
{
  "fields": {
    "empresa": 1,
    "cod_control": "sfsfwrw4242",
    "cantidad_dias": 30,
    "recargo": "0.00",
    "descuento": "0.00",
    "fecha_vencimiento": "2016-05-20",
    "razon_social": "wewrwrw",
    "excentos": "0.00",
    "ice": "0.00",
    "tipo_descuento": "Bs",
    "monto_pago": null,
    "nro_nota": 5,
    "tipo_compra": "credito",
    "nro_factura": 234324,
    "tipo_recargo": "Bs",
    "total": "89.00",
    "nro_autorizacion": "32423422342",
    "fecha": "2016-04-20",
    "nit": 324234
  },
  "model": "compras.compra",
  "pk": 29
},
{
  "fields": {
    "empresa": 1,
    "cod_control": "dfdfffdfdfdffddfdff",
    "cantidad_dias": 30,
    "recargo": "0.00",
    "descuento": "0.00",
    "fecha_vencimiento": "2016-05-19",
    "razon_social": "jojoj",
    "excentos": "0.00",
    "ice": "0.00",
    "tipo_descuento": "Bs",
    "monto_pago": "50.00",
    "nro_nota": 4,
    "tipo_compra": "credito",
    "nro_factura": 345,
    "tipo_recargo": "Bs",
    "total": "89.00",
    "nro_autorizacion": "34344343443",
    "fecha": "2016-04-19",
    "nit": 3423424
  },
  "model": "compras.compra",
  "pk": 28
},
{
  "fields": {
    "empresa": 1,
    "cod_control": "rereer4344334",
    "cantidad_dias": 0,
    "recargo": "0.00",
    "descuento": "0.00",
    "fecha_vencimiento": null,
    "razon_social": "jojoj",
    "excentos": "0.00",
    "ice": "0.00",
    "tipo_descuento": "Bs",
    "monto_pago": null,
    "nro_nota": 3,
    "tipo_compra": "contado",
    "nro_factura": 345,
    "tipo_recargo": "Bs",
    "total": "89.00",
    "nro_autorizacion": "3453535353535",
    "fecha": "2016-04-19",
    "nit": 3423424
  },
  "model": "compras.compra",
  "pk": 27
},
{
  "fields": {
    "empresa": 1,
    "cod_control": "2343werwerwrw",
    "cantidad_dias": 0,
    "recargo": "0.00",
    "descuento": "0.00",
    "fecha_vencimiento": null,
    "razon_social": "werewrwer",
    "excentos": "0.00",
    "ice": "0.00",
    "tipo_descuento": "Bs",
    "monto_pago": null,
    "nro_nota": 2,
    "tipo_compra": "contado",
    "nro_factura": 2332,
    "tipo_recargo": "Bs",
    "total": "89.00",
    "nro_autorizacion": "32423432432432",
    "fecha": "2016-03-22",
    "nit": 234324
  },
  "model": "compras.compra",
  "pk": 26
},
{
  "fields": {
    "empresa": 1,
    "cod_control": "32432432rwrwerwerwerwe",
    "cantidad_dias": 0,
    "recargo": "0.00",
    "descuento": "0.00",
    "fecha_vencimiento": null,
    "razon_social": "werwerwer",
    "excentos": "0.00",
    "ice": "0.00",
    "tipo_descuento": "Bs",
    "monto_pago": null,
    "nro_nota": 1,
    "tipo_compra": "contado",
    "nro_factura": 23324234,
    "tipo_recargo": "Bs",
    "total": "89.00",
    "nro_autorizacion": "324234324234",
    "fecha": "2016-03-22",
    "nit": 234234
  },
  "model": "compras.compra",
  "pk": 25
},
{
  "fields": {
    "empresa": 1,
    "cod_control": "hghghghghgh",
    "cantidad_dias": 15,
    "recargo": "0.00",
    "descuento": "0.00",
    "fecha_vencimiento": "2016-04-06",
    "razon_social": "hghghg",
    "excentos": "0.00",
    "ice": "0.00",
    "tipo_descuento": "Bs",
    "monto_pago": null,
    "nro_nota": null,
    "tipo_compra": "credito",
    "nro_factura": 678,
    "tipo_recargo": "Bs",
    "total": "89.00",
    "nro_autorizacion": "67686822222",
    "fecha": "2016-03-22",
    "nit": 67676
  },
  "model": "compras.compra",
  "pk": 24
},
{
  "fields": {
    "empresa": 1,
    "cod_control": "hghghghghg",
    "cantidad_dias": 0,
    "recargo": "0.00",
    "descuento": "0.00",
    "fecha_vencimiento": null,
    "razon_social": "yhtytyty",
    "excentos": "0.00",
    "ice": "0.00",
    "tipo_descuento": "Bs",
    "monto_pago": null,
    "nro_nota": 7,
    "tipo_compra": "contado",
    "nro_factura": 565,
    "tipo_recargo": "Bs",
    "total": "178.00",
    "nro_autorizacion": "566557585557755",
    "fecha": "2016-05-19",
    "nit": 86767
  },
  "model": "compras.compra",
  "pk": 34
},
{
  "fields": {
    "centro_costos": "V",
    "scf": "100.00",
    "recargo": "0.00",
    "cantidad": 10,
    "descuento": "0.00",
    "producto": null,
    "excentos": "0.00",
    "ice": "0.00",
    "tipo_descuento": "Bs",
    "precio_unitario": "10.00",
    "compra": 11,
    "tipo_recargo": "Bs",
    "codigo": "",
    "subtotal": "100.00",
    "detalle": "",
    "unidad": ""
  },
  "model": "compras.detallecompra",
  "pk": 4
},
{
  "fields": {
    "centro_costos": "A",
    "scf": "89.00",
    "recargo": "0.00",
    "cantidad": 1,
    "descuento": "0.00",
    "producto": 6729,
    "excentos": "0.00",
    "ice": "0.00",
    "tipo_descuento": "Bs",
    "precio_unitario": "89.00",
    "compra": 23,
    "tipo_recargo": "Bs",
    "codigo": "P1-33",
    "subtotal": "89.00",
    "detalle": "producto2",
    "unidad": "qqq"
  },
  "model": "compras.detallecompra",
  "pk": 16
},
{
  "fields": {
    "centro_costos": "A",
    "scf": "89.00",
    "recargo": "0.00",
    "cantidad": 1,
    "descuento": "0.00",
    "producto": 6730,
    "excentos": "0.00",
    "ice": "0.00",
    "tipo_descuento": "Bs",
    "precio_unitario": "89.00",
    "compra": 22,
    "tipo_recargo": "Bs",
    "codigo": "P2-44",
    "subtotal": "89.00",
    "detalle": "producto3",
    "unidad": "qqq"
  },
  "model": "compras.detallecompra",
  "pk": 15
},
{
  "fields": {
    "centro_costos": "A",
    "scf": "89.00",
    "recargo": "0.00",
    "cantidad": 1,
    "descuento": "0.00",
    "producto": 6730,
    "excentos": "0.00",
    "ice": "0.00",
    "tipo_descuento": "Bs",
    "precio_unitario": "89.00",
    "compra": 21,
    "tipo_recargo": "Bs",
    "codigo": "P2-44",
    "subtotal": "89.00",
    "detalle": "producto3",
    "unidad": "qqq"
  },
  "model": "compras.detallecompra",
  "pk": 14
},
{
  "fields": {
    "centro_costos": "A",
    "scf": "89.00",
    "recargo": "0.00",
    "cantidad": 1,
    "descuento": "0.00",
    "producto": 6730,
    "excentos": "0.00",
    "ice": "0.00",
    "tipo_descuento": "Bs",
    "precio_unitario": "89.00",
    "compra": 20,
    "tipo_recargo": "Bs",
    "codigo": "P2-44",
    "subtotal": "89.00",
    "detalle": "producto3",
    "unidad": "qqq"
  },
  "model": "compras.detallecompra",
  "pk": 13
},
{
  "fields": {
    "centro_costos": "noseee",
    "scf": "68.00",
    "recargo": "0.00",
    "cantidad": 34,
    "descuento": "0.00",
    "producto": null,
    "excentos": "0.00",
    "ice": "0.00",
    "tipo_descuento": "Bs",
    "precio_unitario": "2.00",
    "compra": 15,
    "tipo_recargo": "Bs",
    "codigo": "xxx",
    "subtotal": "68.00",
    "detalle": "xxx",
    "unidad": "34"
  },
  "model": "compras.detallecompra",
  "pk": 8
},
{
  "fields": {
    "centro_costos": "dgdfgdg",
    "scf": "1125.00",
    "recargo": "0.00",
    "cantidad": 25,
    "descuento": "0.00",
    "producto": null,
    "excentos": "0.00",
    "ice": "0.00",
    "tipo_descuento": "Bs",
    "precio_unitario": "45.00",
    "compra": 14,
    "tipo_recargo": "Bs",
    "codigo": "ertttt",
    "subtotal": "1125.00",
    "detalle": "prodic",
    "unidad": "rgg"
  },
  "model": "compras.detallecompra",
  "pk": 7
},
{
  "fields": {
    "centro_costos": "A",
    "scf": "89.00",
    "recargo": "0.00",
    "cantidad": 1,
    "descuento": "0.00",
    "producto": 6729,
    "excentos": "0.00",
    "ice": "0.00",
    "tipo_descuento": "Bs",
    "precio_unitario": "90.00",
    "compra": 19,
    "tipo_recargo": "Bs",
    "codigo": "P1-33",
    "subtotal": "89.00",
    "detalle": "producto2",
    "unidad": "qqq"
  },
  "model": "compras.detallecompra",
  "pk": 12
},
{
  "fields": {
    "centro_costos": "compra1",
    "scf": "680.00",
    "recargo": "0.00",
    "cantidad": 20,
    "descuento": "0.00",
    "producto": null,
    "excentos": "0.00",
    "ice": "0.00",
    "tipo_descuento": "Bs",
    "precio_unitario": "34.00",
    "compra": 18,
    "tipo_recargo": "Bs",
    "codigo": "clav",
    "subtotal": "680.00",
    "detalle": "clavos",
    "unidad": "kg"
  },
  "model": "compras.detallecompra",
  "pk": 11
},
{
  "fields": {
    "centro_costos": "gato",
    "scf": "24.00",
    "recargo": "0.00",
    "cantidad": 1,
    "descuento": "0.00",
    "producto": null,
    "excentos": "0.00",
    "ice": "0.00",
    "tipo_descuento": "Bs",
    "precio_unitario": "24.00",
    "compra": 13,
    "tipo_recargo": "Bs",
    "codigo": "werwr",
    "subtotal": "24.00",
    "detalle": "noseeee",
    "unidad": "sdfsdf"
  },
  "model": "compras.detallecompra",
  "pk": 6
},
{
  "fields": {
    "centro_costos": "gatito",
    "scf": "100.00",
    "recargo": "0.00",
    "cantidad": 10,
    "descuento": "0.00",
    "producto": null,
    "excentos": "0.00",
    "ice": "0.00",
    "tipo_descuento": "Bs",
    "precio_unitario": "10.00",
    "compra": 12,
    "tipo_recargo": "Bs",
    "codigo": "",
    "subtotal": "100.00",
    "detalle": "",
    "unidad": ""
  },
  "model": "compras.detallecompra",
  "pk": 5
},
{
  "fields": {
    "centro_costos": "A",
    "scf": "200.00",
    "recargo": "0.00",
    "cantidad": 1,
    "descuento": "0.00",
    "producto": 6730,
    "excentos": "0.00",
    "ice": "0.00",
    "tipo_descuento": "Bs",
    "precio_unitario": "200.00",
    "compra": 30,
    "tipo_recargo": "Bs",
    "codigo": "P2-44",
    "subtotal": "200.00",
    "detalle": "producto3",
    "unidad": "qqq"
  },
  "model": "compras.detallecompra",
  "pk": 23
},
{
  "fields": {
    "centro_costos": "A",
    "scf": "89.00",
    "recargo": "0.00",
    "cantidad": 1,
    "descuento": "0.00",
    "producto": 6730,
    "excentos": "0.00",
    "ice": "0.00",
    "tipo_descuento": "Bs",
    "precio_unitario": "100.00",
    "compra": 29,
    "tipo_recargo": "Bs",
    "codigo": "P2-44",
    "subtotal": "89.00",
    "detalle": "producto3",
    "unidad": "qqq"
  },
  "model": "compras.detallecompra",
  "pk": 22
},
{
  "fields": {
    "centro_costos": "A",
    "scf": "89.00",
    "recargo": "0.00",
    "cantidad": 1,
    "descuento": "0.00",
    "producto": 6729,
    "excentos": "0.00",
    "ice": "0.00",
    "tipo_descuento": "Bs",
    "precio_unitario": "89.00",
    "compra": 28,
    "tipo_recargo": "Bs",
    "codigo": "P1-33",
    "subtotal": "89.00",
    "detalle": "producto2",
    "unidad": "qqq"
  },
  "model": "compras.detallecompra",
  "pk": 21
},
{
  "fields": {
    "centro_costos": "A",
    "scf": "89.00",
    "recargo": "0.00",
    "cantidad": 1,
    "descuento": "0.00",
    "producto": 6730,
    "excentos": "0.00",
    "ice": "0.00",
    "tipo_descuento": "Bs",
    "precio_unitario": "89.00",
    "compra": 27,
    "tipo_recargo": "Bs",
    "codigo": "P2-44",
    "subtotal": "89.00",
    "detalle": "producto3",
    "unidad": "qqq"
  },
  "model": "compras.detallecompra",
  "pk": 20
},
{
  "fields": {
    "centro_costos": "A",
    "scf": "89.00",
    "recargo": "0.00",
    "cantidad": 1,
    "descuento": "0.00",
    "producto": 6730,
    "excentos": "0.00",
    "ice": "0.00",
    "tipo_descuento": "Bs",
    "precio_unitario": "89.00",
    "compra": 26,
    "tipo_recargo": "Bs",
    "codigo": "P2-44",
    "subtotal": "89.00",
    "detalle": "producto3",
    "unidad": "qqq"
  },
  "model": "compras.detallecompra",
  "pk": 19
},
{
  "fields": {
    "centro_costos": "A",
    "scf": "89.00",
    "recargo": "0.00",
    "cantidad": 1,
    "descuento": "0.00",
    "producto": 6730,
    "excentos": "0.00",
    "ice": "0.00",
    "tipo_descuento": "Bs",
    "precio_unitario": "89.00",
    "compra": 25,
    "tipo_recargo": "Bs",
    "codigo": "P2-44",
    "subtotal": "89.00",
    "detalle": "producto3",
    "unidad": "qqq"
  },
  "model": "compras.detallecompra",
  "pk": 18
},
{
  "fields": {
    "centro_costos": "A",
    "scf": "89.00",
    "recargo": "0.00",
    "cantidad": 1,
    "descuento": "0.00",
    "producto": 6730,
    "excentos": "0.00",
    "ice": "0.00",
    "tipo_descuento": "Bs",
    "precio_unitario": "89.00",
    "compra": 24,
    "tipo_recargo": "Bs",
    "codigo": "P2-44",
    "subtotal": "89.00",
    "detalle": "producto3",
    "unidad": "qqq"
  },
  "model": "compras.detallecompra",
  "pk": 17
},
{
  "fields": {
    "centro_costos": "A",
    "scf": "89.00",
    "recargo": "0.00",
    "cantidad": 1,
    "descuento": "0.00",
    "producto": 6729,
    "excentos": "0.00",
    "ice": "0.00",
    "tipo_descuento": "Bs",
    "precio_unitario": "89.00",
    "compra": 34,
    "tipo_recargo": "Bs",
    "codigo": "P1-33",
    "subtotal": "89.00",
    "detalle": "producto2",
    "unidad": "qqq"
  },
  "model": "compras.detallecompra",
  "pk": 24
},
{
  "fields": {
    "centro_costos": "A",
    "scf": "89.00",
    "recargo": "0.00",
    "cantidad": 1,
    "descuento": "0.00",
    "producto": 6730,
    "excentos": "0.00",
    "ice": "0.00",
    "tipo_descuento": "Bs",
    "precio_unitario": "89.00",
    "compra": 34,
    "tipo_recargo": "Bs",
    "codigo": "P2-44",
    "subtotal": "89.00",
    "detalle": "producto3",
    "unidad": "qqq"
  },
  "model": "compras.detallecompra",
  "pk": 25
},
{
  "fields": {
    "descripcion": "compra1",
    "empresa": 1,
    "cod": null
  },
  "model": "compras.centrocostos",
  "pk": 5
},
{
  "fields": {
    "descripcion": "dgdfgdg",
    "empresa": 1,
    "cod": null
  },
  "model": "compras.centrocostos",
  "pk": 4
},
{
  "fields": {
    "descripcion": "noseee",
    "empresa": 1,
    "cod": ""
  },
  "model": "compras.centrocostos",
  "pk": 3
},
{
  "fields": {
    "descripcion": "varios222",
    "empresa": 1,
    "cod": ""
  },
  "model": "compras.centrocostos",
  "pk": 2
},
{
  "fields": {
    "descripcion": "otrosss",
    "empresa": 1,
    "cod": ""
  },
  "model": "compras.centrocostos",
  "pk": 1
},
{
  "fields": {
    "empresa": 1,
    "cantidad_dias": 0,
    "fecha_vencimiento": null,
    "tipo_recargo": "Bs",
    "total": "89.00",
    "llave_digital": null,
    "descuento": "0.00",
    "actividad": null,
    "fecha": "2016-03-17",
    "fecha_limite": null,
    "ice": "0.00",
    "tipo_descuento": "Bs",
    "monto_pago": null,
    "tipo_movimiento": "proforma",
    "recargo": "0.00",
    "sucursal": null,
    "codigo_control": null,
    "numero_autorizacion": null,
    "nro_factura": null,
    "nro_baja": null,
    "nit": 234234,
    "excentos": "0.00",
    "nro_nota": 1,
    "tipo_compra": "contado",
    "razon_social": "werwer"
  },
  "model": "ventas.venta",
  "pk": 19
},
{
  "fields": {
    "empresa": 1,
    "cantidad_dias": 0,
    "fecha_vencimiento": null,
    "tipo_recargo": "Bs",
    "total": "89.00",
    "llave_digital": "tyry6657474ryryryryrtyryrxxxzcgrtyryr",
    "descuento": "0.00",
    "actividad": null,
    "fecha": "2016-03-16",
    "fecha_limite": "2016-03-31",
    "ice": "0.00",
    "tipo_descuento": "Bs",
    "monto_pago": null,
    "tipo_movimiento": null,
    "recargo": "0.00",
    "sucursal": null,
    "codigo_control": "57-6F-A2-C1",
    "numero_autorizacion": 32424242,
    "nro_factura": 1,
    "nro_baja": null,
    "nit": 345345,
    "excentos": "0.00",
    "nro_nota": null,
    "tipo_compra": "contado",
    "razon_social": "ertete"
  },
  "model": "ventas.venta",
  "pk": 10
},
{
  "fields": {
    "empresa": 1,
    "cantidad_dias": 0,
    "fecha_vencimiento": null,
    "tipo_recargo": "Bs",
    "total": "89.00",
    "llave_digital": "tyry6657474ryryryryrtyryrxxxzcgrtyryr",
    "descuento": "0.00",
    "actividad": null,
    "fecha": "2016-03-16",
    "fecha_limite": "2016-03-31",
    "ice": "0.00",
    "tipo_descuento": "Bs",
    "monto_pago": null,
    "tipo_movimiento": null,
    "recargo": "0.00",
    "sucursal": null,
    "codigo_control": "57-6F-A2-C1",
    "numero_autorizacion": 32424242,
    "nro_factura": 1,
    "nro_baja": null,
    "nit": 345345,
    "excentos": "0.00",
    "nro_nota": null,
    "tipo_compra": "contado",
    "razon_social": "wewett"
  },
  "model": "ventas.venta",
  "pk": 11
},
{
  "fields": {
    "empresa": 1,
    "cantidad_dias": 0,
    "fecha_vencimiento": null,
    "tipo_recargo": "Bs",
    "total": "89.00",
    "llave_digital": "tyry6657474ryryryryrtyryrxxxzcgrtyryr",
    "descuento": "0.00",
    "actividad": null,
    "fecha": "2016-03-16",
    "fecha_limite": "2016-03-31",
    "ice": "0.00",
    "tipo_descuento": "Bs",
    "monto_pago": null,
    "tipo_movimiento": null,
    "recargo": "0.00",
    "sucursal": null,
    "codigo_control": "39-FA-25-DB",
    "numero_autorizacion": 32424242,
    "nro_factura": 100,
    "nro_baja": null,
    "nit": 23424,
    "excentos": "0.00",
    "nro_nota": null,
    "tipo_compra": "contado",
    "razon_social": "werwrw"
  },
  "model": "ventas.venta",
  "pk": 12
},
{
  "fields": {
    "empresa": 1,
    "cantidad_dias": 0,
    "fecha_vencimiento": null,
    "tipo_recargo": "Bs",
    "total": "89.00",
    "llave_digital": "tyry6657474ryryryryrtyryrxxxzcgrtyryr",
    "descuento": "0.00",
    "actividad": null,
    "fecha": "2016-03-16",
    "fecha_limite": "2016-03-31",
    "ice": "0.00",
    "tipo_descuento": "Bs",
    "monto_pago": null,
    "tipo_movimiento": null,
    "recargo": "0.00",
    "sucursal": null,
    "codigo_control": "BC-7C-AD-65",
    "numero_autorizacion": 32424242,
    "nro_factura": 100,
    "nro_baja": null,
    "nit": 3555,
    "excentos": "0.00",
    "nro_nota": null,
    "tipo_compra": "contado",
    "razon_social": "etetet"
  },
  "model": "ventas.venta",
  "pk": 13
},
{
  "fields": {
    "empresa": 1,
    "cantidad_dias": 0,
    "fecha_vencimiento": null,
    "tipo_recargo": "Bs",
    "total": "89.00",
    "llave_digital": "tertertet353dgdgdg",
    "descuento": "0.00",
    "actividad": null,
    "fecha": "2016-03-16",
    "fecha_limite": "2016-03-31",
    "ice": "0.00",
    "tipo_descuento": "Bs",
    "monto_pago": null,
    "tipo_movimiento": null,
    "recargo": "0.00",
    "sucursal": null,
    "codigo_control": "7A-03-40-6F",
    "numero_autorizacion": 24234424,
    "nro_factura": 1,
    "nro_baja": null,
    "nit": 34535,
    "excentos": "0.00",
    "nro_nota": null,
    "tipo_compra": "contado",
    "razon_social": "werwerr"
  },
  "model": "ventas.venta",
  "pk": 14
},
{
  "fields": {
    "empresa": 1,
    "cantidad_dias": 0,
    "fecha_vencimiento": null,
    "tipo_recargo": "Bs",
    "total": "89.00",
    "llave_digital": "tertertet353dgdgdg",
    "descuento": "0.00",
    "actividad": null,
    "fecha": "2016-03-16",
    "fecha_limite": "2016-03-31",
    "ice": "0.00",
    "tipo_descuento": "Bs",
    "monto_pago": null,
    "tipo_movimiento": null,
    "recargo": "0.00",
    "sucursal": null,
    "codigo_control": "1D-C0-6E-9E",
    "numero_autorizacion": 24234424,
    "nro_factura": 2,
    "nro_baja": null,
    "nit": 23242,
    "excentos": "0.00",
    "nro_nota": null,
    "tipo_compra": "contado",
    "razon_social": "erertete"
  },
  "model": "ventas.venta",
  "pk": 15
},
{
  "fields": {
    "empresa": 1,
    "cantidad_dias": 0,
    "fecha_vencimiento": null,
    "tipo_recargo": "Bs",
    "total": "89.00",
    "llave_digital": "tertertet353dgdgdg",
    "descuento": "0.00",
    "actividad": null,
    "fecha": "2016-03-16",
    "fecha_limite": "2016-03-31",
    "ice": "0.00",
    "tipo_descuento": "Bs",
    "monto_pago": null,
    "tipo_movimiento": null,
    "recargo": "0.00",
    "sucursal": null,
    "codigo_control": "01-E3-15-F6",
    "numero_autorizacion": 24234424,
    "nro_factura": 3,
    "nro_baja": null,
    "nit": 353535,
    "excentos": "0.00",
    "nro_nota": null,
    "tipo_compra": "contado",
    "razon_social": "eyeeye"
  },
  "model": "ventas.venta",
  "pk": 16
},
{
  "fields": {
    "empresa": 1,
    "cantidad_dias": 0,
    "fecha_vencimiento": null,
    "tipo_recargo": "Bs",
    "total": "89.00",
    "llave_digital": "tyry6657474ryryryryrtyryrxxxzcgrtyryr",
    "descuento": "0.00",
    "actividad": null,
    "fecha": "2016-03-07",
    "fecha_limite": "2016-03-31",
    "ice": "0.00",
    "tipo_descuento": "Bs",
    "monto_pago": null,
    "tipo_movimiento": null,
    "recargo": "0.00",
    "sucursal": null,
    "codigo_control": "E3-B4-0C-C6",
    "numero_autorizacion": 32424242,
    "nro_factura": 3,
    "nro_baja": null,
    "nit": 23424,
    "excentos": "0.00",
    "nro_nota": null,
    "tipo_compra": "contado",
    "razon_social": "sfsfsf"
  },
  "model": "ventas.venta",
  "pk": 3
},
{
  "fields": {
    "empresa": 1,
    "cantidad_dias": 0,
    "fecha_vencimiento": null,
    "tipo_recargo": "Bs",
    "total": "89.00",
    "llave_digital": "tyry6657474ryryryryrtyryrxxxzcgrtyryr",
    "descuento": "0.00",
    "actividad": null,
    "fecha": "2016-03-07",
    "fecha_limite": "2016-03-31",
    "ice": "0.00",
    "tipo_descuento": "Bs",
    "monto_pago": null,
    "tipo_movimiento": null,
    "recargo": "0.00",
    "sucursal": null,
    "codigo_control": "7E-4C-FF-D5",
    "numero_autorizacion": 32424242,
    "nro_factura": 1,
    "nro_baja": null,
    "nit": 23424,
    "excentos": "0.00",
    "nro_nota": null,
    "tipo_compra": "contado",
    "razon_social": "sfsfsdf"
  },
  "model": "ventas.venta",
  "pk": 4
},
{
  "fields": {
    "empresa": 1,
    "cantidad_dias": 0,
    "fecha_vencimiento": null,
    "tipo_recargo": "Bs",
    "total": "89.00",
    "llave_digital": "tyry6657474ryryryryrtyryrxxxzcgrtyryr",
    "descuento": "0.00",
    "actividad": null,
    "fecha": "2016-03-09",
    "fecha_limite": "2016-03-31",
    "ice": "0.00",
    "tipo_descuento": "Bs",
    "monto_pago": null,
    "tipo_movimiento": null,
    "recargo": "0.00",
    "sucursal": null,
    "codigo_control": "F7-A0-02-A5-A0",
    "numero_autorizacion": 32424242,
    "nro_factura": 1,
    "nro_baja": null,
    "nit": 324324,
    "excentos": "0.00",
    "nro_nota": null,
    "tipo_compra": "contado",
    "razon_social": "werwrwr"
  },
  "model": "ventas.venta",
  "pk": 5
},
{
  "fields": {
    "empresa": 1,
    "cantidad_dias": 0,
    "fecha_vencimiento": null,
    "tipo_recargo": "Bs",
    "total": "89.00",
    "llave_digital": "tyry6657474ryryryryrtyryrxxxzcgrtyryr",
    "descuento": "0.00",
    "actividad": null,
    "fecha": "2016-03-09",
    "fecha_limite": "2016-03-31",
    "ice": "0.00",
    "tipo_descuento": "Bs",
    "monto_pago": null,
    "tipo_movimiento": null,
    "recargo": "0.00",
    "sucursal": null,
    "codigo_control": "D9-C1-D0-19",
    "numero_autorizacion": 32424242,
    "nro_factura": 1,
    "nro_baja": null,
    "nit": 24324,
    "excentos": "0.00",
    "nro_nota": null,
    "tipo_compra": "contado",
    "razon_social": "werwer"
  },
  "model": "ventas.venta",
  "pk": 6
},
{
  "fields": {
    "empresa": 1,
    "cantidad_dias": 0,
    "fecha_vencimiento": null,
    "tipo_recargo": "Bs",
    "total": "89.00",
    "llave_digital": "tyry6657474ryryryryrtyryrxxxzcgrtyryr",
    "descuento": "0.00",
    "actividad": null,
    "fecha": "2016-03-15",
    "fecha_limite": "2016-03-31",
    "ice": "0.00",
    "tipo_descuento": "Bs",
    "monto_pago": null,
    "tipo_movimiento": null,
    "recargo": "0.00",
    "sucursal": null,
    "codigo_control": "2D-20-4C-F7-47",
    "numero_autorizacion": 32424242,
    "nro_factura": 1,
    "nro_baja": null,
    "nit": 234234,
    "excentos": "0.00",
    "nro_nota": null,
    "tipo_compra": "contado",
    "razon_social": "wrewerwr"
  },
  "model": "ventas.venta",
  "pk": 7
},
{
  "fields": {
    "empresa": 1,
    "cantidad_dias": 0,
    "fecha_vencimiento": null,
    "tipo_recargo": "Bs",
    "total": "89.00",
    "llave_digital": "tertertet353dgdgdg",
    "descuento": "0.00",
    "actividad": null,
    "fecha": "2016-03-17",
    "fecha_limite": "2016-03-31",
    "ice": "0.00",
    "tipo_descuento": "Bs",
    "monto_pago": null,
    "tipo_movimiento": null,
    "recargo": "0.00",
    "sucursal": null,
    "codigo_control": "FB-2B-E2-AA",
    "numero_autorizacion": 24234424,
    "nro_factura": 4,
    "nro_baja": null,
    "nit": 324242,
    "excentos": "0.00",
    "nro_nota": null,
    "tipo_compra": "contado",
    "razon_social": "wrwr"
  },
  "model": "ventas.venta",
  "pk": 17
},
{
  "fields": {
    "empresa": 1,
    "cantidad_dias": 0,
    "fecha_vencimiento": null,
    "tipo_recargo": "Bs",
    "total": "89.00",
    "llave_digital": "tertertet353dgdgdg",
    "descuento": "0.00",
    "actividad": null,
    "fecha": "2016-03-17",
    "fecha_limite": "2016-03-31",
    "ice": "0.00",
    "tipo_descuento": "Bs",
    "monto_pago": null,
    "tipo_movimiento": null,
    "recargo": "0.00",
    "sucursal": null,
    "codigo_control": "99-29-05-0E",
    "numero_autorizacion": 24234424,
    "nro_factura": 5,
    "nro_baja": null,
    "nit": 32424,
    "excentos": "0.00",
    "nro_nota": null,
    "tipo_compra": "contado",
    "razon_social": "jejejej"
  },
  "model": "ventas.venta",
  "pk": 18
},
{
  "fields": {
    "empresa": 1,
    "cantidad_dias": 0,
    "fecha_vencimiento": null,
    "tipo_recargo": "Bs",
    "total": "89.00",
    "llave_digital": null,
    "descuento": "0.00",
    "actividad": null,
    "fecha": "2016-03-17",
    "fecha_limite": null,
    "ice": "0.00",
    "tipo_descuento": "Bs",
    "monto_pago": null,
    "tipo_movimiento": "proforma",
    "recargo": "0.00",
    "sucursal": null,
    "codigo_control": null,
    "numero_autorizacion": null,
    "nro_factura": null,
    "nro_baja": null,
    "nit": 42342,
    "excentos": "0.00",
    "nro_nota": 2,
    "tipo_compra": "contado",
    "razon_social": "werwr"
  },
  "model": "ventas.venta",
  "pk": 20
},
{
  "fields": {
    "empresa": 1,
    "cantidad_dias": 0,
    "fecha_vencimiento": null,
    "tipo_recargo": "Bs",
    "total": "89.00",
    "llave_digital": "3535353ergdgdgd",
    "descuento": "0.00",
    "actividad": null,
    "fecha": "2016-03-31",
    "fecha_limite": "2016-04-30",
    "ice": "0.00",
    "tipo_descuento": "Bs",
    "monto_pago": null,
    "tipo_movimiento": "facturar",
    "recargo": "0.00",
    "sucursal": null,
    "codigo_control": "33-4F-94-E2-18",
    "numero_autorizacion": 345353535,
    "nro_factura": 103,
    "nro_baja": null,
    "nit": 44556777555,
    "excentos": "0.00",
    "nro_nota": null,
    "tipo_compra": "contado",
    "razon_social": "dhdhdhdh"
  },
  "model": "ventas.venta",
  "pk": 76
},
{
  "fields": {
    "empresa": 1,
    "cantidad_dias": 0,
    "fecha_vencimiento": null,
    "tipo_recargo": "Bs",
    "total": "89.00",
    "llave_digital": "tertertet353dgdgdg",
    "descuento": "0.00",
    "actividad": null,
    "fecha": "2016-03-31",
    "fecha_limite": "2016-03-31",
    "ice": "0.00",
    "tipo_descuento": "Bs",
    "monto_pago": null,
    "tipo_movimiento": "facturar",
    "recargo": "0.00",
    "sucursal": null,
    "codigo_control": "CE-04-72-C7",
    "numero_autorizacion": 24234424,
    "nro_factura": 1,
    "nro_baja": null,
    "nit": 44556777555,
    "excentos": "0.00",
    "nro_nota": null,
    "tipo_compra": "contado",
    "razon_social": "dhdhdhdh"
  },
  "model": "ventas.venta",
  "pk": 66
},
{
  "fields": {
    "empresa": 1,
    "cantidad_dias": 0,
    "fecha_vencimiento": null,
    "tipo_recargo": "Bs",
    "total": "89.00",
    "llave_digital": "tertertet353dgdgdg",
    "descuento": "0.00",
    "actividad": null,
    "fecha": "2016-03-31",
    "fecha_limite": "2016-03-31",
    "ice": "0.00",
    "tipo_descuento": "Bs",
    "monto_pago": null,
    "tipo_movimiento": "facturar",
    "recargo": "0.00",
    "sucursal": null,
    "codigo_control": "CE-04-72-C7",
    "numero_autorizacion": 24234424,
    "nro_factura": 1,
    "nro_baja": null,
    "nit": 44556777555,
    "excentos": "0.00",
    "nro_nota": null,
    "tipo_compra": "contado",
    "razon_social": "dhdhdhdh"
  },
  "model": "ventas.venta",
  "pk": 67
},
{
  "fields": {
    "empresa": 1,
    "cantidad_dias": 0,
    "fecha_vencimiento": null,
    "tipo_recargo": "Bs",
    "total": "89.00",
    "llave_digital": "tertertet353dgdgdg",
    "descuento": "0.00",
    "actividad": null,
    "fecha": "2016-03-31",
    "fecha_limite": "2016-03-31",
    "ice": "0.00",
    "tipo_descuento": "Bs",
    "monto_pago": null,
    "tipo_movimiento": "facturar",
    "recargo": "0.00",
    "sucursal": null,
    "codigo_control": "78-ED-5A-32-D4",
    "numero_autorizacion": 24234424,
    "nro_factura": 1,
    "nro_baja": null,
    "nit": 34453453,
    "excentos": "0.00",
    "nro_nota": null,
    "tipo_compra": "contado",
    "razon_social": "dggdg"
  },
  "model": "ventas.venta",
  "pk": 68
},
{
  "fields": {
    "empresa": 1,
    "cantidad_dias": 0,
    "fecha_vencimiento": null,
    "tipo_recargo": "Bs",
    "total": "89.00",
    "llave_digital": "tertertet353dgdgdg",
    "descuento": "0.00",
    "actividad": null,
    "fecha": "2016-03-31",
    "fecha_limite": "2016-03-31",
    "ice": "0.00",
    "tipo_descuento": "Bs",
    "monto_pago": null,
    "tipo_movimiento": "facturar",
    "recargo": "0.00",
    "sucursal": null,
    "codigo_control": "AA-F5-47-89-67",
    "numero_autorizacion": 24234424,
    "nro_factura": 1,
    "nro_baja": null,
    "nit": 2334324,
    "excentos": "0.00",
    "nro_nota": null,
    "tipo_compra": "contado",
    "razon_social": "weewrwer"
  },
  "model": "ventas.venta",
  "pk": 69
},
{
  "fields": {
    "empresa": 1,
    "cantidad_dias": 0,
    "fecha_vencimiento": null,
    "tipo_recargo": "Bs",
    "total": "89.00",
    "llave_digital": "tertertet353dgdgdg",
    "descuento": "0.00",
    "actividad": null,
    "fecha": "2016-03-31",
    "fecha_limite": "2016-03-31",
    "ice": "0.00",
    "tipo_descuento": "Bs",
    "monto_pago": null,
    "tipo_movimiento": "facturar",
    "recargo": "0.00",
    "sucursal": null,
    "codigo_control": "09-E1-B6-4E",
    "numero_autorizacion": 24234424,
    "nro_factura": 1,
    "nro_baja": null,
    "nit": 234324,
    "excentos": "0.00",
    "nro_nota": null,
    "tipo_compra": "contado",
    "razon_social": "rwerwer"
  },
  "model": "ventas.venta",
  "pk": 70
},
{
  "fields": {
    "empresa": 1,
    "cantidad_dias": 0,
    "fecha_vencimiento": null,
    "tipo_recargo": "Bs",
    "total": "89.00",
    "llave_digital": "tertertet353dgdgdg",
    "descuento": "0.00",
    "actividad": null,
    "fecha": "2016-03-31",
    "fecha_limite": "2016-03-31",
    "ice": "0.00",
    "tipo_descuento": "Bs",
    "monto_pago": null,
    "tipo_movimiento": "facturar",
    "recargo": "0.00",
    "sucursal": null,
    "codigo_control": "CE-04-72-C7",
    "numero_autorizacion": 24234424,
    "nro_factura": 1,
    "nro_baja": null,
    "nit": 44556777555,
    "excentos": "0.00",
    "nro_nota": null,
    "tipo_compra": "contado",
    "razon_social": "dhdhdhdh"
  },
  "model": "ventas.venta",
  "pk": 71
},
{
  "fields": {
    "empresa": 1,
    "cantidad_dias": 0,
    "fecha_vencimiento": null,
    "tipo_recargo": "Bs",
    "total": "89.00",
    "llave_digital": "tertertet353dgdgdg",
    "descuento": "0.00",
    "actividad": null,
    "fecha": "2016-03-31",
    "fecha_limite": "2016-03-31",
    "ice": "0.00",
    "tipo_descuento": "Bs",
    "monto_pago": null,
    "tipo_movimiento": "facturar",
    "recargo": "0.00",
    "sucursal": null,
    "codigo_control": "CE-04-72-C7",
    "numero_autorizacion": 24234424,
    "nro_factura": 1,
    "nro_baja": null,
    "nit": 44556777555,
    "excentos": "0.00",
    "nro_nota": null,
    "tipo_compra": "contado",
    "razon_social": "dhdhdhdh"
  },
  "model": "ventas.venta",
  "pk": 72
},
{
  "fields": {
    "empresa": 1,
    "cantidad_dias": 0,
    "fecha_vencimiento": null,
    "tipo_recargo": "Bs",
    "total": "89.00",
    "llave_digital": "3535353ergdgdgd",
    "descuento": "0.00",
    "actividad": null,
    "fecha": "2016-03-31",
    "fecha_limite": "2016-04-30",
    "ice": "0.00",
    "tipo_descuento": "Bs",
    "monto_pago": null,
    "tipo_movimiento": "facturar",
    "recargo": "0.00",
    "sucursal": null,
    "codigo_control": "64-B8-B6-EF",
    "numero_autorizacion": 345353535,
    "nro_factura": 100,
    "nro_baja": null,
    "nit": 44556777555,
    "excentos": "0.00",
    "nro_nota": null,
    "tipo_compra": "contado",
    "razon_social": "dhdhdhdh"
  },
  "model": "ventas.venta",
  "pk": 73
},
{
  "fields": {
    "empresa": 1,
    "cantidad_dias": 0,
    "fecha_vencimiento": null,
    "tipo_recargo": "Bs",
    "total": "89.00",
    "llave_digital": "3535353ergdgdgd",
    "descuento": "0.00",
    "actividad": null,
    "fecha": "2016-03-31",
    "fecha_limite": "2016-04-30",
    "ice": "0.00",
    "tipo_descuento": "Bs",
    "monto_pago": null,
    "tipo_movimiento": "facturar",
    "recargo": "0.00",
    "sucursal": null,
    "codigo_control": "85-F7-81-65",
    "numero_autorizacion": 345353535,
    "nro_factura": 101,
    "nro_baja": null,
    "nit": 45454,
    "excentos": "0.00",
    "nro_nota": null,
    "tipo_compra": "contado",
    "razon_social": "dgdgdg"
  },
  "model": "ventas.venta",
  "pk": 74
},
{
  "fields": {
    "empresa": 1,
    "cantidad_dias": 0,
    "fecha_vencimiento": null,
    "tipo_recargo": "Bs",
    "total": "89.00",
    "llave_digital": "3535353ergdgdgd",
    "descuento": "0.00",
    "actividad": null,
    "fecha": "2016-03-31",
    "fecha_limite": "2016-04-30",
    "ice": "0.00",
    "tipo_descuento": "Bs",
    "monto_pago": null,
    "tipo_movimiento": "facturar",
    "recargo": "0.00",
    "sucursal": null,
    "codigo_control": "97-23-31-FA",
    "numero_autorizacion": 345353535,
    "nro_factura": 102,
    "nro_baja": null,
    "nit": 44556777555,
    "excentos": "0.00",
    "nro_nota": null,
    "tipo_compra": "contado",
    "razon_social": "dhdhdhdh"
  },
  "model": "ventas.venta",
  "pk": 75
},
{
  "fields": {
    "empresa": 1,
    "cantidad_dias": 0,
    "fecha_vencimiento": null,
    "tipo_recargo": "Bs",
    "total": "89.00",
    "llave_digital": "3535353ergdgdgd",
    "descuento": "0.00",
    "actividad": null,
    "fecha": "2016-03-31",
    "fecha_limite": "2016-04-30",
    "ice": "0.00",
    "tipo_descuento": "Bs",
    "monto_pago": null,
    "tipo_movimiento": "facturar",
    "recargo": "0.00",
    "sucursal": null,
    "codigo_control": "B6-A2-C1-D1",
    "numero_autorizacion": 345353535,
    "nro_factura": 104,
    "nro_baja": null,
    "nit": 44556777555,
    "excentos": "0.00",
    "nro_nota": null,
    "tipo_compra": "contado",
    "razon_social": "dhdhdhdh"
  },
  "model": "ventas.venta",
  "pk": 77
},
{
  "fields": {
    "empresa": 1,
    "cantidad_dias": 0,
    "fecha_vencimiento": null,
    "tipo_recargo": "Bs",
    "total": "89.00",
    "llave_digital": null,
    "descuento": "0.00",
    "actividad": null,
    "fecha": "2016-04-14",
    "fecha_limite": null,
    "ice": "0.00",
    "tipo_descuento": "Bs",
    "monto_pago": null,
    "tipo_movimiento": "proforma",
    "recargo": "0.00",
    "sucursal": 1,
    "codigo_control": null,
    "numero_autorizacion": null,
    "nro_factura": null,
    "nro_baja": null,
    "nit": 2334324,
    "excentos": "0.00",
    "nro_nota": 17,
    "tipo_compra": "contado",
    "razon_social": "weewrwer"
  },
  "model": "ventas.venta",
  "pk": 115
},
{
  "fields": {
    "empresa": 1,
    "cantidad_dias": 0,
    "fecha_vencimiento": null,
    "tipo_recargo": "Bs",
    "total": "89.00",
    "llave_digital": "tertertet353dgdgdg",
    "descuento": "0.00",
    "actividad": null,
    "fecha": "2016-03-17",
    "fecha_limite": "2016-03-31",
    "ice": "0.00",
    "tipo_descuento": "Bs",
    "monto_pago": null,
    "tipo_movimiento": "facturar",
    "recargo": "0.00",
    "sucursal": null,
    "codigo_control": "D9-D2-6F-EA",
    "numero_autorizacion": 24234424,
    "nro_factura": 6,
    "nro_baja": null,
    "nit": 123324234,
    "excentos": "0.00",
    "nro_nota": null,
    "tipo_compra": "contado",
    "razon_social": "wrwrwwr"
  },
  "model": "ventas.venta",
  "pk": 21
},
{
  "fields": {
    "empresa": 1,
    "cantidad_dias": 0,
    "fecha_vencimiento": null,
    "tipo_recargo": "Bs",
    "total": "89.00",
    "llave_digital": null,
    "descuento": "0.00",
    "actividad": null,
    "fecha": "2016-03-17",
    "fecha_limite": null,
    "ice": "0.00",
    "tipo_descuento": "Bs",
    "monto_pago": null,
    "tipo_movimiento": "proforma",
    "recargo": "0.00",
    "sucursal": null,
    "codigo_control": null,
    "numero_autorizacion": null,
    "nro_factura": null,
    "nro_baja": null,
    "nit": 4353453,
    "excentos": "0.00",
    "nro_nota": 3,
    "tipo_compra": "contado",
    "razon_social": "erterte"
  },
  "model": "ventas.venta",
  "pk": 22
},
{
  "fields": {
    "empresa": 1,
    "cantidad_dias": 0,
    "fecha_vencimiento": null,
    "tipo_recargo": "Bs",
    "total": "89.00",
    "llave_digital": "tertertet353dgdgdg",
    "descuento": "0.00",
    "actividad": null,
    "fecha": "2016-03-17",
    "fecha_limite": "2016-03-31",
    "ice": "0.00",
    "tipo_descuento": "Bs",
    "monto_pago": null,
    "tipo_movimiento": "facturar",
    "recargo": "0.00",
    "sucursal": null,
    "codigo_control": "10-E2-32-50",
    "numero_autorizacion": 24234424,
    "nro_factura": 7,
    "nro_baja": null,
    "nit": 342342,
    "excentos": "0.00",
    "nro_nota": null,
    "tipo_compra": "contado",
    "razon_social": "werwerwe"
  },
  "model": "ventas.venta",
  "pk": 23
},
{
  "fields": {
    "empresa": 1,
    "cantidad_dias": 0,
    "fecha_vencimiento": null,
    "tipo_recargo": "Bs",
    "total": "89.00",
    "llave_digital": null,
    "descuento": "0.00",
    "actividad": null,
    "fecha": "2016-03-17",
    "fecha_limite": null,
    "ice": "0.00",
    "tipo_descuento": "Bs",
    "monto_pago": null,
    "tipo_movimiento": "proforma",
    "recargo": "0.00",
    "sucursal": null,
    "codigo_control": null,
    "numero_autorizacion": null,
    "nro_factura": null,
    "nro_baja": null,
    "nit": 32424,
    "excentos": "0.00",
    "nro_nota": 4,
    "tipo_compra": "contado",
    "razon_social": "werwerwer"
  },
  "model": "ventas.venta",
  "pk": 24
},
{
  "fields": {
    "empresa": 1,
    "cantidad_dias": 0,
    "fecha_vencimiento": null,
    "tipo_recargo": "Bs",
    "total": "89.00",
    "llave_digital": "tertertet353dgdgdg",
    "descuento": "0.00",
    "actividad": null,
    "fecha": "2016-03-17",
    "fecha_limite": "2016-03-31",
    "ice": "0.00",
    "tipo_descuento": "Bs",
    "monto_pago": null,
    "tipo_movimiento": "facturar",
    "recargo": "0.00",
    "sucursal": null,
    "codigo_control": "B8-8C-21-51",
    "numero_autorizacion": 24234424,
    "nro_factura": 8,
    "nro_baja": null,
    "nit": 35345,
    "excentos": "0.00",
    "nro_nota": null,
    "tipo_compra": "contado",
    "razon_social": "ertertert"
  },
  "model": "ventas.venta",
  "pk": 25
},
{
  "fields": {
    "empresa": 1,
    "cantidad_dias": 0,
    "fecha_vencimiento": null,
    "tipo_recargo": "Bs",
    "total": "178.00",
    "llave_digital": "tertertet353dgdgdg",
    "descuento": "0.00",
    "actividad": null,
    "fecha": "2016-03-17",
    "fecha_limite": "2016-03-31",
    "ice": "0.00",
    "tipo_descuento": "Bs",
    "monto_pago": null,
    "tipo_movimiento": "facturar",
    "recargo": "0.00",
    "sucursal": null,
    "codigo_control": "B5-88-4F-71",
    "numero_autorizacion": 24234424,
    "nro_factura": 9,
    "nro_baja": null,
    "nit": 34234,
    "excentos": "0.00",
    "nro_nota": null,
    "tipo_compra": "contado",
    "razon_social": "werwerwe"
  },
  "model": "ventas.venta",
  "pk": 26
},
{
  "fields": {
    "empresa": 1,
    "cantidad_dias": 0,
    "fecha_vencimiento": null,
    "tipo_recargo": "Bs",
    "total": "178.00",
    "llave_digital": "tertertet353dgdgdg",
    "descuento": "0.00",
    "actividad": null,
    "fecha": "2016-03-18",
    "fecha_limite": "2016-03-31",
    "ice": "0.00",
    "tipo_descuento": "Bs",
    "monto_pago": null,
    "tipo_movimiento": "facturar",
    "recargo": "0.00",
    "sucursal": null,
    "codigo_control": "E9-27-82-5C-07",
    "numero_autorizacion": 24234424,
    "nro_factura": 10,
    "nro_baja": null,
    "nit": 626482,
    "excentos": "0.00",
    "nro_nota": null,
    "tipo_compra": "contado",
    "razon_social": "werwerwe"
  },
  "model": "ventas.venta",
  "pk": 27
},
{
  "fields": {
    "empresa": 1,
    "cantidad_dias": 0,
    "fecha_vencimiento": null,
    "tipo_recargo": "Bs",
    "total": "178.00",
    "llave_digital": "tertertet353dgdgdg",
    "descuento": "0.00",
    "actividad": null,
    "fecha": "2016-03-18",
    "fecha_limite": "2016-03-31",
    "ice": "0.00",
    "tipo_descuento": "Bs",
    "monto_pago": null,
    "tipo_movimiento": "facturar",
    "recargo": "0.00",
    "sucursal": null,
    "codigo_control": "4C-08-59-5E",
    "numero_autorizacion": 24234424,
    "nro_factura": 11,
    "nro_baja": null,
    "nit": 42423456785,
    "excentos": "0.00",
    "nro_nota": null,
    "tipo_compra": "contado",
    "razon_social": "ertetetetet"
  },
  "model": "ventas.venta",
  "pk": 28
},
{
  "fields": {
    "empresa": 1,
    "cantidad_dias": 0,
    "fecha_vencimiento": null,
    "tipo_recargo": "Bs",
    "total": "89.00",
    "llave_digital": "tertertet353dgdgdg",
    "descuento": "0.00",
    "actividad": null,
    "fecha": "2016-03-18",
    "fecha_limite": "2016-03-31",
    "ice": "0.00",
    "tipo_descuento": "Bs",
    "monto_pago": null,
    "tipo_movimiento": "facturar",
    "recargo": "0.00",
    "sucursal": null,
    "codigo_control": "0D-C4-37-DA",
    "numero_autorizacion": 24234424,
    "nro_factura": 12,
    "nro_baja": null,
    "nit": 432424,
    "excentos": "0.00",
    "nro_nota": null,
    "tipo_compra": "contado",
    "razon_social": "wwrwer"
  },
  "model": "ventas.venta",
  "pk": 29
},
{
  "fields": {
    "empresa": 1,
    "cantidad_dias": 0,
    "fecha_vencimiento": null,
    "tipo_recargo": "Bs",
    "total": "80.99",
    "llave_digital": "tertertet353dgdgdg",
    "descuento": "0.00",
    "actividad": null,
    "fecha": "2016-03-18",
    "fecha_limite": "2016-03-31",
    "ice": "0.00",
    "tipo_descuento": "Bs",
    "monto_pago": null,
    "tipo_movimiento": "facturar",
    "recargo": "0.00",
    "sucursal": null,
    "codigo_control": "63-6F-98-7D",
    "numero_autorizacion": 24234424,
    "nro_factura": 13,
    "nro_baja": null,
    "nit": 2342343131,
    "excentos": "0.00",
    "nro_nota": null,
    "tipo_compra": "contado",
    "razon_social": "wrwrwrw"
  },
  "model": "ventas.venta",
  "pk": 30
},
{
  "fields": {
    "empresa": 1,
    "cantidad_dias": 30,
    "fecha_vencimiento": "2016-04-17",
    "tipo_recargo": "Bs",
    "total": "89.00",
    "llave_digital": "tertertet353dgdgdg",
    "descuento": "0.00",
    "actividad": null,
    "fecha": "2016-03-18",
    "fecha_limite": "2016-03-31",
    "ice": "0.00",
    "tipo_descuento": "Bs",
    "monto_pago": "89.00",
    "tipo_movimiento": "facturar",
    "recargo": "0.00",
    "sucursal": null,
    "codigo_control": "4E-DA-5C-07",
    "numero_autorizacion": 24234424,
    "nro_factura": 14,
    "nro_baja": null,
    "nit": 64646,
    "excentos": "0.00",
    "nro_nota": null,
    "tipo_compra": "contado",
    "razon_social": "hhuuhuhuu"
  },
  "model": "ventas.venta",
  "pk": 31
},
{
  "fields": {
    "empresa": 1,
    "cantidad_dias": 30,
    "fecha_vencimiento": "2016-04-17",
    "tipo_recargo": "Bs",
    "total": "89.00",
    "llave_digital": "tertertet353dgdgdg",
    "descuento": "0.00",
    "actividad": null,
    "fecha": "2016-03-18",
    "fecha_limite": "2016-03-31",
    "ice": "0.00",
    "tipo_descuento": "Bs",
    "monto_pago": "125.00",
    "tipo_movimiento": "facturar",
    "recargo": "0.00",
    "sucursal": null,
    "codigo_control": "49-80-B0-EE",
    "numero_autorizacion": 24234424,
    "nro_factura": 15,
    "nro_baja": null,
    "nit": 324324,
    "excentos": "0.00",
    "nro_nota": null,
    "tipo_compra": "credito",
    "razon_social": "werwerwer"
  },
  "model": "ventas.venta",
  "pk": 32
},
{
  "fields": {
    "empresa": 1,
    "cantidad_dias": 30,
    "fecha_vencimiento": "2016-04-17",
    "tipo_recargo": "Bs",
    "total": "89.00",
    "llave_digital": null,
    "descuento": "0.00",
    "actividad": null,
    "fecha": "2016-03-18",
    "fecha_limite": null,
    "ice": "0.00",
    "tipo_descuento": "Bs",
    "monto_pago": "110.00",
    "tipo_movimiento": "proforma",
    "recargo": "0.00",
    "sucursal": null,
    "codigo_control": null,
    "numero_autorizacion": null,
    "nro_factura": null,
    "nro_baja": null,
    "nit": 32424,
    "excentos": "0.00",
    "nro_nota": 5,
    "tipo_compra": "credito",
    "razon_social": "werwerwer"
  },
  "model": "ventas.venta",
  "pk": 33
},
{
  "fields": {
    "empresa": 1,
    "cantidad_dias": 30,
    "fecha_vencimiento": "2016-04-17",
    "tipo_recargo": "Bs",
    "total": "89.00",
    "llave_digital": null,
    "descuento": "0.00",
    "actividad": null,
    "fecha": "2016-03-18",
    "fecha_limite": null,
    "ice": "0.00",
    "tipo_descuento": "Bs",
    "monto_pago": "240.00",
    "tipo_movimiento": "proforma",
    "recargo": "0.00",
    "sucursal": null,
    "codigo_control": null,
    "numero_autorizacion": null,
    "nro_factura": null,
    "nro_baja": null,
    "nit": 324324,
    "excentos": "0.00",
    "nro_nota": 6,
    "tipo_compra": "credito",
    "razon_social": "werwerw"
  },
  "model": "ventas.venta",
  "pk": 34
},
{
  "fields": {
    "empresa": 1,
    "cantidad_dias": 0,
    "fecha_vencimiento": null,
    "tipo_recargo": "Bs",
    "total": "89.00",
    "llave_digital": null,
    "descuento": "0.00",
    "actividad": null,
    "fecha": "2016-03-15",
    "fecha_limite": null,
    "ice": "0.00",
    "tipo_descuento": "Bs",
    "monto_pago": null,
    "tipo_movimiento": null,
    "recargo": "0.00",
    "sucursal": null,
    "codigo_control": null,
    "numero_autorizacion": null,
    "nro_factura": null,
    "nro_baja": null,
    "nit": 24234,
    "excentos": "0.00",
    "nro_nota": null,
    "tipo_compra": "contado",
    "razon_social": "sdfsfsff"
  },
  "model": "ventas.venta",
  "pk": 9
},
{
  "fields": {
    "empresa": 1,
    "cantidad_dias": 15,
    "fecha_vencimiento": "2016-04-03",
    "tipo_recargo": "Bs",
    "total": "89.00",
    "llave_digital": "tertertet353dgdgdg",
    "descuento": "0.00",
    "actividad": null,
    "fecha": "2016-03-19",
    "fecha_limite": "2016-03-31",
    "ice": "0.00",
    "tipo_descuento": "Bs",
    "monto_pago": "10.00",
    "tipo_movimiento": "facturar",
    "recargo": "0.00",
    "sucursal": null,
    "codigo_control": "CB-FD-B8-57",
    "numero_autorizacion": 24234424,
    "nro_factura": 16,
    "nro_baja": null,
    "nit": 767676,
    "excentos": "0.00",
    "nro_nota": null,
    "tipo_compra": "credito",
    "razon_social": "hgghghh"
  },
  "model": "ventas.venta",
  "pk": 35
},
{
  "fields": {
    "empresa": 1,
    "cantidad_dias": 0,
    "fecha_vencimiento": null,
    "tipo_recargo": "Bs",
    "total": "89.00",
    "llave_digital": "tertertet353dgdgdg",
    "descuento": "0.00",
    "actividad": null,
    "fecha": "2016-03-22",
    "fecha_limite": "2016-03-31",
    "ice": "0.00",
    "tipo_descuento": "Bs",
    "monto_pago": null,
    "tipo_movimiento": "facturar",
    "recargo": "0.00",
    "sucursal": null,
    "codigo_control": "B2-9B-50-73",
    "numero_autorizacion": 24234424,
    "nro_factura": 17,
    "nro_baja": null,
    "nit": 23423,
    "excentos": "0.00",
    "nro_nota": null,
    "tipo_compra": "contado",
    "razon_social": "rwrwr"
  },
  "model": "ventas.venta",
  "pk": 36
},
{
  "fields": {
    "empresa": 1,
    "cantidad_dias": 0,
    "fecha_vencimiento": null,
    "tipo_recargo": "Bs",
    "total": "89.00",
    "llave_digital": "tertertet353dgdgdg",
    "descuento": "0.00",
    "actividad": null,
    "fecha": "2016-03-22",
    "fecha_limite": "2016-03-31",
    "ice": "0.00",
    "tipo_descuento": "Bs",
    "monto_pago": null,
    "tipo_movimiento": "facturar",
    "recargo": "0.00",
    "sucursal": null,
    "codigo_control": "AC-2D-FF-E3",
    "numero_autorizacion": 24234424,
    "nro_factura": 18,
    "nro_baja": null,
    "nit": 34234,
    "excentos": "0.00",
    "nro_nota": null,
    "tipo_compra": "contado",
    "razon_social": "rwrw"
  },
  "model": "ventas.venta",
  "pk": 37
},
{
  "fields": {
    "empresa": 1,
    "cantidad_dias": 0,
    "fecha_vencimiento": null,
    "tipo_recargo": "Bs",
    "total": "89.00",
    "llave_digital": "tertertet353dgdgdg",
    "descuento": "0.00",
    "actividad": null,
    "fecha": "2016-03-22",
    "fecha_limite": "2016-03-31",
    "ice": "0.00",
    "tipo_descuento": "Bs",
    "monto_pago": null,
    "tipo_movimiento": "facturar",
    "recargo": "0.00",
    "sucursal": null,
    "codigo_control": "5F-6B-2B-9A",
    "numero_autorizacion": 24234424,
    "nro_factura": 19,
    "nro_baja": null,
    "nit": 23423,
    "excentos": "0.00",
    "nro_nota": null,
    "tipo_compra": "contado",
    "razon_social": "ewrwer"
  },
  "model": "ventas.venta",
  "pk": 38
},
{
  "fields": {
    "empresa": 1,
    "cantidad_dias": 0,
    "fecha_vencimiento": null,
    "tipo_recargo": "Bs",
    "total": "89.00",
    "llave_digital": "tertertet353dgdgdg",
    "descuento": "0.00",
    "actividad": null,
    "fecha": "2016-03-22",
    "fecha_limite": "2016-03-31",
    "ice": "0.00",
    "tipo_descuento": "Bs",
    "monto_pago": null,
    "tipo_movimiento": "facturar",
    "recargo": "0.00",
    "sucursal": null,
    "codigo_control": "02-81-91-B6",
    "numero_autorizacion": 24234424,
    "nro_factura": 20,
    "nro_baja": null,
    "nit": 34435,
    "excentos": "0.00",
    "nro_nota": null,
    "tipo_compra": "contado",
    "razon_social": "ertert"
  },
  "model": "ventas.venta",
  "pk": 39
},
{
  "fields": {
    "empresa": 1,
    "cantidad_dias": 0,
    "fecha_vencimiento": null,
    "tipo_recargo": "Bs",
    "total": "89.00",
    "llave_digital": null,
    "descuento": "0.00",
    "actividad": null,
    "fecha": "2016-03-22",
    "fecha_limite": null,
    "ice": "0.00",
    "tipo_descuento": "Bs",
    "monto_pago": null,
    "tipo_movimiento": "proforma",
    "recargo": "0.00",
    "sucursal": null,
    "codigo_control": null,
    "numero_autorizacion": null,
    "nro_factura": null,
    "nro_baja": null,
    "nit": 324234,
    "excentos": "0.00",
    "nro_nota": 7,
    "tipo_compra": "contado",
    "razon_social": "rwwrwr"
  },
  "model": "ventas.venta",
  "pk": 40
},
{
  "fields": {
    "empresa": 1,
    "cantidad_dias": 0,
    "fecha_vencimiento": null,
    "tipo_recargo": "Bs",
    "total": "89.00",
    "llave_digital": "tertertet353dgdgdg",
    "descuento": "0.00",
    "actividad": null,
    "fecha": "2016-03-22",
    "fecha_limite": "2016-03-31",
    "ice": "0.00",
    "tipo_descuento": "Bs",
    "monto_pago": null,
    "tipo_movimiento": "facturar",
    "recargo": "0.00",
    "sucursal": null,
    "codigo_control": "11-02-D6-DF",
    "numero_autorizacion": 24234424,
    "nro_factura": 21,
    "nro_baja": null,
    "nit": 324324,
    "excentos": "0.00",
    "nro_nota": null,
    "tipo_compra": "contado",
    "razon_social": "werwerwerw"
  },
  "model": "ventas.venta",
  "pk": 41
},
{
  "fields": {
    "empresa": 1,
    "cantidad_dias": 0,
    "fecha_vencimiento": null,
    "tipo_recargo": "Bs",
    "total": "89.00",
    "llave_digital": null,
    "descuento": "0.00",
    "actividad": null,
    "fecha": "2016-03-22",
    "fecha_limite": null,
    "ice": "0.00",
    "tipo_descuento": "Bs",
    "monto_pago": null,
    "tipo_movimiento": "proforma",
    "recargo": "0.00",
    "sucursal": null,
    "codigo_control": null,
    "numero_autorizacion": null,
    "nro_factura": null,
    "nro_baja": null,
    "nit": 23423,
    "excentos": "0.00",
    "nro_nota": 8,
    "tipo_compra": "contado",
    "razon_social": "werwer"
  },
  "model": "ventas.venta",
  "pk": 42
},
{
  "fields": {
    "empresa": 1,
    "cantidad_dias": 0,
    "fecha_vencimiento": null,
    "tipo_recargo": "Bs",
    "total": "89.00",
    "llave_digital": null,
    "descuento": "0.00",
    "actividad": null,
    "fecha": "2016-03-22",
    "fecha_limite": null,
    "ice": "0.00",
    "tipo_descuento": "Bs",
    "monto_pago": null,
    "tipo_movimiento": "proforma",
    "recargo": "0.00",
    "sucursal": null,
    "codigo_control": null,
    "numero_autorizacion": null,
    "nro_factura": null,
    "nro_baja": null,
    "nit": 324234,
    "excentos": "0.00",
    "nro_nota": 9,
    "tipo_compra": "contado",
    "razon_social": "werwer"
  },
  "model": "ventas.venta",
  "pk": 43
},
{
  "fields": {
    "empresa": 1,
    "cantidad_dias": 0,
    "fecha_vencimiento": null,
    "tipo_recargo": "Bs",
    "total": "89.00",
    "llave_digital": "tertertet353dgdgdg",
    "descuento": "0.00",
    "actividad": null,
    "fecha": "2016-03-22",
    "fecha_limite": "2016-03-31",
    "ice": "0.00",
    "tipo_descuento": "Bs",
    "monto_pago": null,
    "tipo_movimiento": "facturar",
    "recargo": "0.00",
    "sucursal": null,
    "codigo_control": "51-DE-66-06",
    "numero_autorizacion": 24234424,
    "nro_factura": 22,
    "nro_baja": null,
    "nit": 32432,
    "excentos": "0.00",
    "nro_nota": null,
    "tipo_compra": "contado",
    "razon_social": "juan perez"
  },
  "model": "ventas.venta",
  "pk": 44
},
{
  "fields": {
    "empresa": 1,
    "cantidad_dias": 0,
    "fecha_vencimiento": null,
    "tipo_recargo": "Bs",
    "total": "89.00",
    "llave_digital": null,
    "descuento": "0.00",
    "actividad": null,
    "fecha": "2016-03-22",
    "fecha_limite": null,
    "ice": "0.00",
    "tipo_descuento": "Bs",
    "monto_pago": null,
    "tipo_movimiento": "proforma",
    "recargo": "0.00",
    "sucursal": null,
    "codigo_control": null,
    "numero_autorizacion": null,
    "nro_factura": null,
    "nro_baja": null,
    "nit": 32324,
    "excentos": "0.00",
    "nro_nota": 10,
    "tipo_compra": "contado",
    "razon_social": "rwerwer"
  },
  "model": "ventas.venta",
  "pk": 45
},
{
  "fields": {
    "empresa": 1,
    "cantidad_dias": 0,
    "fecha_vencimiento": null,
    "tipo_recargo": "Bs",
    "total": "89.00",
    "llave_digital": "tertertet353dgdgdg",
    "descuento": "0.00",
    "actividad": null,
    "fecha": "2016-03-23",
    "fecha_limite": "2016-03-31",
    "ice": "0.00",
    "tipo_descuento": "Bs",
    "monto_pago": null,
    "tipo_movimiento": "facturar",
    "recargo": "0.00",
    "sucursal": null,
    "codigo_control": "B1-DA-CF-2A",
    "numero_autorizacion": 24234424,
    "nro_factura": 23,
    "nro_baja": null,
    "nit": 23423,
    "excentos": "0.00",
    "nro_nota": null,
    "tipo_compra": "contado",
    "razon_social": "werwerwer"
  },
  "model": "ventas.venta",
  "pk": 46
},
{
  "fields": {
    "empresa": 1,
    "cantidad_dias": 15,
    "fecha_vencimiento": "2016-04-07",
    "tipo_recargo": "Bs",
    "total": "89.00",
    "llave_digital": "tertertet353dgdgdg",
    "descuento": "0.00",
    "actividad": null,
    "fecha": "2016-03-23",
    "fecha_limite": "2016-03-31",
    "ice": "0.00",
    "tipo_descuento": "Bs",
    "monto_pago": "10.00",
    "tipo_movimiento": "facturar",
    "recargo": "0.00",
    "sucursal": null,
    "codigo_control": "B8-D7-17-CE",
    "numero_autorizacion": 24234424,
    "nro_factura": 24,
    "nro_baja": null,
    "nit": 34535,
    "excentos": "0.00",
    "nro_nota": null,
    "tipo_compra": "credito",
    "razon_social": "etetet"
  },
  "model": "ventas.venta",
  "pk": 47
},
{
  "fields": {
    "empresa": 1,
    "cantidad_dias": 0,
    "fecha_vencimiento": null,
    "tipo_recargo": "Bs",
    "total": "89.00",
    "llave_digital": null,
    "descuento": "0.00",
    "actividad": null,
    "fecha": "2016-03-23",
    "fecha_limite": null,
    "ice": "0.00",
    "tipo_descuento": "Bs",
    "monto_pago": null,
    "tipo_movimiento": "proforma",
    "recargo": "0.00",
    "sucursal": null,
    "codigo_control": null,
    "numero_autorizacion": null,
    "nro_factura": null,
    "nro_baja": null,
    "nit": 23432424,
    "excentos": "0.00",
    "nro_nota": 11,
    "tipo_compra": "contado",
    "razon_social": "werewrwwe"
  },
  "model": "ventas.venta",
  "pk": 48
},
{
  "fields": {
    "empresa": 1,
    "cantidad_dias": 15,
    "fecha_vencimiento": "2016-04-07",
    "tipo_recargo": "Bs",
    "total": "89.00",
    "llave_digital": "tertertet353dgdgdg",
    "descuento": "0.00",
    "actividad": null,
    "fecha": "2016-03-23",
    "fecha_limite": "2016-03-31",
    "ice": "0.00",
    "tipo_descuento": "Bs",
    "monto_pago": "20.00",
    "tipo_movimiento": "facturar",
    "recargo": "0.00",
    "sucursal": null,
    "codigo_control": "A6-CF-F2-77",
    "numero_autorizacion": 24234424,
    "nro_factura": 25,
    "nro_baja": null,
    "nit": 324324,
    "excentos": "0.00",
    "nro_nota": null,
    "tipo_compra": "credito",
    "razon_social": "werwerwer"
  },
  "model": "ventas.venta",
  "pk": 49
},
{
  "fields": {
    "empresa": 1,
    "cantidad_dias": 15,
    "fecha_vencimiento": "2016-04-07",
    "tipo_recargo": "Bs",
    "total": "89.00",
    "llave_digital": null,
    "descuento": "0.00",
    "actividad": null,
    "fecha": "2016-03-23",
    "fecha_limite": null,
    "ice": "0.00",
    "tipo_descuento": "Bs",
    "monto_pago": "10.00",
    "tipo_movimiento": "proforma",
    "recargo": "0.00",
    "sucursal": null,
    "codigo_control": null,
    "numero_autorizacion": null,
    "nro_factura": null,
    "nro_baja": null,
    "nit": 234234,
    "excentos": "0.00",
    "nro_nota": 12,
    "tipo_compra": "credito",
    "razon_social": "werwrw"
  },
  "model": "ventas.venta",
  "pk": 50
},
{
  "fields": {
    "empresa": 1,
    "cantidad_dias": 0,
    "fecha_vencimiento": null,
    "tipo_recargo": "Bs",
    "total": "89.00",
    "llave_digital": "tertertet353dgdgdg",
    "descuento": "0.00",
    "actividad": null,
    "fecha": "2016-03-23",
    "fecha_limite": "2016-03-31",
    "ice": "0.00",
    "tipo_descuento": "Bs",
    "monto_pago": null,
    "tipo_movimiento": "facturar",
    "recargo": "0.00",
    "sucursal": null,
    "codigo_control": "E8-EF-D8-0B",
    "numero_autorizacion": 24234424,
    "nro_factura": 26,
    "nro_baja": null,
    "nit": 2324,
    "excentos": "0.00",
    "nro_nota": null,
    "tipo_compra": "contado",
    "razon_social": "24242424"
  },
  "model": "ventas.venta",
  "pk": 51
},
{
  "fields": {
    "empresa": 1,
    "cantidad_dias": 0,
    "fecha_vencimiento": null,
    "tipo_recargo": "Bs",
    "total": "89.00",
    "llave_digital": "tertertet353dgdgdg",
    "descuento": "0.00",
    "actividad": null,
    "fecha": "2016-03-25",
    "fecha_limite": "2016-03-31",
    "ice": "0.00",
    "tipo_descuento": "Bs",
    "monto_pago": null,
    "tipo_movimiento": "facturar",
    "recargo": "0.00",
    "sucursal": null,
    "codigo_control": "59-C8-FD-36",
    "numero_autorizacion": 24234424,
    "nro_factura": 27,
    "nro_baja": null,
    "nit": 4688999,
    "excentos": "0.00",
    "nro_nota": null,
    "tipo_compra": "contado",
    "razon_social": "don gato"
  },
  "model": "ventas.venta",
  "pk": 52
},
{
  "fields": {
    "empresa": 1,
    "cantidad_dias": 0,
    "fecha_vencimiento": null,
    "tipo_recargo": "Bs",
    "total": "89.00",
    "llave_digital": "tertertet353dgdgdg",
    "descuento": "0.00",
    "actividad": null,
    "fecha": "2016-03-25",
    "fecha_limite": "2016-03-31",
    "ice": "0.00",
    "tipo_descuento": "Bs",
    "monto_pago": null,
    "tipo_movimiento": "facturar",
    "recargo": "0.00",
    "sucursal": null,
    "codigo_control": "51-DE-24-55",
    "numero_autorizacion": 24234424,
    "nro_factura": 28,
    "nro_baja": null,
    "nit": 4688999,
    "excentos": "0.00",
    "nro_nota": null,
    "tipo_compra": "contado",
    "razon_social": "don gato"
  },
  "model": "ventas.venta",
  "pk": 53
},
{
  "fields": {
    "empresa": 1,
    "cantidad_dias": 0,
    "fecha_vencimiento": null,
    "tipo_recargo": "Bs",
    "total": "89.00",
    "llave_digital": null,
    "descuento": "0.00",
    "actividad": null,
    "fecha": "2016-03-25",
    "fecha_limite": null,
    "ice": "0.00",
    "tipo_descuento": "Bs",
    "monto_pago": null,
    "tipo_movimiento": "proforma",
    "recargo": "0.00",
    "sucursal": null,
    "codigo_control": null,
    "numero_autorizacion": null,
    "nro_factura": null,
    "nro_baja": null,
    "nit": 4688999,
    "excentos": "0.00",
    "nro_nota": 13,
    "tipo_compra": "contado",
    "razon_social": "don gato"
  },
  "model": "ventas.venta",
  "pk": 54
},
{
  "fields": {
    "empresa": 1,
    "cantidad_dias": 0,
    "fecha_vencimiento": null,
    "tipo_recargo": "Bs",
    "total": "89.00",
    "llave_digital": null,
    "descuento": "0.00",
    "actividad": null,
    "fecha": "2016-03-25",
    "fecha_limite": null,
    "ice": "0.00",
    "tipo_descuento": "Bs",
    "monto_pago": null,
    "tipo_movimiento": "proforma",
    "recargo": "0.00",
    "sucursal": null,
    "codigo_control": null,
    "numero_autorizacion": null,
    "nro_factura": null,
    "nro_baja": null,
    "nit": 5644747,
    "excentos": "0.00",
    "nro_nota": 14,
    "tipo_compra": "contado",
    "razon_social": "jugooo"
  },
  "model": "ventas.venta",
  "pk": 55
},
{
  "fields": {
    "empresa": 1,
    "cantidad_dias": 0,
    "fecha_vencimiento": null,
    "tipo_recargo": "Bs",
    "total": "89.00",
    "llave_digital": "tertertet353dgdgdg",
    "descuento": "0.00",
    "actividad": null,
    "fecha": "2016-03-30",
    "fecha_limite": "2016-03-31",
    "ice": "0.00",
    "tipo_descuento": "Bs",
    "monto_pago": null,
    "tipo_movimiento": "facturar",
    "recargo": "0.00",
    "sucursal": null,
    "codigo_control": "5F-39-80-AF",
    "numero_autorizacion": 24234424,
    "nro_factura": 29,
    "nro_baja": null,
    "nit": 324324,
    "excentos": "0.00",
    "nro_nota": null,
    "tipo_compra": "contado",
    "razon_social": "wer"
  },
  "model": "ventas.venta",
  "pk": 56
},
{
  "fields": {
    "empresa": 1,
    "cantidad_dias": 0,
    "fecha_vencimiento": null,
    "tipo_recargo": "Bs",
    "total": "89.00",
    "llave_digital": "tertertet353dgdgdg",
    "descuento": "0.00",
    "actividad": null,
    "fecha": "2016-03-31",
    "fecha_limite": "2016-03-31",
    "ice": "0.00",
    "tipo_descuento": "Bs",
    "monto_pago": null,
    "tipo_movimiento": "facturar",
    "recargo": "0.00",
    "sucursal": null,
    "codigo_control": "33-35-6E-1F",
    "numero_autorizacion": 24234424,
    "nro_factura": 1,
    "nro_baja": null,
    "nit": 2424,
    "excentos": "0.00",
    "nro_nota": null,
    "tipo_compra": "contado",
    "razon_social": "wrwrwrwr"
  },
  "model": "ventas.venta",
  "pk": 57
},
{
  "fields": {
    "empresa": 1,
    "cantidad_dias": 0,
    "fecha_vencimiento": null,
    "tipo_recargo": "Bs",
    "total": "89.00",
    "llave_digital": "tertertet353dgdgdg",
    "descuento": "0.00",
    "actividad": null,
    "fecha": "2016-03-31",
    "fecha_limite": "2016-03-31",
    "ice": "0.00",
    "tipo_descuento": "Bs",
    "monto_pago": null,
    "tipo_movimiento": "facturar",
    "recargo": "0.00",
    "sucursal": null,
    "codigo_control": "17-DA-12-9A",
    "numero_autorizacion": 24234424,
    "nro_factura": 1,
    "nro_baja": null,
    "nit": 324324,
    "excentos": "0.00",
    "nro_nota": null,
    "tipo_compra": "contado",
    "razon_social": "werwerwrwerw"
  },
  "model": "ventas.venta",
  "pk": 58
},
{
  "fields": {
    "empresa": 1,
    "cantidad_dias": 0,
    "fecha_vencimiento": null,
    "tipo_recargo": "Bs",
    "total": "89.00",
    "llave_digital": "tertertet353dgdgdg",
    "descuento": "0.00",
    "actividad": null,
    "fecha": "2016-03-31",
    "fecha_limite": "2016-03-31",
    "ice": "0.00",
    "tipo_descuento": "Bs",
    "monto_pago": null,
    "tipo_movimiento": "facturar",
    "recargo": "0.00",
    "sucursal": null,
    "codigo_control": "1D-DA-E1-49",
    "numero_autorizacion": 24234424,
    "nro_factura": 1,
    "nro_baja": null,
    "nit": 333355,
    "excentos": "0.00",
    "nro_nota": null,
    "tipo_compra": "contado",
    "razon_social": "sdfsfsfsf"
  },
  "model": "ventas.venta",
  "pk": 59
},
{
  "fields": {
    "empresa": 1,
    "cantidad_dias": 0,
    "fecha_vencimiento": null,
    "tipo_recargo": "Bs",
    "total": "89.00",
    "llave_digital": "tertertet353dgdgdg",
    "descuento": "0.00",
    "actividad": null,
    "fecha": "2016-03-31",
    "fecha_limite": "2016-03-31",
    "ice": "0.00",
    "tipo_descuento": "Bs",
    "monto_pago": null,
    "tipo_movimiento": "facturar",
    "recargo": "0.00",
    "sucursal": null,
    "codigo_control": "92-D5-1A-C7",
    "numero_autorizacion": 24234424,
    "nro_factura": 1,
    "nro_baja": null,
    "nit": 66788,
    "excentos": "0.00",
    "nro_nota": null,
    "tipo_compra": "contado",
    "razon_social": "ryryryryryry"
  },
  "model": "ventas.venta",
  "pk": 60
},
{
  "fields": {
    "empresa": 1,
    "cantidad_dias": 0,
    "fecha_vencimiento": null,
    "tipo_recargo": "Bs",
    "total": "89.00",
    "llave_digital": "tertertet353dgdgdg",
    "descuento": "0.00",
    "actividad": null,
    "fecha": "2016-03-31",
    "fecha_limite": "2016-03-31",
    "ice": "0.00",
    "tipo_descuento": "Bs",
    "monto_pago": null,
    "tipo_movimiento": "facturar",
    "recargo": "0.00",
    "sucursal": null,
    "codigo_control": "11-27-AA-B2",
    "numero_autorizacion": 24234424,
    "nro_factura": 1,
    "nro_baja": null,
    "nit": 345353,
    "excentos": "0.00",
    "nro_nota": null,
    "tipo_compra": "contado",
    "razon_social": "ertertertertertet"
  },
  "model": "ventas.venta",
  "pk": 61
},
{
  "fields": {
    "empresa": 1,
    "cantidad_dias": 0,
    "fecha_vencimiento": null,
    "tipo_recargo": "Bs",
    "total": "89.00",
    "llave_digital": "tertertet353dgdgdg",
    "descuento": "0.00",
    "actividad": null,
    "fecha": "2016-03-31",
    "fecha_limite": "2016-03-31",
    "ice": "0.00",
    "tipo_descuento": "Bs",
    "monto_pago": null,
    "tipo_movimiento": "facturar",
    "recargo": "0.00",
    "sucursal": null,
    "codigo_control": "E6-B3-E0-42",
    "numero_autorizacion": 24234424,
    "nro_factura": 1,
    "nro_baja": null,
    "nit": 556566,
    "excentos": "0.00",
    "nro_nota": null,
    "tipo_compra": "contado",
    "razon_social": "ghghghg"
  },
  "model": "ventas.venta",
  "pk": 62
},
{
  "fields": {
    "empresa": 1,
    "cantidad_dias": 0,
    "fecha_vencimiento": null,
    "tipo_recargo": "Bs",
    "total": "89.00",
    "llave_digital": "tertertet353dgdgdg",
    "descuento": "0.00",
    "actividad": null,
    "fecha": "2016-03-31",
    "fecha_limite": "2016-03-31",
    "ice": "0.00",
    "tipo_descuento": "Bs",
    "monto_pago": null,
    "tipo_movimiento": "facturar",
    "recargo": "0.00",
    "sucursal": null,
    "codigo_control": "CE-04-72-C7",
    "numero_autorizacion": 24234424,
    "nro_factura": 1,
    "nro_baja": null,
    "nit": 44556777555,
    "excentos": "0.00",
    "nro_nota": null,
    "tipo_compra": "contado",
    "razon_social": "dhdhdhdh"
  },
  "model": "ventas.venta",
  "pk": 63
},
{
  "fields": {
    "empresa": 1,
    "cantidad_dias": 0,
    "fecha_vencimiento": null,
    "tipo_recargo": "Bs",
    "total": "89.00",
    "llave_digital": "tertertet353dgdgdg",
    "descuento": "0.00",
    "actividad": null,
    "fecha": "2016-03-31",
    "fecha_limite": "2016-03-31",
    "ice": "0.00",
    "tipo_descuento": "Bs",
    "monto_pago": null,
    "tipo_movimiento": "facturar",
    "recargo": "0.00",
    "sucursal": null,
    "codigo_control": "CE-04-72-C7",
    "numero_autorizacion": 24234424,
    "nro_factura": 1,
    "nro_baja": null,
    "nit": 44556777555,
    "excentos": "0.00",
    "nro_nota": null,
    "tipo_compra": "contado",
    "razon_social": "dhdhdhdh"
  },
  "model": "ventas.venta",
  "pk": 64
},
{
  "fields": {
    "empresa": 1,
    "cantidad_dias": 0,
    "fecha_vencimiento": null,
    "tipo_recargo": "Bs",
    "total": "89.00",
    "llave_digital": "tertertet353dgdgdg",
    "descuento": "0.00",
    "actividad": null,
    "fecha": "2016-03-31",
    "fecha_limite": "2016-03-31",
    "ice": "0.00",
    "tipo_descuento": "Bs",
    "monto_pago": null,
    "tipo_movimiento": "facturar",
    "recargo": "0.00",
    "sucursal": null,
    "codigo_control": "82-1C-53-21",
    "numero_autorizacion": 24234424,
    "nro_factura": 1,
    "nro_baja": null,
    "nit": 445555,
    "excentos": "0.00",
    "nro_nota": null,
    "tipo_compra": "contado",
    "razon_social": "rtrtrtr"
  },
  "model": "ventas.venta",
  "pk": 65
},
{
  "fields": {
    "empresa": 1,
    "cantidad_dias": 0,
    "fecha_vencimiento": null,
    "tipo_recargo": "Bs",
    "total": "89.00",
    "llave_digital": "3535353ergdgdgd",
    "descuento": "0.00",
    "actividad": null,
    "fecha": "2016-03-31",
    "fecha_limite": "2016-04-30",
    "ice": "0.00",
    "tipo_descuento": "Bs",
    "monto_pago": null,
    "tipo_movimiento": "facturar",
    "recargo": "0.00",
    "sucursal": null,
    "codigo_control": "AF-C3-03-56",
    "numero_autorizacion": 345353535,
    "nro_factura": 105,
    "nro_baja": null,
    "nit": 44556777555,
    "excentos": "0.00",
    "nro_nota": null,
    "tipo_compra": "contado",
    "razon_social": "dhdhdhdh"
  },
  "model": "ventas.venta",
  "pk": 78
},
{
  "fields": {
    "empresa": 1,
    "cantidad_dias": 0,
    "fecha_vencimiento": null,
    "tipo_recargo": "Bs",
    "total": "89.00",
    "llave_digital": "3535353ergdgdgd",
    "descuento": "0.00",
    "actividad": null,
    "fecha": "2016-03-31",
    "fecha_limite": "2016-04-30",
    "ice": "0.00",
    "tipo_descuento": "Bs",
    "monto_pago": null,
    "tipo_movimiento": "facturar",
    "recargo": "0.00",
    "sucursal": null,
    "codigo_control": "3F-C7-4D-61",
    "numero_autorizacion": 345353535,
    "nro_factura": 106,
    "nro_baja": null,
    "nit": 322423,
    "excentos": "0.00",
    "nro_nota": null,
    "tipo_compra": "contado",
    "razon_social": "werwer"
  },
  "model": "ventas.venta",
  "pk": 79
},
{
  "fields": {
    "empresa": 1,
    "cantidad_dias": 0,
    "fecha_vencimiento": null,
    "tipo_recargo": "Bs",
    "total": "89.00",
    "llave_digital": "3535353ergdgdgd",
    "descuento": "0.00",
    "actividad": null,
    "fecha": "2016-03-31",
    "fecha_limite": "2016-04-30",
    "ice": "0.00",
    "tipo_descuento": "Bs",
    "monto_pago": null,
    "tipo_movimiento": "facturar",
    "recargo": "0.00",
    "sucursal": null,
    "codigo_control": "DB-E1-12-20-BA",
    "numero_autorizacion": 345353535,
    "nro_factura": 107,
    "nro_baja": null,
    "nit": 44556777555,
    "excentos": "0.00",
    "nro_nota": null,
    "tipo_compra": "contado",
    "razon_social": "dhdhdhdh"
  },
  "model": "ventas.venta",
  "pk": 80
},
{
  "fields": {
    "empresa": 1,
    "cantidad_dias": 0,
    "fecha_vencimiento": null,
    "tipo_recargo": "Bs",
    "total": "89.00",
    "llave_digital": "3535353ergdgdgd",
    "descuento": "0.00",
    "actividad": null,
    "fecha": "2016-03-31",
    "fecha_limite": "2016-04-30",
    "ice": "0.00",
    "tipo_descuento": "Bs",
    "monto_pago": null,
    "tipo_movimiento": "facturar",
    "recargo": "0.00",
    "sucursal": null,
    "codigo_control": "43-CC-FC-C5",
    "numero_autorizacion": 345353535,
    "nro_factura": 108,
    "nro_baja": null,
    "nit": 44556777555,
    "excentos": "0.00",
    "nro_nota": null,
    "tipo_compra": "contado",
    "razon_social": "dhdhdhdh"
  },
  "model": "ventas.venta",
  "pk": 81
},
{
  "fields": {
    "empresa": 1,
    "cantidad_dias": 0,
    "fecha_vencimiento": null,
    "tipo_recargo": "Bs",
    "total": "89.00",
    "llave_digital": "3535353ergdgdgd",
    "descuento": "0.00",
    "actividad": null,
    "fecha": "2016-03-31",
    "fecha_limite": "2016-04-30",
    "ice": "0.00",
    "tipo_descuento": "Bs",
    "monto_pago": null,
    "tipo_movimiento": "facturar",
    "recargo": "0.00",
    "sucursal": null,
    "codigo_control": "D3-7E-30-4F",
    "numero_autorizacion": 345353535,
    "nro_factura": 109,
    "nro_baja": null,
    "nit": 44556777555,
    "excentos": "0.00",
    "nro_nota": null,
    "tipo_compra": "contado",
    "razon_social": "dhdhdhdh"
  },
  "model": "ventas.venta",
  "pk": 82
},
{
  "fields": {
    "empresa": 1,
    "cantidad_dias": 0,
    "fecha_vencimiento": null,
    "tipo_recargo": "Bs",
    "total": "89.00",
    "llave_digital": "3535353ergdgdgd",
    "descuento": "0.00",
    "actividad": null,
    "fecha": "2016-03-31",
    "fecha_limite": "2016-04-30",
    "ice": "0.00",
    "tipo_descuento": "Bs",
    "monto_pago": null,
    "tipo_movimiento": "facturar",
    "recargo": "0.00",
    "sucursal": null,
    "codigo_control": "1B-4A-AA-D2",
    "numero_autorizacion": 345353535,
    "nro_factura": 110,
    "nro_baja": null,
    "nit": 44556777555,
    "excentos": "0.00",
    "nro_nota": null,
    "tipo_compra": "contado",
    "razon_social": "dhdhdhdh"
  },
  "model": "ventas.venta",
  "pk": 83
},
{
  "fields": {
    "empresa": 1,
    "cantidad_dias": 0,
    "fecha_vencimiento": null,
    "tipo_recargo": "Bs",
    "total": "89.00",
    "llave_digital": "3535353ergdgdgd",
    "descuento": "0.00",
    "actividad": null,
    "fecha": "2016-03-31",
    "fecha_limite": "2016-04-30",
    "ice": "0.00",
    "tipo_descuento": "Bs",
    "monto_pago": null,
    "tipo_movimiento": "facturar",
    "recargo": "0.00",
    "sucursal": null,
    "codigo_control": "AB-5E-55-81",
    "numero_autorizacion": 345353535,
    "nro_factura": 111,
    "nro_baja": null,
    "nit": 44556777555,
    "excentos": "0.00",
    "nro_nota": null,
    "tipo_compra": "contado",
    "razon_social": "dhdhdhdh"
  },
  "model": "ventas.venta",
  "pk": 84
},
{
  "fields": {
    "empresa": 1,
    "cantidad_dias": 0,
    "fecha_vencimiento": null,
    "tipo_recargo": "Bs",
    "total": "89.00",
    "llave_digital": "3535353ergdgdgd",
    "descuento": "0.00",
    "actividad": null,
    "fecha": "2016-03-31",
    "fecha_limite": "2016-04-30",
    "ice": "0.00",
    "tipo_descuento": "Bs",
    "monto_pago": null,
    "tipo_movimiento": "facturar",
    "recargo": "0.00",
    "sucursal": null,
    "codigo_control": "C3-48-0A-07",
    "numero_autorizacion": 345353535,
    "nro_factura": 112,
    "nro_baja": null,
    "nit": 44556777555,
    "excentos": "0.00",
    "nro_nota": null,
    "tipo_compra": "contado",
    "razon_social": "dhdhdhdh"
  },
  "model": "ventas.venta",
  "pk": 85
},
{
  "fields": {
    "empresa": 1,
    "cantidad_dias": 0,
    "fecha_vencimiento": null,
    "tipo_recargo": "Bs",
    "total": "89.00",
    "llave_digital": "3535353ergdgdgd",
    "descuento": "0.00",
    "actividad": null,
    "fecha": "2016-03-31",
    "fecha_limite": "2016-04-30",
    "ice": "0.00",
    "tipo_descuento": "Bs",
    "monto_pago": null,
    "tipo_movimiento": "facturar",
    "recargo": "0.00",
    "sucursal": null,
    "codigo_control": "DB-E3-1A-34",
    "numero_autorizacion": 345353535,
    "nro_factura": 113,
    "nro_baja": null,
    "nit": 44556777555,
    "excentos": "0.00",
    "nro_nota": null,
    "tipo_compra": "contado",
    "razon_social": "dhdhdhdh"
  },
  "model": "ventas.venta",
  "pk": 86
},
{
  "fields": {
    "empresa": 1,
    "cantidad_dias": 0,
    "fecha_vencimiento": null,
    "tipo_recargo": "Bs",
    "total": "89.00",
    "llave_digital": "3535353ergdgdgd",
    "descuento": "0.00",
    "actividad": null,
    "fecha": "2016-03-31",
    "fecha_limite": "2016-04-30",
    "ice": "0.00",
    "tipo_descuento": "Bs",
    "monto_pago": null,
    "tipo_movimiento": "facturar",
    "recargo": "0.00",
    "sucursal": null,
    "codigo_control": "0D-A7-31-59-F3",
    "numero_autorizacion": 345353535,
    "nro_factura": 114,
    "nro_baja": null,
    "nit": 44556777555,
    "excentos": "0.00",
    "nro_nota": null,
    "tipo_compra": "contado",
    "razon_social": "dhdhdhdh"
  },
  "model": "ventas.venta",
  "pk": 87
},
{
  "fields": {
    "empresa": 1,
    "cantidad_dias": 0,
    "fecha_vencimiento": null,
    "tipo_recargo": "Bs",
    "total": "89.00",
    "llave_digital": "3535353ergdgdgd",
    "descuento": "0.00",
    "actividad": null,
    "fecha": "2016-03-31",
    "fecha_limite": "2016-04-30",
    "ice": "0.00",
    "tipo_descuento": "Bs",
    "monto_pago": null,
    "tipo_movimiento": "facturar",
    "recargo": "0.00",
    "sucursal": null,
    "codigo_control": "0C-BD-87-8E",
    "numero_autorizacion": 345353535,
    "nro_factura": 115,
    "nro_baja": null,
    "nit": 44556777555,
    "excentos": "0.00",
    "nro_nota": null,
    "tipo_compra": "contado",
    "razon_social": "dhdhdhdh"
  },
  "model": "ventas.venta",
  "pk": 88
},
{
  "fields": {
    "empresa": 1,
    "cantidad_dias": 0,
    "fecha_vencimiento": null,
    "tipo_recargo": "Bs",
    "total": "89.00",
    "llave_digital": "3535353ergdgdgd",
    "descuento": "0.00",
    "actividad": null,
    "fecha": "2016-03-31",
    "fecha_limite": "2016-04-30",
    "ice": "0.00",
    "tipo_descuento": "Bs",
    "monto_pago": null,
    "tipo_movimiento": "facturar",
    "recargo": "0.00",
    "sucursal": null,
    "codigo_control": "A9-F7-1E-55",
    "numero_autorizacion": 345353535,
    "nro_factura": 116,
    "nro_baja": null,
    "nit": 44556777555,
    "excentos": "0.00",
    "nro_nota": null,
    "tipo_compra": "contado",
    "razon_social": "dhdhdhdh"
  },
  "model": "ventas.venta",
  "pk": 89
},
{
  "fields": {
    "empresa": 1,
    "cantidad_dias": 0,
    "fecha_vencimiento": null,
    "tipo_recargo": "Bs",
    "total": "89.00",
    "llave_digital": "3535353ergdgdgd",
    "descuento": "0.00",
    "actividad": null,
    "fecha": "2016-03-31",
    "fecha_limite": "2016-04-30",
    "ice": "0.00",
    "tipo_descuento": "Bs",
    "monto_pago": null,
    "tipo_movimiento": "facturar",
    "recargo": "0.00",
    "sucursal": null,
    "codigo_control": "0C-E2-78-D8-38",
    "numero_autorizacion": 345353535,
    "nro_factura": 117,
    "nro_baja": null,
    "nit": 44556777555,
    "excentos": "0.00",
    "nro_nota": null,
    "tipo_compra": "contado",
    "razon_social": "dhdhdhdh"
  },
  "model": "ventas.venta",
  "pk": 90
},
{
  "fields": {
    "empresa": 1,
    "cantidad_dias": 0,
    "fecha_vencimiento": null,
    "tipo_recargo": "Bs",
    "total": "89.00",
    "llave_digital": "3535353ergdgdgd",
    "descuento": "0.00",
    "actividad": null,
    "fecha": "2016-03-31",
    "fecha_limite": "2016-04-30",
    "ice": "0.00",
    "tipo_descuento": "Bs",
    "monto_pago": null,
    "tipo_movimiento": "facturar",
    "recargo": "0.00",
    "sucursal": null,
    "codigo_control": "E6-FE-26-40",
    "numero_autorizacion": 345353535,
    "nro_factura": 118,
    "nro_baja": null,
    "nit": 44556777555,
    "excentos": "0.00",
    "nro_nota": null,
    "tipo_compra": "contado",
    "razon_social": "dhdhdhdh"
  },
  "model": "ventas.venta",
  "pk": 91
},
{
  "fields": {
    "empresa": 1,
    "cantidad_dias": 0,
    "fecha_vencimiento": null,
    "tipo_recargo": "Bs",
    "total": "89.00",
    "llave_digital": "3535353ergdgdgd",
    "descuento": "0.00",
    "actividad": null,
    "fecha": "2016-04-02",
    "fecha_limite": "2016-04-30",
    "ice": "0.00",
    "tipo_descuento": "Bs",
    "monto_pago": null,
    "tipo_movimiento": "facturar",
    "recargo": "0.00",
    "sucursal": null,
    "codigo_control": "63-91-9F-D4",
    "numero_autorizacion": 345353535,
    "nro_factura": 119,
    "nro_baja": null,
    "nit": 44556777555,
    "excentos": "0.00",
    "nro_nota": null,
    "tipo_compra": "contado",
    "razon_social": "dhdhdhdh"
  },
  "model": "ventas.venta",
  "pk": 92
},
{
  "fields": {
    "empresa": 1,
    "cantidad_dias": 0,
    "fecha_vencimiento": null,
    "tipo_recargo": "Bs",
    "total": "89.00",
    "llave_digital": "3535353ergdgdgd",
    "descuento": "0.00",
    "actividad": null,
    "fecha": "2016-04-02",
    "fecha_limite": "2016-04-30",
    "ice": "0.00",
    "tipo_descuento": "Bs",
    "monto_pago": null,
    "tipo_movimiento": "facturar",
    "recargo": "0.00",
    "sucursal": null,
    "codigo_control": "E4-F5-61-72-32",
    "numero_autorizacion": 345353535,
    "nro_factura": 120,
    "nro_baja": null,
    "nit": 44556777555,
    "excentos": "0.00",
    "nro_nota": null,
    "tipo_compra": "contado",
    "razon_social": "dhdhdhdh"
  },
  "model": "ventas.venta",
  "pk": 93
},
{
  "fields": {
    "empresa": 1,
    "cantidad_dias": 0,
    "fecha_vencimiento": null,
    "tipo_recargo": "Bs",
    "total": "89.00",
    "llave_digital": "3535353ergdgdgd",
    "descuento": "0.00",
    "actividad": null,
    "fecha": "2016-04-02",
    "fecha_limite": "2016-04-30",
    "ice": "0.00",
    "tipo_descuento": "Bs",
    "monto_pago": null,
    "tipo_movimiento": "facturar",
    "recargo": "0.00",
    "sucursal": null,
    "codigo_control": "DD-0A-65-F5",
    "numero_autorizacion": 345353535,
    "nro_factura": 121,
    "nro_baja": null,
    "nit": 44556777555,
    "excentos": "0.00",
    "nro_nota": null,
    "tipo_compra": "contado",
    "razon_social": "dhdhdhdh"
  },
  "model": "ventas.venta",
  "pk": 94
},
{
  "fields": {
    "empresa": 1,
    "cantidad_dias": 0,
    "fecha_vencimiento": null,
    "tipo_recargo": "Bs",
    "total": "89.00",
    "llave_digital": "3535353ergdgdgd",
    "descuento": "0.00",
    "actividad": null,
    "fecha": "2016-04-02",
    "fecha_limite": "2016-04-30",
    "ice": "0.00",
    "tipo_descuento": "Bs",
    "monto_pago": null,
    "tipo_movimiento": "facturar",
    "recargo": "0.00",
    "sucursal": null,
    "codigo_control": "E7-80-14-58",
    "numero_autorizacion": 345353535,
    "nro_factura": 122,
    "nro_baja": null,
    "nit": 44556777555,
    "excentos": "0.00",
    "nro_nota": null,
    "tipo_compra": "contado",
    "razon_social": "dhdhdhdh"
  },
  "model": "ventas.venta",
  "pk": 95
},
{
  "fields": {
    "empresa": 1,
    "cantidad_dias": 0,
    "fecha_vencimiento": null,
    "tipo_recargo": "Bs",
    "total": "89.00",
    "llave_digital": "3535353ergdgdgd",
    "descuento": "0.00",
    "actividad": null,
    "fecha": "2016-04-02",
    "fecha_limite": "2016-04-30",
    "ice": "0.00",
    "tipo_descuento": "Bs",
    "monto_pago": null,
    "tipo_movimiento": "facturar",
    "recargo": "0.00",
    "sucursal": null,
    "codigo_control": "A8-27-16-DB",
    "numero_autorizacion": 345353535,
    "nro_factura": 123,
    "nro_baja": null,
    "nit": 44556777555,
    "excentos": "0.00",
    "nro_nota": null,
    "tipo_compra": "contado",
    "razon_social": "dhdhdhdh"
  },
  "model": "ventas.venta",
  "pk": 96
},
{
  "fields": {
    "empresa": 1,
    "cantidad_dias": 0,
    "fecha_vencimiento": null,
    "tipo_recargo": "Bs",
    "total": "89.00",
    "llave_digital": "3535353ergdgdgd",
    "descuento": "0.00",
    "actividad": null,
    "fecha": "2016-04-02",
    "fecha_limite": "2016-04-30",
    "ice": "0.00",
    "tipo_descuento": "Bs",
    "monto_pago": null,
    "tipo_movimiento": "facturar",
    "recargo": "0.00",
    "sucursal": null,
    "codigo_control": "63-C4-74-6B",
    "numero_autorizacion": 345353535,
    "nro_factura": 124,
    "nro_baja": null,
    "nit": 44556777555,
    "excentos": "0.00",
    "nro_nota": null,
    "tipo_compra": "contado",
    "razon_social": "dhdhdhdh"
  },
  "model": "ventas.venta",
  "pk": 97
},
{
  "fields": {
    "empresa": 1,
    "cantidad_dias": 0,
    "fecha_vencimiento": null,
    "tipo_recargo": "Bs",
    "total": "89.00",
    "llave_digital": "3535353ergdgdgd",
    "descuento": "0.00",
    "actividad": null,
    "fecha": "2016-04-02",
    "fecha_limite": "2016-04-30",
    "ice": "0.00",
    "tipo_descuento": "Bs",
    "monto_pago": null,
    "tipo_movimiento": "facturar",
    "recargo": "0.00",
    "sucursal": null,
    "codigo_control": "55-14-B8-F3",
    "numero_autorizacion": 345353535,
    "nro_factura": 125,
    "nro_baja": null,
    "nit": 44556777555,
    "excentos": "0.00",
    "nro_nota": null,
    "tipo_compra": "contado",
    "razon_social": "dhdhdhdh"
  },
  "model": "ventas.venta",
  "pk": 98
},
{
  "fields": {
    "empresa": 1,
    "cantidad_dias": 0,
    "fecha_vencimiento": null,
    "tipo_recargo": "Bs",
    "total": "89.00",
    "llave_digital": "3535353ergdgdgd",
    "descuento": "0.00",
    "actividad": null,
    "fecha": "2016-04-02",
    "fecha_limite": "2016-04-30",
    "ice": "0.00",
    "tipo_descuento": "Bs",
    "monto_pago": null,
    "tipo_movimiento": "facturar",
    "recargo": "0.00",
    "sucursal": null,
    "codigo_control": "2F-A2-4A-5F",
    "numero_autorizacion": 345353535,
    "nro_factura": 126,
    "nro_baja": null,
    "nit": 44556777555,
    "excentos": "0.00",
    "nro_nota": null,
    "tipo_compra": "contado",
    "razon_social": "dhdhdhdh"
  },
  "model": "ventas.venta",
  "pk": 99
},
{
  "fields": {
    "empresa": 1,
    "cantidad_dias": 0,
    "fecha_vencimiento": null,
    "tipo_recargo": "Bs",
    "total": "89.00",
    "llave_digital": "3535353ergdgdgd",
    "descuento": "0.00",
    "actividad": null,
    "fecha": "2016-04-02",
    "fecha_limite": "2016-04-30",
    "ice": "0.00",
    "tipo_descuento": "Bs",
    "monto_pago": null,
    "tipo_movimiento": "facturar",
    "recargo": "0.00",
    "sucursal": null,
    "codigo_control": "2B-64-57-FB",
    "numero_autorizacion": 345353535,
    "nro_factura": 127,
    "nro_baja": null,
    "nit": 44556777555,
    "excentos": "0.00",
    "nro_nota": null,
    "tipo_compra": "contado",
    "razon_social": "dhdhdhdh"
  },
  "model": "ventas.venta",
  "pk": 100
},
{
  "fields": {
    "empresa": 1,
    "cantidad_dias": 0,
    "fecha_vencimiento": null,
    "tipo_recargo": "Bs",
    "total": "89.00",
    "llave_digital": "3535353ergdgdgd",
    "descuento": "0.00",
    "actividad": null,
    "fecha": "2016-04-02",
    "fecha_limite": "2016-04-30",
    "ice": "0.00",
    "tipo_descuento": "Bs",
    "monto_pago": null,
    "tipo_movimiento": "facturar",
    "recargo": "0.00",
    "sucursal": null,
    "codigo_control": "E7-9C-27-DB",
    "numero_autorizacion": 345353535,
    "nro_factura": 128,
    "nro_baja": null,
    "nit": 44556777555,
    "excentos": "0.00",
    "nro_nota": null,
    "tipo_compra": "contado",
    "razon_social": "dhdhdhdh"
  },
  "model": "ventas.venta",
  "pk": 101
},
{
  "fields": {
    "empresa": 1,
    "cantidad_dias": 0,
    "fecha_vencimiento": null,
    "tipo_recargo": "Bs",
    "total": "89.00",
    "llave_digital": "3535353ergdgdgd",
    "descuento": "0.00",
    "actividad": null,
    "fecha": "2016-04-02",
    "fecha_limite": "2016-04-30",
    "ice": "0.00",
    "tipo_descuento": "Bs",
    "monto_pago": null,
    "tipo_movimiento": "facturar",
    "recargo": "0.00",
    "sucursal": null,
    "codigo_control": "EA-58-6B-12-7C",
    "numero_autorizacion": 345353535,
    "nro_factura": 129,
    "nro_baja": null,
    "nit": 44556777555,
    "excentos": "0.00",
    "nro_nota": null,
    "tipo_compra": "contado",
    "razon_social": "dhdhdhdh"
  },
  "model": "ventas.venta",
  "pk": 102
},
{
  "fields": {
    "empresa": 1,
    "cantidad_dias": 0,
    "fecha_vencimiento": null,
    "tipo_recargo": "Bs",
    "total": null,
    "llave_digital": null,
    "descuento": "0.00",
    "actividad": null,
    "fecha": "2016-04-22",
    "fecha_limite": null,
    "ice": "0.00",
    "tipo_descuento": "Bs",
    "monto_pago": null,
    "tipo_movimiento": "baja",
    "recargo": "0.00",
    "sucursal": 1,
    "codigo_control": null,
    "numero_autorizacion": null,
    "nro_factura": null,
    "nro_baja": 1,
    "nit": 0,
    "excentos": "0.00",
    "nro_nota": null,
    "tipo_compra": "contado",
    "razon_social": "baja"
  },
  "model": "ventas.venta",
  "pk": 144
},
{
  "fields": {
    "empresa": 1,
    "cantidad_dias": 0,
    "fecha_vencimiento": null,
    "tipo_recargo": "Bs",
    "total": "89.00",
    "llave_digital": "3535353ergdgdgd",
    "descuento": "0.00",
    "actividad": null,
    "fecha": "2016-04-02",
    "fecha_limite": "2016-04-30",
    "ice": "0.00",
    "tipo_descuento": "Bs",
    "monto_pago": null,
    "tipo_movimiento": "facturar",
    "recargo": "0.00",
    "sucursal": null,
    "codigo_control": "1A-42-52-81-52",
    "numero_autorizacion": 345353535,
    "nro_factura": 130,
    "nro_baja": null,
    "nit": 44556777555,
    "excentos": "0.00",
    "nro_nota": null,
    "tipo_compra": "contado",
    "razon_social": "dhdhdhdh"
  },
  "model": "ventas.venta",
  "pk": 103
},
{
  "fields": {
    "empresa": 1,
    "cantidad_dias": 0,
    "fecha_vencimiento": null,
    "tipo_recargo": "Bs",
    "total": "89.00",
    "llave_digital": "3535353ergdgdgd",
    "descuento": "0.00",
    "actividad": null,
    "fecha": "2016-04-02",
    "fecha_limite": "2016-04-30",
    "ice": "0.00",
    "tipo_descuento": "Bs",
    "monto_pago": null,
    "tipo_movimiento": "facturar",
    "recargo": "0.00",
    "sucursal": null,
    "codigo_control": "26-E2-07-8F",
    "numero_autorizacion": 345353535,
    "nro_factura": 131,
    "nro_baja": null,
    "nit": 44556777555,
    "excentos": "0.00",
    "nro_nota": null,
    "tipo_compra": "contado",
    "razon_social": "dhdhdhdh"
  },
  "model": "ventas.venta",
  "pk": 104
},
{
  "fields": {
    "empresa": 1,
    "cantidad_dias": 0,
    "fecha_vencimiento": null,
    "tipo_recargo": "Bs",
    "total": "89.00",
    "llave_digital": "3535353ergdgdgd",
    "descuento": "0.00",
    "actividad": null,
    "fecha": "2016-04-02",
    "fecha_limite": "2016-04-30",
    "ice": "0.00",
    "tipo_descuento": "Bs",
    "monto_pago": null,
    "tipo_movimiento": "facturar",
    "recargo": "0.00",
    "sucursal": null,
    "codigo_control": "0C-CD-F5-83",
    "numero_autorizacion": 345353535,
    "nro_factura": 132,
    "nro_baja": null,
    "nit": 44556777555,
    "excentos": "0.00",
    "nro_nota": null,
    "tipo_compra": "contado",
    "razon_social": "dhdhdhdh"
  },
  "model": "ventas.venta",
  "pk": 105
},
{
  "fields": {
    "empresa": 1,
    "cantidad_dias": 0,
    "fecha_vencimiento": null,
    "tipo_recargo": "Bs",
    "total": "89.00",
    "llave_digital": "3535353ergdgdgd",
    "descuento": "0.00",
    "actividad": null,
    "fecha": "2016-04-02",
    "fecha_limite": "2016-04-30",
    "ice": "0.00",
    "tipo_descuento": "Bs",
    "monto_pago": null,
    "tipo_movimiento": "facturar",
    "recargo": "0.00",
    "sucursal": null,
    "codigo_control": "42-F7-AA-AD",
    "numero_autorizacion": 345353535,
    "nro_factura": 133,
    "nro_baja": null,
    "nit": 44556777555,
    "excentos": "0.00",
    "nro_nota": null,
    "tipo_compra": "contado",
    "razon_social": "dhdhdhdh"
  },
  "model": "ventas.venta",
  "pk": 106
},
{
  "fields": {
    "empresa": 1,
    "cantidad_dias": 0,
    "fecha_vencimiento": null,
    "tipo_recargo": "Bs",
    "total": "89.00",
    "llave_digital": "3535353ergdgdgd",
    "descuento": "0.00",
    "actividad": null,
    "fecha": "2016-04-02",
    "fecha_limite": "2016-04-30",
    "ice": "0.00",
    "tipo_descuento": "Bs",
    "monto_pago": null,
    "tipo_movimiento": "facturar",
    "recargo": "0.00",
    "sucursal": null,
    "codigo_control": "42-25-01-BC",
    "numero_autorizacion": 345353535,
    "nro_factura": 134,
    "nro_baja": null,
    "nit": 44556777555,
    "excentos": "0.00",
    "nro_nota": null,
    "tipo_compra": "contado",
    "razon_social": "dhdhdhdh"
  },
  "model": "ventas.venta",
  "pk": 107
},
{
  "fields": {
    "empresa": 1,
    "cantidad_dias": 0,
    "fecha_vencimiento": null,
    "tipo_recargo": "Bs",
    "total": "89.00",
    "llave_digital": "3535353ergdgdgd",
    "descuento": "0.00",
    "actividad": null,
    "fecha": "2016-04-08",
    "fecha_limite": "2016-04-30",
    "ice": "0.00",
    "tipo_descuento": "Bs",
    "monto_pago": null,
    "tipo_movimiento": "facturar",
    "recargo": "0.00",
    "sucursal": null,
    "codigo_control": "C8-0B-4B-A5-C3",
    "numero_autorizacion": 345353535,
    "nro_factura": 135,
    "nro_baja": null,
    "nit": 34234,
    "excentos": "0.00",
    "nro_nota": null,
    "tipo_compra": "contado",
    "razon_social": "ewrwerwe"
  },
  "model": "ventas.venta",
  "pk": 108
},
{
  "fields": {
    "empresa": 1,
    "cantidad_dias": 0,
    "fecha_vencimiento": null,
    "tipo_recargo": "Bs",
    "total": "89.00",
    "llave_digital": "3535353ergdgdgd",
    "descuento": "0.00",
    "actividad": null,
    "fecha": "2016-04-08",
    "fecha_limite": "2016-04-30",
    "ice": "0.00",
    "tipo_descuento": "Bs",
    "monto_pago": null,
    "tipo_movimiento": "facturar",
    "recargo": "0.00",
    "sucursal": null,
    "codigo_control": "27-18-E8-25",
    "numero_autorizacion": 345353535,
    "nro_factura": 136,
    "nro_baja": null,
    "nit": 324324,
    "excentos": "0.00",
    "nro_nota": null,
    "tipo_compra": "contado",
    "razon_social": "werwer"
  },
  "model": "ventas.venta",
  "pk": 109
},
{
  "fields": {
    "empresa": 1,
    "cantidad_dias": 0,
    "fecha_vencimiento": null,
    "tipo_recargo": "Bs",
    "total": "89.00",
    "llave_digital": "3535353ergdgdgd",
    "descuento": "0.00",
    "actividad": null,
    "fecha": "2016-04-14",
    "fecha_limite": "2016-04-30",
    "ice": "0.00",
    "tipo_descuento": "Bs",
    "monto_pago": null,
    "tipo_movimiento": "facturar",
    "recargo": "0.00",
    "sucursal": null,
    "codigo_control": "67-76-77-ED",
    "numero_autorizacion": 345353535,
    "nro_factura": 137,
    "nro_baja": null,
    "nit": 234324,
    "excentos": "0.00",
    "nro_nota": null,
    "tipo_compra": "contado",
    "razon_social": "rwerwer"
  },
  "model": "ventas.venta",
  "pk": 110
},
{
  "fields": {
    "empresa": 1,
    "cantidad_dias": 0,
    "fecha_vencimiento": null,
    "tipo_recargo": "Bs",
    "total": "89.00",
    "llave_digital": null,
    "descuento": "0.00",
    "actividad": null,
    "fecha": "2016-04-14",
    "fecha_limite": null,
    "ice": "0.00",
    "tipo_descuento": "Bs",
    "monto_pago": null,
    "tipo_movimiento": "proforma",
    "recargo": "0.00",
    "sucursal": null,
    "codigo_control": null,
    "numero_autorizacion": null,
    "nro_factura": null,
    "nro_baja": null,
    "nit": 234324,
    "excentos": "0.00",
    "nro_nota": 16,
    "tipo_compra": "contado",
    "razon_social": "rwerwer"
  },
  "model": "ventas.venta",
  "pk": 112
},
{
  "fields": {
    "empresa": 1,
    "cantidad_dias": 0,
    "fecha_vencimiento": null,
    "tipo_recargo": "Bs",
    "total": "89.00",
    "llave_digital": "3535353ergdgdgd",
    "descuento": "0.00",
    "actividad": null,
    "fecha": "2016-04-14",
    "fecha_limite": "2016-04-30",
    "ice": "0.00",
    "tipo_descuento": "Bs",
    "monto_pago": null,
    "tipo_movimiento": "facturar",
    "recargo": "0.00",
    "sucursal": null,
    "codigo_control": "C2-A7-6F-BA",
    "numero_autorizacion": 345353535,
    "nro_factura": 138,
    "nro_baja": null,
    "nit": 234324,
    "excentos": "0.00",
    "nro_nota": null,
    "tipo_compra": "contado",
    "razon_social": "rwerwer"
  },
  "model": "ventas.venta",
  "pk": 113
},
{
  "fields": {
    "empresa": 1,
    "cantidad_dias": 0,
    "fecha_vencimiento": null,
    "tipo_recargo": "Bs",
    "total": "89.00",
    "llave_digital": "3535353ergdgdgd",
    "descuento": "0.00",
    "actividad": null,
    "fecha": "2016-04-14",
    "fecha_limite": "2016-04-30",
    "ice": "0.00",
    "tipo_descuento": "Bs",
    "monto_pago": null,
    "tipo_movimiento": "facturar",
    "recargo": "0.00",
    "sucursal": 1,
    "codigo_control": "82-CD-87-CC",
    "numero_autorizacion": 345353535,
    "nro_factura": 139,
    "nro_baja": null,
    "nit": 234324,
    "excentos": "0.00",
    "nro_nota": null,
    "tipo_compra": "contado",
    "razon_social": "rwerwer"
  },
  "model": "ventas.venta",
  "pk": 121
},
{
  "fields": {
    "empresa": 1,
    "cantidad_dias": 0,
    "fecha_vencimiento": null,
    "tipo_recargo": "Bs",
    "total": "89.00",
    "llave_digital": "3535353ergdgdgd",
    "descuento": "0.00",
    "actividad": null,
    "fecha": "2016-04-14",
    "fecha_limite": "2016-04-30",
    "ice": "0.00",
    "tipo_descuento": "Bs",
    "monto_pago": null,
    "tipo_movimiento": "facturar",
    "recargo": "0.00",
    "sucursal": 1,
    "codigo_control": "3C-59-17-09",
    "numero_autorizacion": 345353535,
    "nro_factura": 140,
    "nro_baja": null,
    "nit": 2334324,
    "excentos": "0.00",
    "nro_nota": null,
    "tipo_compra": "contado",
    "razon_social": "weewrwer"
  },
  "model": "ventas.venta",
  "pk": 122
},
{
  "fields": {
    "empresa": 1,
    "cantidad_dias": 0,
    "fecha_vencimiento": null,
    "tipo_recargo": "Bs",
    "total": "89.00",
    "llave_digital": null,
    "descuento": "0.00",
    "actividad": null,
    "fecha": "2016-04-14",
    "fecha_limite": null,
    "ice": "0.00",
    "tipo_descuento": "Bs",
    "monto_pago": null,
    "tipo_movimiento": "proforma",
    "recargo": "0.00",
    "sucursal": 1,
    "codigo_control": null,
    "numero_autorizacion": null,
    "nro_factura": null,
    "nro_baja": null,
    "nit": 2334324,
    "excentos": "0.00",
    "nro_nota": 18,
    "tipo_compra": "contado",
    "razon_social": "weewrwer"
  },
  "model": "ventas.venta",
  "pk": 123
},
{
  "fields": {
    "empresa": 1,
    "cantidad_dias": 0,
    "fecha_vencimiento": null,
    "tipo_recargo": "Bs",
    "total": "89.00",
    "llave_digital": "3535353ergdgdgd",
    "descuento": "0.00",
    "actividad": null,
    "fecha": "2016-04-14",
    "fecha_limite": "2016-04-30",
    "ice": "0.00",
    "tipo_descuento": "Bs",
    "monto_pago": null,
    "tipo_movimiento": "facturar",
    "recargo": "0.00",
    "sucursal": 1,
    "codigo_control": "31-33-59-52",
    "numero_autorizacion": 345353535,
    "nro_factura": 141,
    "nro_baja": null,
    "nit": 234324,
    "excentos": "0.00",
    "nro_nota": null,
    "tipo_compra": "contado",
    "razon_social": "rwerwer"
  },
  "model": "ventas.venta",
  "pk": 124
},
{
  "fields": {
    "empresa": 1,
    "cantidad_dias": 0,
    "fecha_vencimiento": null,
    "tipo_recargo": "Bs",
    "total": "89.00",
    "llave_digital": "3535353ergdgdgd",
    "descuento": "0.00",
    "actividad": null,
    "fecha": "2016-04-14",
    "fecha_limite": "2016-04-30",
    "ice": "0.00",
    "tipo_descuento": "Bs",
    "monto_pago": null,
    "tipo_movimiento": "facturar",
    "recargo": "0.00",
    "sucursal": 1,
    "codigo_control": "69-26-94-33",
    "numero_autorizacion": 345353535,
    "nro_factura": 142,
    "nro_baja": null,
    "nit": 2334324,
    "excentos": "0.00",
    "nro_nota": null,
    "tipo_compra": "contado",
    "razon_social": "weewrwer"
  },
  "model": "ventas.venta",
  "pk": 125
},
{
  "fields": {
    "empresa": 1,
    "cantidad_dias": 0,
    "fecha_vencimiento": null,
    "tipo_recargo": "Bs",
    "total": "89.00",
    "llave_digital": "drgdgdg5564646",
    "descuento": "0.00",
    "actividad": "ventasssss",
    "fecha": "2016-04-16",
    "fecha_limite": "2016-04-30",
    "ice": "0.00",
    "tipo_descuento": "Bs",
    "monto_pago": null,
    "tipo_movimiento": "facturar",
    "recargo": "0.00",
    "sucursal": 1,
    "codigo_control": "5A-D3-B9-F1",
    "numero_autorizacion": 232242242424,
    "nro_factura": 100,
    "nro_baja": null,
    "nit": 4343434,
    "excentos": "0.00",
    "nro_nota": null,
    "tipo_compra": "contado",
    "razon_social": "rtetet"
  },
  "model": "ventas.venta",
  "pk": 126
},
{
  "fields": {
    "empresa": 1,
    "cantidad_dias": 0,
    "fecha_vencimiento": null,
    "tipo_recargo": "Bs",
    "total": "89.00",
    "llave_digital": "drgdgdg5564646",
    "descuento": "0.00",
    "actividad": "ventasssss",
    "fecha": "2016-04-16",
    "fecha_limite": "2016-04-30",
    "ice": "0.00",
    "tipo_descuento": "Bs",
    "monto_pago": null,
    "tipo_movimiento": "facturar",
    "recargo": "0.00",
    "sucursal": 1,
    "codigo_control": "29-45-63-22",
    "numero_autorizacion": 232242242424,
    "nro_factura": 101,
    "nro_baja": null,
    "nit": 34234,
    "excentos": "0.00",
    "nro_nota": null,
    "tipo_compra": "contado",
    "razon_social": "ewrwerwe"
  },
  "model": "ventas.venta",
  "pk": 127
},
{
  "fields": {
    "empresa": 1,
    "cantidad_dias": 0,
    "fecha_vencimiento": null,
    "tipo_recargo": "Bs",
    "total": "89.00",
    "llave_digital": null,
    "descuento": "0.00",
    "actividad": null,
    "fecha": "2016-04-18",
    "fecha_limite": null,
    "ice": "0.00",
    "tipo_descuento": "Bs",
    "monto_pago": null,
    "tipo_movimiento": "proforma",
    "recargo": "0.00",
    "sucursal": 1,
    "codigo_control": null,
    "numero_autorizacion": null,
    "nro_factura": null,
    "nro_baja": null,
    "nit": 34234,
    "excentos": "0.00",
    "nro_nota": 19,
    "tipo_compra": "contado",
    "razon_social": "ewrwerwe"
  },
  "model": "ventas.venta",
  "pk": 128
},
{
  "fields": {
    "empresa": 1,
    "cantidad_dias": 0,
    "fecha_vencimiento": null,
    "tipo_recargo": "Bs",
    "total": "89.00",
    "llave_digital": null,
    "descuento": "0.00",
    "actividad": null,
    "fecha": "2016-04-18",
    "fecha_limite": null,
    "ice": "0.00",
    "tipo_descuento": "Bs",
    "monto_pago": null,
    "tipo_movimiento": "proforma",
    "recargo": "0.00",
    "sucursal": 1,
    "codigo_control": null,
    "numero_autorizacion": null,
    "nro_factura": null,
    "nro_baja": null,
    "nit": 34234,
    "excentos": "0.00",
    "nro_nota": 20,
    "tipo_compra": "contado",
    "razon_social": "ewrwerwe"
  },
  "model": "ventas.venta",
  "pk": 129
},
{
  "fields": {
    "empresa": 1,
    "cantidad_dias": 0,
    "fecha_vencimiento": null,
    "tipo_recargo": "Bs",
    "total": "89.00",
    "llave_digital": null,
    "descuento": "0.00",
    "actividad": null,
    "fecha": "2016-04-18",
    "fecha_limite": null,
    "ice": "0.00",
    "tipo_descuento": "Bs",
    "monto_pago": null,
    "tipo_movimiento": "proforma",
    "recargo": "0.00",
    "sucursal": 1,
    "codigo_control": null,
    "numero_autorizacion": null,
    "nro_factura": null,
    "nro_baja": null,
    "nit": 34234,
    "excentos": "0.00",
    "nro_nota": 21,
    "tipo_compra": "contado",
    "razon_social": "ewrwerwe"
  },
  "model": "ventas.venta",
  "pk": 130
},
{
  "fields": {
    "empresa": 1,
    "cantidad_dias": 30,
    "fecha_vencimiento": "2016-05-19",
    "tipo_recargo": "Bs",
    "total": "89.00",
    "llave_digital": "drgdgdg5564646",
    "descuento": "0.00",
    "actividad": "ventasssss222",
    "fecha": "2016-04-19",
    "fecha_limite": "2016-04-30",
    "ice": "0.00",
    "tipo_descuento": "Bs",
    "monto_pago": "10.00",
    "tipo_movimiento": "facturar",
    "recargo": "0.00",
    "sucursal": 1,
    "codigo_control": "57-DD-94-F7",
    "numero_autorizacion": 232242242424,
    "nro_factura": 102,
    "nro_baja": null,
    "nit": 34234,
    "excentos": "0.00",
    "nro_nota": null,
    "tipo_compra": "credito",
    "razon_social": "ewrwerwe"
  },
  "model": "ventas.venta",
  "pk": 131
},
{
  "fields": {
    "empresa": 1,
    "cantidad_dias": 0,
    "fecha_vencimiento": null,
    "tipo_recargo": "Bs",
    "total": null,
    "llave_digital": null,
    "descuento": "0.00",
    "actividad": null,
    "fecha": "2016-04-22",
    "fecha_limite": null,
    "ice": "0.00",
    "tipo_descuento": "Bs",
    "monto_pago": null,
    "tipo_movimiento": "baja",
    "recargo": "0.00",
    "sucursal": 1,
    "codigo_control": null,
    "numero_autorizacion": null,
    "nro_factura": null,
    "nro_baja": 2,
    "nit": 0,
    "excentos": "0.00",
    "nro_nota": null,
    "tipo_compra": "contado",
    "razon_social": "baja"
  },
  "model": "ventas.venta",
  "pk": 145
},
{
  "fields": {
    "empresa": 1,
    "cantidad_dias": 0,
    "fecha_vencimiento": null,
    "tipo_recargo": "Bs",
    "total": null,
    "llave_digital": null,
    "descuento": "0.00",
    "actividad": null,
    "fecha": "2016-04-22",
    "fecha_limite": null,
    "ice": "0.00",
    "tipo_descuento": "Bs",
    "monto_pago": null,
    "tipo_movimiento": "baja",
    "recargo": "0.00",
    "sucursal": 1,
    "codigo_control": null,
    "numero_autorizacion": null,
    "nro_factura": null,
    "nro_baja": 3,
    "nit": 0,
    "excentos": "0.00",
    "nro_nota": null,
    "tipo_compra": "contado",
    "razon_social": "baja"
  },
  "model": "ventas.venta",
  "pk": 146
},
{
  "fields": {
    "empresa": 1,
    "cantidad_dias": 0,
    "fecha_vencimiento": null,
    "tipo_recargo": "Bs",
    "total": null,
    "llave_digital": null,
    "descuento": "0.00",
    "actividad": null,
    "fecha": "2016-04-22",
    "fecha_limite": null,
    "ice": "0.00",
    "tipo_descuento": "Bs",
    "monto_pago": null,
    "tipo_movimiento": "baja",
    "recargo": "0.00",
    "sucursal": 1,
    "codigo_control": null,
    "numero_autorizacion": null,
    "nro_factura": null,
    "nro_baja": 4,
    "nit": 0,
    "excentos": "0.00",
    "nro_nota": null,
    "tipo_compra": "contado",
    "razon_social": "baja"
  },
  "model": "ventas.venta",
  "pk": 147
},
{
  "fields": {
    "empresa": 1,
    "cantidad_dias": 0,
    "fecha_vencimiento": null,
    "tipo_recargo": "Bs",
    "total": null,
    "llave_digital": null,
    "descuento": "0.00",
    "actividad": null,
    "fecha": "2016-04-22",
    "fecha_limite": null,
    "ice": "0.00",
    "tipo_descuento": "Bs",
    "monto_pago": null,
    "tipo_movimiento": "baja",
    "recargo": "0.00",
    "sucursal": 1,
    "codigo_control": null,
    "numero_autorizacion": null,
    "nro_factura": null,
    "nro_baja": 5,
    "nit": 0,
    "excentos": "0.00",
    "nro_nota": null,
    "tipo_compra": "contado",
    "razon_social": "baja"
  },
  "model": "ventas.venta",
  "pk": 148
},
{
  "fields": {
    "empresa": 1,
    "cantidad_dias": 0,
    "fecha_vencimiento": null,
    "tipo_recargo": "Bs",
    "total": null,
    "llave_digital": null,
    "descuento": "0.00",
    "actividad": null,
    "fecha": "2016-04-22",
    "fecha_limite": null,
    "ice": "0.00",
    "tipo_descuento": "Bs",
    "monto_pago": null,
    "tipo_movimiento": "baja",
    "recargo": "0.00",
    "sucursal": 1,
    "codigo_control": null,
    "numero_autorizacion": null,
    "nro_factura": null,
    "nro_baja": 6,
    "nit": 0,
    "excentos": "0.00",
    "nro_nota": null,
    "tipo_compra": "contado",
    "razon_social": "baja"
  },
  "model": "ventas.venta",
  "pk": 149
},
{
  "fields": {
    "empresa": 1,
    "cantidad_dias": 0,
    "fecha_vencimiento": null,
    "tipo_recargo": "Bs",
    "total": "89.00",
    "llave_digital": "drgdgdg5564646",
    "descuento": "0.00",
    "actividad": "ventasssss222",
    "fecha": "2016-04-22",
    "fecha_limite": "2016-04-30",
    "ice": "0.00",
    "tipo_descuento": "Bs",
    "monto_pago": null,
    "tipo_movimiento": "facturar",
    "recargo": "0.00",
    "sucursal": 1,
    "codigo_control": "3D-2F-AC-C1",
    "numero_autorizacion": 232242242424,
    "nro_factura": 103,
    "nro_baja": null,
    "nit": 234324,
    "excentos": "0.00",
    "nro_nota": null,
    "tipo_compra": "contado",
    "razon_social": "rwerwer"
  },
  "model": "ventas.venta",
  "pk": 150
},
{
  "fields": {
    "empresa": 1,
    "cantidad_dias": 0,
    "fecha_vencimiento": null,
    "tipo_recargo": "Bs",
    "total": null,
    "llave_digital": null,
    "descuento": "0.00",
    "actividad": null,
    "fecha": "2016-04-22",
    "fecha_limite": null,
    "ice": "0.00",
    "tipo_descuento": "Bs",
    "monto_pago": null,
    "tipo_movimiento": "baja",
    "recargo": "0.00",
    "sucursal": 1,
    "codigo_control": null,
    "numero_autorizacion": null,
    "nro_factura": null,
    "nro_baja": 7,
    "nit": 0,
    "excentos": "0.00",
    "nro_nota": null,
    "tipo_compra": "contado",
    "razon_social": "baja"
  },
  "model": "ventas.venta",
  "pk": 151
},
{
  "fields": {
    "empresa": 1,
    "cantidad_dias": 0,
    "fecha_vencimiento": null,
    "tipo_recargo": "Bs",
    "total": null,
    "llave_digital": null,
    "descuento": "0.00",
    "actividad": null,
    "fecha": "2016-04-22",
    "fecha_limite": null,
    "ice": "0.00",
    "tipo_descuento": "Bs",
    "monto_pago": null,
    "tipo_movimiento": "baja",
    "recargo": "0.00",
    "sucursal": 1,
    "codigo_control": null,
    "numero_autorizacion": null,
    "nro_factura": null,
    "nro_baja": 8,
    "nit": 0,
    "excentos": "0.00",
    "nro_nota": null,
    "tipo_compra": "contado",
    "razon_social": "baja"
  },
  "model": "ventas.venta",
  "pk": 152
},
{
  "fields": {
    "empresa": 1,
    "cantidad_dias": 0,
    "fecha_vencimiento": null,
    "tipo_recargo": "Bs",
    "total": null,
    "llave_digital": null,
    "descuento": "0.00",
    "actividad": null,
    "fecha": "2016-04-22",
    "fecha_limite": null,
    "ice": "0.00",
    "tipo_descuento": "Bs",
    "monto_pago": null,
    "tipo_movimiento": "baja",
    "recargo": "0.00",
    "sucursal": 1,
    "codigo_control": null,
    "numero_autorizacion": null,
    "nro_factura": null,
    "nro_baja": 9,
    "nit": 0,
    "excentos": "0.00",
    "nro_nota": null,
    "tipo_compra": "contado",
    "razon_social": "baja"
  },
  "model": "ventas.venta",
  "pk": 153
},
{
  "fields": {
    "empresa": 1,
    "cantidad_dias": 0,
    "fecha_vencimiento": null,
    "tipo_recargo": "Bs",
    "total": null,
    "llave_digital": null,
    "descuento": "0.00",
    "actividad": null,
    "fecha": "2016-04-22",
    "fecha_limite": null,
    "ice": "0.00",
    "tipo_descuento": "Bs",
    "monto_pago": null,
    "tipo_movimiento": "baja",
    "recargo": "0.00",
    "sucursal": 1,
    "codigo_control": null,
    "numero_autorizacion": null,
    "nro_factura": null,
    "nro_baja": 10,
    "nit": 0,
    "excentos": "0.00",
    "nro_nota": null,
    "tipo_compra": "contado",
    "razon_social": "baja"
  },
  "model": "ventas.venta",
  "pk": 154
},
{
  "fields": {
    "empresa": 1,
    "cantidad_dias": 0,
    "fecha_vencimiento": null,
    "tipo_recargo": "Bs",
    "total": "89.00",
    "llave_digital": null,
    "descuento": "0.00",
    "actividad": null,
    "fecha": "2016-04-22",
    "fecha_limite": null,
    "ice": "0.00",
    "tipo_descuento": "Bs",
    "monto_pago": null,
    "tipo_movimiento": "baja",
    "recargo": "0.00",
    "sucursal": 1,
    "codigo_control": null,
    "numero_autorizacion": null,
    "nro_factura": null,
    "nro_baja": 11,
    "nit": 0,
    "excentos": "0.00",
    "nro_nota": null,
    "tipo_compra": "contado",
    "razon_social": "baja"
  },
  "model": "ventas.venta",
  "pk": 155
},
{
  "fields": {
    "empresa": 1,
    "cantidad_dias": 0,
    "fecha_vencimiento": null,
    "tipo_recargo": "Bs",
    "total": "89.00",
    "llave_digital": null,
    "descuento": "0.00",
    "actividad": null,
    "fecha": "2016-04-22",
    "fecha_limite": null,
    "ice": "0.00",
    "tipo_descuento": "Bs",
    "monto_pago": null,
    "tipo_movimiento": "baja",
    "recargo": "0.00",
    "sucursal": 1,
    "codigo_control": null,
    "numero_autorizacion": null,
    "nro_factura": null,
    "nro_baja": 12,
    "nit": 0,
    "excentos": "0.00",
    "nro_nota": null,
    "tipo_compra": "contado",
    "razon_social": "baja"
  },
  "model": "ventas.venta",
  "pk": 156
},
{
  "fields": {
    "empresa": 1,
    "cantidad_dias": 0,
    "fecha_vencimiento": null,
    "tipo_recargo": "Bs",
    "total": "178.00",
    "llave_digital": null,
    "descuento": "0.00",
    "actividad": null,
    "fecha": "2016-04-22",
    "fecha_limite": null,
    "ice": "0.00",
    "tipo_descuento": "Bs",
    "monto_pago": null,
    "tipo_movimiento": "baja",
    "recargo": "0.00",
    "sucursal": 1,
    "codigo_control": null,
    "numero_autorizacion": null,
    "nro_factura": null,
    "nro_baja": 13,
    "nit": 0,
    "excentos": "0.00",
    "nro_nota": null,
    "tipo_compra": "contado",
    "razon_social": "baja"
  },
  "model": "ventas.venta",
  "pk": 157
},
{
  "fields": {
    "empresa": 1,
    "cantidad_dias": 0,
    "fecha_vencimiento": null,
    "tipo_recargo": "Bs",
    "total": "89.00",
    "llave_digital": "drgdgdg5564646",
    "descuento": "0.00",
    "actividad": "ventasssss222",
    "fecha": "2016-04-23",
    "fecha_limite": "2016-04-30",
    "ice": "0.00",
    "tipo_descuento": "Bs",
    "monto_pago": null,
    "tipo_movimiento": "facturar",
    "recargo": "0.00",
    "sucursal": 1,
    "codigo_control": "7A-3D-B2-37",
    "numero_autorizacion": 232242242424,
    "nro_factura": 104,
    "nro_baja": null,
    "nit": 234324,
    "excentos": "0.00",
    "nro_nota": null,
    "tipo_compra": "contado",
    "razon_social": "rwerwer"
  },
  "model": "ventas.venta",
  "pk": 158
},
{
  "fields": {
    "empresa": 1,
    "cantidad_dias": 0,
    "fecha_vencimiento": null,
    "tipo_recargo": "Bs",
    "total": "89.00",
    "llave_digital": null,
    "descuento": "0.00",
    "actividad": null,
    "fecha": "2016-04-23",
    "fecha_limite": null,
    "ice": "0.00",
    "tipo_descuento": "Bs",
    "monto_pago": null,
    "tipo_movimiento": "proforma",
    "recargo": "0.00",
    "sucursal": 1,
    "codigo_control": null,
    "numero_autorizacion": null,
    "nro_factura": null,
    "nro_baja": null,
    "nit": 234324,
    "excentos": "0.00",
    "nro_nota": 22,
    "tipo_compra": "contado",
    "razon_social": "rwerwer"
  },
  "model": "ventas.venta",
  "pk": 159
},
{
  "fields": {
    "empresa": 1,
    "cantidad_dias": 0,
    "fecha_vencimiento": null,
    "tipo_recargo": "Bs",
    "total": "89.00",
    "llave_digital": "drgdgdg5564646",
    "descuento": "0.00",
    "actividad": "ventasssss222",
    "fecha": "2016-04-23",
    "fecha_limite": "2016-04-30",
    "ice": "0.00",
    "tipo_descuento": "Bs",
    "monto_pago": null,
    "tipo_movimiento": "facturar",
    "recargo": "0.00",
    "sucursal": 1,
    "codigo_control": "14-A9-B1-F4",
    "numero_autorizacion": 232242242424,
    "nro_factura": 105,
    "nro_baja": null,
    "nit": 234324,
    "excentos": "0.00",
    "nro_nota": null,
    "tipo_compra": "contado",
    "razon_social": "rwerwer"
  },
  "model": "ventas.venta",
  "pk": 160
},
{
  "fields": {
    "empresa": 1,
    "cantidad_dias": 0,
    "fecha_vencimiento": null,
    "tipo_recargo": "Bs",
    "total": "89.00",
    "llave_digital": "drgdgdg5564646",
    "descuento": "0.00",
    "actividad": "ventasssss222",
    "fecha": "2016-04-27",
    "fecha_limite": "2016-04-30",
    "ice": "0.00",
    "tipo_descuento": "Bs",
    "monto_pago": null,
    "tipo_movimiento": "facturar",
    "recargo": "0.00",
    "sucursal": 1,
    "codigo_control": "46-E3-72-9C",
    "numero_autorizacion": 232242242424,
    "nro_factura": 106,
    "nro_baja": null,
    "nit": 34234,
    "excentos": "0.00",
    "nro_nota": null,
    "tipo_compra": "contado",
    "razon_social": "ewrwerwe"
  },
  "model": "ventas.venta",
  "pk": 165
},
{
  "fields": {
    "empresa": 1,
    "cantidad_dias": 0,
    "fecha_vencimiento": null,
    "tipo_recargo": "Bs",
    "total": "89.00",
    "llave_digital": "tyry6657474ryryryryrtyryrxxxzcgrtyryr",
    "descuento": "0.00",
    "actividad": null,
    "fecha": "2016-03-04",
    "fecha_limite": "2016-03-31",
    "ice": "0.00",
    "tipo_descuento": "Bs",
    "monto_pago": null,
    "tipo_movimiento": null,
    "recargo": "0.00",
    "sucursal": null,
    "codigo_control": "79-19-A9-F7",
    "numero_autorizacion": 32424242,
    "nro_factura": 1,
    "nro_baja": null,
    "nit": 214324,
    "excentos": "0.00",
    "nro_nota": null,
    "tipo_compra": "contado",
    "razon_social": "wrwrwr"
  },
  "model": "ventas.venta",
  "pk": 1
},
{
  "fields": {
    "empresa": 1,
    "cantidad_dias": 0,
    "fecha_vencimiento": null,
    "tipo_recargo": "Bs",
    "total": "89.00",
    "llave_digital": "tyry6657474ryryryryrtyryrxxxzcgrtyryr",
    "descuento": "0.00",
    "actividad": null,
    "fecha": "2016-03-04",
    "fecha_limite": "2016-03-31",
    "ice": "0.00",
    "tipo_descuento": "Bs",
    "monto_pago": null,
    "tipo_movimiento": null,
    "recargo": "0.00",
    "sucursal": null,
    "codigo_control": "65-63-80-C2",
    "numero_autorizacion": 32424242,
    "nro_factura": 2,
    "nro_baja": null,
    "nit": 234224,
    "excentos": "0.00",
    "nro_nota": null,
    "tipo_compra": "contado",
    "razon_social": "wrwrw"
  },
  "model": "ventas.venta",
  "pk": 2
},
{
  "fields": {
    "empresa": 1,
    "cantidad_dias": 0,
    "fecha_vencimiento": null,
    "tipo_recargo": "Bs",
    "total": "89.00",
    "llave_digital": null,
    "descuento": "0.00",
    "actividad": null,
    "fecha": "2016-04-14",
    "fecha_limite": null,
    "ice": "0.00",
    "tipo_descuento": "Bs",
    "monto_pago": null,
    "tipo_movimiento": "proforma",
    "recargo": "0.00",
    "sucursal": null,
    "codigo_control": null,
    "numero_autorizacion": null,
    "nro_factura": null,
    "nro_baja": null,
    "nit": 234324,
    "excentos": "0.00",
    "nro_nota": 15,
    "tipo_compra": "contado",
    "razon_social": "rwerwer"
  },
  "model": "ventas.venta",
  "pk": 111
},
{
  "fields": {
    "excentos": "0.00",
    "recargo": "0.00",
    "cantidad": 1,
    "descuento": "0.00",
    "venta": 19,
    "ice": "0.00",
    "tipo_descuento": "Bs",
    "scf": "89.00",
    "item": 6730,
    "precio_unitario": "89.00",
    "tipo_recargo": "Bs",
    "subtotal": "89.00"
  },
  "model": "ventas.detalleventa",
  "pk": 18
},
{
  "fields": {
    "excentos": "0.00",
    "recargo": "0.00",
    "cantidad": 1,
    "descuento": "0.00",
    "venta": 10,
    "ice": "0.00",
    "tipo_descuento": "Bs",
    "scf": "89.00",
    "item": 6730,
    "precio_unitario": "89.00",
    "tipo_recargo": "Bs",
    "subtotal": "89.00"
  },
  "model": "ventas.detalleventa",
  "pk": 9
},
{
  "fields": {
    "excentos": "0.00",
    "recargo": "0.00",
    "cantidad": 1,
    "descuento": "0.00",
    "venta": 11,
    "ice": "0.00",
    "tipo_descuento": "Bs",
    "scf": "89.00",
    "item": 6730,
    "precio_unitario": "89.00",
    "tipo_recargo": "Bs",
    "subtotal": "89.00"
  },
  "model": "ventas.detalleventa",
  "pk": 10
},
{
  "fields": {
    "excentos": "0.00",
    "recargo": "0.00",
    "cantidad": 1,
    "descuento": "0.00",
    "venta": 12,
    "ice": "0.00",
    "tipo_descuento": "Bs",
    "scf": "89.00",
    "item": 6729,
    "precio_unitario": "89.00",
    "tipo_recargo": "Bs",
    "subtotal": "89.00"
  },
  "model": "ventas.detalleventa",
  "pk": 11
},
{
  "fields": {
    "excentos": "0.00",
    "recargo": "0.00",
    "cantidad": 1,
    "descuento": "0.00",
    "venta": 13,
    "ice": "0.00",
    "tipo_descuento": "Bs",
    "scf": "89.00",
    "item": 6730,
    "precio_unitario": "89.00",
    "tipo_recargo": "Bs",
    "subtotal": "89.00"
  },
  "model": "ventas.detalleventa",
  "pk": 12
},
{
  "fields": {
    "excentos": "0.00",
    "recargo": "0.00",
    "cantidad": 1,
    "descuento": "0.00",
    "venta": 14,
    "ice": "0.00",
    "tipo_descuento": "Bs",
    "scf": "89.00",
    "item": 6729,
    "precio_unitario": "89.00",
    "tipo_recargo": "Bs",
    "subtotal": "89.00"
  },
  "model": "ventas.detalleventa",
  "pk": 13
},
{
  "fields": {
    "excentos": "0.00",
    "recargo": "0.00",
    "cantidad": 1,
    "descuento": "0.00",
    "venta": 15,
    "ice": "0.00",
    "tipo_descuento": "Bs",
    "scf": "89.00",
    "item": 6730,
    "precio_unitario": "89.00",
    "tipo_recargo": "Bs",
    "subtotal": "89.00"
  },
  "model": "ventas.detalleventa",
  "pk": 14
},
{
  "fields": {
    "excentos": "0.00",
    "recargo": "0.00",
    "cantidad": 1,
    "descuento": "0.00",
    "venta": 16,
    "ice": "0.00",
    "tipo_descuento": "Bs",
    "scf": "89.00",
    "item": 6730,
    "precio_unitario": "89.00",
    "tipo_recargo": "Bs",
    "subtotal": "89.00"
  },
  "model": "ventas.detalleventa",
  "pk": 15
},
{
  "fields": {
    "excentos": "0.00",
    "recargo": "0.00",
    "cantidad": 1,
    "descuento": "0.00",
    "venta": 17,
    "ice": "0.00",
    "tipo_descuento": "Bs",
    "scf": "89.00",
    "item": 6729,
    "precio_unitario": "89.00",
    "tipo_recargo": "Bs",
    "subtotal": "89.00"
  },
  "model": "ventas.detalleventa",
  "pk": 16
},
{
  "fields": {
    "excentos": "0.00",
    "recargo": "0.00",
    "cantidad": 1,
    "descuento": "0.00",
    "venta": 18,
    "ice": "0.00",
    "tipo_descuento": "Bs",
    "scf": "89.00",
    "item": 6729,
    "precio_unitario": "89.00",
    "tipo_recargo": "Bs",
    "subtotal": "89.00"
  },
  "model": "ventas.detalleventa",
  "pk": 17
},
{
  "fields": {
    "excentos": "0.00",
    "recargo": "0.00",
    "cantidad": 1,
    "descuento": "0.00",
    "venta": 20,
    "ice": "0.00",
    "tipo_descuento": "Bs",
    "scf": "89.00",
    "item": 6729,
    "precio_unitario": "89.00",
    "tipo_recargo": "Bs",
    "subtotal": "89.00"
  },
  "model": "ventas.detalleventa",
  "pk": 19
},
{
  "fields": {
    "excentos": "0.00",
    "recargo": "0.00",
    "cantidad": 1,
    "descuento": "0.00",
    "venta": 76,
    "ice": "0.00",
    "tipo_descuento": "Bs",
    "scf": "89.00",
    "item": 6730,
    "precio_unitario": "89.00",
    "tipo_recargo": "Bs",
    "subtotal": "89.00"
  },
  "model": "ventas.detalleventa",
  "pk": 77
},
{
  "fields": {
    "excentos": "0.00",
    "recargo": "0.00",
    "cantidad": 1,
    "descuento": "0.00",
    "venta": 66,
    "ice": "0.00",
    "tipo_descuento": "Bs",
    "scf": "89.00",
    "item": 6730,
    "precio_unitario": "89.00",
    "tipo_recargo": "Bs",
    "subtotal": "89.00"
  },
  "model": "ventas.detalleventa",
  "pk": 67
},
{
  "fields": {
    "excentos": "0.00",
    "recargo": "0.00",
    "cantidad": 1,
    "descuento": "0.00",
    "venta": 67,
    "ice": "0.00",
    "tipo_descuento": "Bs",
    "scf": "89.00",
    "item": 6730,
    "precio_unitario": "89.00",
    "tipo_recargo": "Bs",
    "subtotal": "89.00"
  },
  "model": "ventas.detalleventa",
  "pk": 68
},
{
  "fields": {
    "excentos": "0.00",
    "recargo": "0.00",
    "cantidad": 1,
    "descuento": "0.00",
    "venta": 68,
    "ice": "0.00",
    "tipo_descuento": "Bs",
    "scf": "89.00",
    "item": 6730,
    "precio_unitario": "89.00",
    "tipo_recargo": "Bs",
    "subtotal": "89.00"
  },
  "model": "ventas.detalleventa",
  "pk": 69
},
{
  "fields": {
    "excentos": "0.00",
    "recargo": "0.00",
    "cantidad": 1,
    "descuento": "0.00",
    "venta": 69,
    "ice": "0.00",
    "tipo_descuento": "Bs",
    "scf": "89.00",
    "item": 6730,
    "precio_unitario": "89.00",
    "tipo_recargo": "Bs",
    "subtotal": "89.00"
  },
  "model": "ventas.detalleventa",
  "pk": 70
},
{
  "fields": {
    "excentos": "0.00",
    "recargo": "0.00",
    "cantidad": 1,
    "descuento": "0.00",
    "venta": 70,
    "ice": "0.00",
    "tipo_descuento": "Bs",
    "scf": "89.00",
    "item": 6730,
    "precio_unitario": "89.00",
    "tipo_recargo": "Bs",
    "subtotal": "89.00"
  },
  "model": "ventas.detalleventa",
  "pk": 71
},
{
  "fields": {
    "excentos": "0.00",
    "recargo": "0.00",
    "cantidad": 1,
    "descuento": "0.00",
    "venta": 71,
    "ice": "0.00",
    "tipo_descuento": "Bs",
    "scf": "89.00",
    "item": 6730,
    "precio_unitario": "89.00",
    "tipo_recargo": "Bs",
    "subtotal": "89.00"
  },
  "model": "ventas.detalleventa",
  "pk": 72
},
{
  "fields": {
    "excentos": "0.00",
    "recargo": "0.00",
    "cantidad": 1,
    "descuento": "0.00",
    "venta": 72,
    "ice": "0.00",
    "tipo_descuento": "Bs",
    "scf": "89.00",
    "item": 6730,
    "precio_unitario": "89.00",
    "tipo_recargo": "Bs",
    "subtotal": "89.00"
  },
  "model": "ventas.detalleventa",
  "pk": 73
},
{
  "fields": {
    "excentos": "0.00",
    "recargo": "0.00",
    "cantidad": 1,
    "descuento": "0.00",
    "venta": 73,
    "ice": "0.00",
    "tipo_descuento": "Bs",
    "scf": "89.00",
    "item": 6730,
    "precio_unitario": "89.00",
    "tipo_recargo": "Bs",
    "subtotal": "89.00"
  },
  "model": "ventas.detalleventa",
  "pk": 74
},
{
  "fields": {
    "excentos": "0.00",
    "recargo": "0.00",
    "cantidad": 1,
    "descuento": "0.00",
    "venta": 74,
    "ice": "0.00",
    "tipo_descuento": "Bs",
    "scf": "89.00",
    "item": 6730,
    "precio_unitario": "89.00",
    "tipo_recargo": "Bs",
    "subtotal": "89.00"
  },
  "model": "ventas.detalleventa",
  "pk": 75
},
{
  "fields": {
    "excentos": "0.00",
    "recargo": "0.00",
    "cantidad": 1,
    "descuento": "0.00",
    "venta": 75,
    "ice": "0.00",
    "tipo_descuento": "Bs",
    "scf": "89.00",
    "item": 6730,
    "precio_unitario": "89.00",
    "tipo_recargo": "Bs",
    "subtotal": "89.00"
  },
  "model": "ventas.detalleventa",
  "pk": 76
},
{
  "fields": {
    "excentos": "0.00",
    "recargo": "0.00",
    "cantidad": 1,
    "descuento": "0.00",
    "venta": 77,
    "ice": "0.00",
    "tipo_descuento": "Bs",
    "scf": "89.00",
    "item": 6730,
    "precio_unitario": "89.00",
    "tipo_recargo": "Bs",
    "subtotal": "89.00"
  },
  "model": "ventas.detalleventa",
  "pk": 78
},
{
  "fields": {
    "excentos": "0.00",
    "recargo": "0.00",
    "cantidad": 1,
    "descuento": "0.00",
    "venta": 115,
    "ice": "0.00",
    "tipo_descuento": "Bs",
    "scf": "89.00",
    "item": 6730,
    "precio_unitario": "89.00",
    "tipo_recargo": "Bs",
    "subtotal": "89.00"
  },
  "model": "ventas.detalleventa",
  "pk": 116
},
{
  "fields": {
    "excentos": "0.00",
    "recargo": "0.00",
    "cantidad": 1,
    "descuento": "0.00",
    "venta": 21,
    "ice": "0.00",
    "tipo_descuento": "Bs",
    "scf": "89.00",
    "item": 6730,
    "precio_unitario": "89.00",
    "tipo_recargo": "Bs",
    "subtotal": "89.00"
  },
  "model": "ventas.detalleventa",
  "pk": 20
},
{
  "fields": {
    "excentos": "0.00",
    "recargo": "0.00",
    "cantidad": 1,
    "descuento": "0.00",
    "venta": 22,
    "ice": "0.00",
    "tipo_descuento": "Bs",
    "scf": "89.00",
    "item": 6730,
    "precio_unitario": "89.00",
    "tipo_recargo": "Bs",
    "subtotal": "89.00"
  },
  "model": "ventas.detalleventa",
  "pk": 21
},
{
  "fields": {
    "excentos": "0.00",
    "recargo": "0.00",
    "cantidad": 1,
    "descuento": "0.00",
    "venta": 23,
    "ice": "0.00",
    "tipo_descuento": "Bs",
    "scf": "89.00",
    "item": 6730,
    "precio_unitario": "89.00",
    "tipo_recargo": "Bs",
    "subtotal": "89.00"
  },
  "model": "ventas.detalleventa",
  "pk": 22
},
{
  "fields": {
    "excentos": "0.00",
    "recargo": "0.00",
    "cantidad": 1,
    "descuento": "0.00",
    "venta": 24,
    "ice": "0.00",
    "tipo_descuento": "Bs",
    "scf": "89.00",
    "item": 6729,
    "precio_unitario": "89.00",
    "tipo_recargo": "Bs",
    "subtotal": "89.00"
  },
  "model": "ventas.detalleventa",
  "pk": 23
},
{
  "fields": {
    "excentos": "0.00",
    "recargo": "0.00",
    "cantidad": 1,
    "descuento": "0.00",
    "venta": 25,
    "ice": "0.00",
    "tipo_descuento": "Bs",
    "scf": "89.00",
    "item": 6730,
    "precio_unitario": "89.00",
    "tipo_recargo": "Bs",
    "subtotal": "89.00"
  },
  "model": "ventas.detalleventa",
  "pk": 24
},
{
  "fields": {
    "excentos": "0.00",
    "recargo": "0.00",
    "cantidad": 1,
    "descuento": "0.00",
    "venta": 26,
    "ice": "0.00",
    "tipo_descuento": "Bs",
    "scf": "89.00",
    "item": 6729,
    "precio_unitario": "89.00",
    "tipo_recargo": "Bs",
    "subtotal": "89.00"
  },
  "model": "ventas.detalleventa",
  "pk": 25
},
{
  "fields": {
    "excentos": "0.00",
    "recargo": "0.00",
    "cantidad": 1,
    "descuento": "0.00",
    "venta": 26,
    "ice": "0.00",
    "tipo_descuento": "Bs",
    "scf": "89.00",
    "item": 6730,
    "precio_unitario": "89.00",
    "tipo_recargo": "Bs",
    "subtotal": "89.00"
  },
  "model": "ventas.detalleventa",
  "pk": 26
},
{
  "fields": {
    "excentos": "0.00",
    "recargo": "0.00",
    "cantidad": 1,
    "descuento": "0.00",
    "venta": 27,
    "ice": "0.00",
    "tipo_descuento": "Bs",
    "scf": "89.00",
    "item": 6729,
    "precio_unitario": "89.00",
    "tipo_recargo": "Bs",
    "subtotal": "89.00"
  },
  "model": "ventas.detalleventa",
  "pk": 27
},
{
  "fields": {
    "excentos": "0.00",
    "recargo": "0.00",
    "cantidad": 1,
    "descuento": "0.00",
    "venta": 27,
    "ice": "0.00",
    "tipo_descuento": "Bs",
    "scf": "89.00",
    "item": 6730,
    "precio_unitario": "89.00",
    "tipo_recargo": "Bs",
    "subtotal": "89.00"
  },
  "model": "ventas.detalleventa",
  "pk": 28
},
{
  "fields": {
    "excentos": "0.00",
    "recargo": "0.00",
    "cantidad": 1,
    "descuento": "10.00",
    "venta": 28,
    "ice": "0.00",
    "tipo_descuento": "Bs",
    "scf": "79.00",
    "item": 6729,
    "precio_unitario": "89.00",
    "tipo_recargo": "Bs",
    "subtotal": "89.00"
  },
  "model": "ventas.detalleventa",
  "pk": 29
},
{
  "fields": {
    "excentos": "0.00",
    "recargo": "10.00",
    "cantidad": 1,
    "descuento": "0.00",
    "venta": 28,
    "ice": "0.00",
    "tipo_descuento": "Bs",
    "scf": "99.00",
    "item": 6730,
    "precio_unitario": "89.00",
    "tipo_recargo": "Bs",
    "subtotal": "89.00"
  },
  "model": "ventas.detalleventa",
  "pk": 30
},
{
  "fields": {
    "excentos": "0.00",
    "recargo": "0.00",
    "cantidad": 1,
    "descuento": "0.00",
    "venta": 29,
    "ice": "0.00",
    "tipo_descuento": "Bs",
    "scf": "89.00",
    "item": 6729,
    "precio_unitario": "89.00",
    "tipo_recargo": "Bs",
    "subtotal": "89.00"
  },
  "model": "ventas.detalleventa",
  "pk": 31
},
{
  "fields": {
    "excentos": "0.00",
    "recargo": "0.00",
    "cantidad": 1,
    "descuento": "9.00",
    "venta": 30,
    "ice": "0.00",
    "tipo_descuento": "%",
    "scf": "80.99",
    "item": 6730,
    "precio_unitario": "89.00",
    "tipo_recargo": "Bs",
    "subtotal": "89.00"
  },
  "model": "ventas.detalleventa",
  "pk": 32
},
{
  "fields": {
    "excentos": "0.00",
    "recargo": "0.00",
    "cantidad": 1,
    "descuento": "0.00",
    "venta": 31,
    "ice": "0.00",
    "tipo_descuento": "Bs",
    "scf": "89.00",
    "item": 6729,
    "precio_unitario": "89.00",
    "tipo_recargo": "Bs",
    "subtotal": "89.00"
  },
  "model": "ventas.detalleventa",
  "pk": 33
},
{
  "fields": {
    "excentos": "0.00",
    "recargo": "0.00",
    "cantidad": 1,
    "descuento": "0.00",
    "venta": 32,
    "ice": "0.00",
    "tipo_descuento": "Bs",
    "scf": "89.00",
    "item": 6730,
    "precio_unitario": "89.00",
    "tipo_recargo": "Bs",
    "subtotal": "89.00"
  },
  "model": "ventas.detalleventa",
  "pk": 34
},
{
  "fields": {
    "excentos": "0.00",
    "recargo": "0.00",
    "cantidad": 1,
    "descuento": "0.00",
    "venta": 33,
    "ice": "0.00",
    "tipo_descuento": "Bs",
    "scf": "89.00",
    "item": 6730,
    "precio_unitario": "89.00",
    "tipo_recargo": "Bs",
    "subtotal": "89.00"
  },
  "model": "ventas.detalleventa",
  "pk": 35
},
{
  "fields": {
    "excentos": "0.00",
    "recargo": "0.00",
    "cantidad": 1,
    "descuento": "0.00",
    "venta": 34,
    "ice": "0.00",
    "tipo_descuento": "Bs",
    "scf": "89.00",
    "item": 6730,
    "precio_unitario": "89.00",
    "tipo_recargo": "Bs",
    "subtotal": "89.00"
  },
  "model": "ventas.detalleventa",
  "pk": 36
},
{
  "fields": {
    "excentos": "0.00",
    "recargo": "0.00",
    "cantidad": 1,
    "descuento": "0.00",
    "venta": 9,
    "ice": "0.00",
    "tipo_descuento": "Bs",
    "scf": "89.00",
    "item": 6729,
    "precio_unitario": "89.00",
    "tipo_recargo": "Bs",
    "subtotal": "89.00"
  },
  "model": "ventas.detalleventa",
  "pk": 8
},
{
  "fields": {
    "excentos": "0.00",
    "recargo": "0.00",
    "cantidad": 1,
    "descuento": "0.00",
    "venta": 35,
    "ice": "0.00",
    "tipo_descuento": "Bs",
    "scf": "89.00",
    "item": 6729,
    "precio_unitario": "89.00",
    "tipo_recargo": "Bs",
    "subtotal": "89.00"
  },
  "model": "ventas.detalleventa",
  "pk": 37
},
{
  "fields": {
    "excentos": "0.00",
    "recargo": "0.00",
    "cantidad": 1,
    "descuento": "0.00",
    "venta": 36,
    "ice": "0.00",
    "tipo_descuento": "Bs",
    "scf": "89.00",
    "item": 6730,
    "precio_unitario": "89.00",
    "tipo_recargo": "Bs",
    "subtotal": "89.00"
  },
  "model": "ventas.detalleventa",
  "pk": 38
},
{
  "fields": {
    "excentos": "0.00",
    "recargo": "0.00",
    "cantidad": 1,
    "descuento": "0.00",
    "venta": 38,
    "ice": "0.00",
    "tipo_descuento": "Bs",
    "scf": "89.00",
    "item": 6730,
    "precio_unitario": "89.00",
    "tipo_recargo": "Bs",
    "subtotal": "89.00"
  },
  "model": "ventas.detalleventa",
  "pk": 39
},
{
  "fields": {
    "excentos": "0.00",
    "recargo": "0.00",
    "cantidad": 1,
    "descuento": "0.00",
    "venta": 39,
    "ice": "0.00",
    "tipo_descuento": "Bs",
    "scf": "89.00",
    "item": 6730,
    "precio_unitario": "89.00",
    "tipo_recargo": "Bs",
    "subtotal": "89.00"
  },
  "model": "ventas.detalleventa",
  "pk": 40
},
{
  "fields": {
    "excentos": "0.00",
    "recargo": "0.00",
    "cantidad": 1,
    "descuento": "0.00",
    "venta": 40,
    "ice": "0.00",
    "tipo_descuento": "Bs",
    "scf": "89.00",
    "item": 6730,
    "precio_unitario": "89.00",
    "tipo_recargo": "Bs",
    "subtotal": "89.00"
  },
  "model": "ventas.detalleventa",
  "pk": 41
},
{
  "fields": {
    "excentos": "0.00",
    "recargo": "0.00",
    "cantidad": 1,
    "descuento": "0.00",
    "venta": 41,
    "ice": "0.00",
    "tipo_descuento": "Bs",
    "scf": "89.00",
    "item": 6730,
    "precio_unitario": "89.00",
    "tipo_recargo": "Bs",
    "subtotal": "89.00"
  },
  "model": "ventas.detalleventa",
  "pk": 42
},
{
  "fields": {
    "excentos": "0.00",
    "recargo": "0.00",
    "cantidad": 1,
    "descuento": "0.00",
    "venta": 42,
    "ice": "0.00",
    "tipo_descuento": "Bs",
    "scf": "89.00",
    "item": 6730,
    "precio_unitario": "89.00",
    "tipo_recargo": "Bs",
    "subtotal": "89.00"
  },
  "model": "ventas.detalleventa",
  "pk": 43
},
{
  "fields": {
    "excentos": "0.00",
    "recargo": "0.00",
    "cantidad": 1,
    "descuento": "0.00",
    "venta": 43,
    "ice": "0.00",
    "tipo_descuento": "Bs",
    "scf": "89.00",
    "item": 6730,
    "precio_unitario": "89.00",
    "tipo_recargo": "Bs",
    "subtotal": "89.00"
  },
  "model": "ventas.detalleventa",
  "pk": 44
},
{
  "fields": {
    "excentos": "0.00",
    "recargo": "0.00",
    "cantidad": 1,
    "descuento": "0.00",
    "venta": 44,
    "ice": "0.00",
    "tipo_descuento": "Bs",
    "scf": "89.00",
    "item": 6730,
    "precio_unitario": "89.00",
    "tipo_recargo": "Bs",
    "subtotal": "89.00"
  },
  "model": "ventas.detalleventa",
  "pk": 45
},
{
  "fields": {
    "excentos": "0.00",
    "recargo": "0.00",
    "cantidad": 1,
    "descuento": "0.00",
    "venta": 45,
    "ice": "0.00",
    "tipo_descuento": "Bs",
    "scf": "89.00",
    "item": 6730,
    "precio_unitario": "89.00",
    "tipo_recargo": "Bs",
    "subtotal": "89.00"
  },
  "model": "ventas.detalleventa",
  "pk": 46
},
{
  "fields": {
    "excentos": "0.00",
    "recargo": "0.00",
    "cantidad": 1,
    "descuento": "0.00",
    "venta": 46,
    "ice": "0.00",
    "tipo_descuento": "Bs",
    "scf": "89.00",
    "item": 6730,
    "precio_unitario": "89.00",
    "tipo_recargo": "Bs",
    "subtotal": "89.00"
  },
  "model": "ventas.detalleventa",
  "pk": 47
},
{
  "fields": {
    "excentos": "0.00",
    "recargo": "0.00",
    "cantidad": 1,
    "descuento": "0.00",
    "venta": 47,
    "ice": "0.00",
    "tipo_descuento": "Bs",
    "scf": "89.00",
    "item": 6730,
    "precio_unitario": "89.00",
    "tipo_recargo": "Bs",
    "subtotal": "89.00"
  },
  "model": "ventas.detalleventa",
  "pk": 48
},
{
  "fields": {
    "excentos": "0.00",
    "recargo": "0.00",
    "cantidad": 1,
    "descuento": "0.00",
    "venta": 48,
    "ice": "0.00",
    "tipo_descuento": "Bs",
    "scf": "89.00",
    "item": 6730,
    "precio_unitario": "89.00",
    "tipo_recargo": "Bs",
    "subtotal": "89.00"
  },
  "model": "ventas.detalleventa",
  "pk": 49
},
{
  "fields": {
    "excentos": "0.00",
    "recargo": "0.00",
    "cantidad": 1,
    "descuento": "0.00",
    "venta": 49,
    "ice": "0.00",
    "tipo_descuento": "Bs",
    "scf": "89.00",
    "item": 6730,
    "precio_unitario": "89.00",
    "tipo_recargo": "Bs",
    "subtotal": "89.00"
  },
  "model": "ventas.detalleventa",
  "pk": 50
},
{
  "fields": {
    "excentos": "0.00",
    "recargo": "0.00",
    "cantidad": 1,
    "descuento": "0.00",
    "venta": 50,
    "ice": "0.00",
    "tipo_descuento": "Bs",
    "scf": "89.00",
    "item": 6730,
    "precio_unitario": "89.00",
    "tipo_recargo": "Bs",
    "subtotal": "89.00"
  },
  "model": "ventas.detalleventa",
  "pk": 51
},
{
  "fields": {
    "excentos": "0.00",
    "recargo": "0.00",
    "cantidad": 1,
    "descuento": "0.00",
    "venta": 51,
    "ice": "0.00",
    "tipo_descuento": "Bs",
    "scf": "89.00",
    "item": 6730,
    "precio_unitario": "89.00",
    "tipo_recargo": "Bs",
    "subtotal": "89.00"
  },
  "model": "ventas.detalleventa",
  "pk": 52
},
{
  "fields": {
    "excentos": "0.00",
    "recargo": "0.00",
    "cantidad": 1,
    "descuento": "0.00",
    "venta": 52,
    "ice": "0.00",
    "tipo_descuento": "Bs",
    "scf": "89.00",
    "item": 6730,
    "precio_unitario": "89.00",
    "tipo_recargo": "Bs",
    "subtotal": "89.00"
  },
  "model": "ventas.detalleventa",
  "pk": 53
},
{
  "fields": {
    "excentos": "0.00",
    "recargo": "0.00",
    "cantidad": 1,
    "descuento": "0.00",
    "venta": 53,
    "ice": "0.00",
    "tipo_descuento": "Bs",
    "scf": "89.00",
    "item": 6730,
    "precio_unitario": "89.00",
    "tipo_recargo": "Bs",
    "subtotal": "89.00"
  },
  "model": "ventas.detalleventa",
  "pk": 54
},
{
  "fields": {
    "excentos": "0.00",
    "recargo": "0.00",
    "cantidad": 1,
    "descuento": "0.00",
    "venta": 54,
    "ice": "0.00",
    "tipo_descuento": "Bs",
    "scf": "89.00",
    "item": 6730,
    "precio_unitario": "89.00",
    "tipo_recargo": "Bs",
    "subtotal": "89.00"
  },
  "model": "ventas.detalleventa",
  "pk": 55
},
{
  "fields": {
    "excentos": "0.00",
    "recargo": "0.00",
    "cantidad": 1,
    "descuento": "0.00",
    "venta": 55,
    "ice": "0.00",
    "tipo_descuento": "Bs",
    "scf": "89.00",
    "item": 6730,
    "precio_unitario": "89.00",
    "tipo_recargo": "Bs",
    "subtotal": "89.00"
  },
  "model": "ventas.detalleventa",
  "pk": 56
},
{
  "fields": {
    "excentos": "0.00",
    "recargo": "0.00",
    "cantidad": 1,
    "descuento": "0.00",
    "venta": 56,
    "ice": "0.00",
    "tipo_descuento": "Bs",
    "scf": "89.00",
    "item": 6730,
    "precio_unitario": "89.00",
    "tipo_recargo": "Bs",
    "subtotal": "89.00"
  },
  "model": "ventas.detalleventa",
  "pk": 57
},
{
  "fields": {
    "excentos": "0.00",
    "recargo": "0.00",
    "cantidad": 1,
    "descuento": "0.00",
    "venta": 57,
    "ice": "0.00",
    "tipo_descuento": "Bs",
    "scf": "89.00",
    "item": 6730,
    "precio_unitario": "89.00",
    "tipo_recargo": "Bs",
    "subtotal": "89.00"
  },
  "model": "ventas.detalleventa",
  "pk": 58
},
{
  "fields": {
    "excentos": "0.00",
    "recargo": "0.00",
    "cantidad": 1,
    "descuento": "0.00",
    "venta": 58,
    "ice": "0.00",
    "tipo_descuento": "Bs",
    "scf": "89.00",
    "item": 6730,
    "precio_unitario": "89.00",
    "tipo_recargo": "Bs",
    "subtotal": "89.00"
  },
  "model": "ventas.detalleventa",
  "pk": 59
},
{
  "fields": {
    "excentos": "0.00",
    "recargo": "0.00",
    "cantidad": 1,
    "descuento": "0.00",
    "venta": 59,
    "ice": "0.00",
    "tipo_descuento": "Bs",
    "scf": "89.00",
    "item": 6730,
    "precio_unitario": "89.00",
    "tipo_recargo": "Bs",
    "subtotal": "89.00"
  },
  "model": "ventas.detalleventa",
  "pk": 60
},
{
  "fields": {
    "excentos": "0.00",
    "recargo": "0.00",
    "cantidad": 1,
    "descuento": "0.00",
    "venta": 60,
    "ice": "0.00",
    "tipo_descuento": "Bs",
    "scf": "89.00",
    "item": 6730,
    "precio_unitario": "89.00",
    "tipo_recargo": "Bs",
    "subtotal": "89.00"
  },
  "model": "ventas.detalleventa",
  "pk": 61
},
{
  "fields": {
    "excentos": "0.00",
    "recargo": "0.00",
    "cantidad": 1,
    "descuento": "0.00",
    "venta": 61,
    "ice": "0.00",
    "tipo_descuento": "Bs",
    "scf": "89.00",
    "item": 6730,
    "precio_unitario": "89.00",
    "tipo_recargo": "Bs",
    "subtotal": "89.00"
  },
  "model": "ventas.detalleventa",
  "pk": 62
},
{
  "fields": {
    "excentos": "0.00",
    "recargo": "0.00",
    "cantidad": 1,
    "descuento": "0.00",
    "venta": 62,
    "ice": "0.00",
    "tipo_descuento": "Bs",
    "scf": "89.00",
    "item": 6730,
    "precio_unitario": "89.00",
    "tipo_recargo": "Bs",
    "subtotal": "89.00"
  },
  "model": "ventas.detalleventa",
  "pk": 63
},
{
  "fields": {
    "excentos": "0.00",
    "recargo": "0.00",
    "cantidad": 1,
    "descuento": "0.00",
    "venta": 63,
    "ice": "0.00",
    "tipo_descuento": "Bs",
    "scf": "89.00",
    "item": 6730,
    "precio_unitario": "89.00",
    "tipo_recargo": "Bs",
    "subtotal": "89.00"
  },
  "model": "ventas.detalleventa",
  "pk": 64
},
{
  "fields": {
    "excentos": "0.00",
    "recargo": "0.00",
    "cantidad": 1,
    "descuento": "0.00",
    "venta": 64,
    "ice": "0.00",
    "tipo_descuento": "Bs",
    "scf": "89.00",
    "item": 6730,
    "precio_unitario": "89.00",
    "tipo_recargo": "Bs",
    "subtotal": "89.00"
  },
  "model": "ventas.detalleventa",
  "pk": 65
},
{
  "fields": {
    "excentos": "0.00",
    "recargo": "0.00",
    "cantidad": 1,
    "descuento": "0.00",
    "venta": 65,
    "ice": "0.00",
    "tipo_descuento": "Bs",
    "scf": "89.00",
    "item": 6730,
    "precio_unitario": "89.00",
    "tipo_recargo": "Bs",
    "subtotal": "89.00"
  },
  "model": "ventas.detalleventa",
  "pk": 66
},
{
  "fields": {
    "excentos": "0.00",
    "recargo": "0.00",
    "cantidad": 1,
    "descuento": "0.00",
    "venta": 78,
    "ice": "0.00",
    "tipo_descuento": "Bs",
    "scf": "89.00",
    "item": 6730,
    "precio_unitario": "89.00",
    "tipo_recargo": "Bs",
    "subtotal": "89.00"
  },
  "model": "ventas.detalleventa",
  "pk": 79
},
{
  "fields": {
    "excentos": "0.00",
    "recargo": "0.00",
    "cantidad": 1,
    "descuento": "0.00",
    "venta": 79,
    "ice": "0.00",
    "tipo_descuento": "Bs",
    "scf": "89.00",
    "item": 6730,
    "precio_unitario": "89.00",
    "tipo_recargo": "Bs",
    "subtotal": "89.00"
  },
  "model": "ventas.detalleventa",
  "pk": 80
},
{
  "fields": {
    "excentos": "0.00",
    "recargo": "0.00",
    "cantidad": 1,
    "descuento": "0.00",
    "venta": 80,
    "ice": "0.00",
    "tipo_descuento": "Bs",
    "scf": "89.00",
    "item": 6730,
    "precio_unitario": "89.00",
    "tipo_recargo": "Bs",
    "subtotal": "89.00"
  },
  "model": "ventas.detalleventa",
  "pk": 81
},
{
  "fields": {
    "excentos": "0.00",
    "recargo": "0.00",
    "cantidad": 1,
    "descuento": "0.00",
    "venta": 81,
    "ice": "0.00",
    "tipo_descuento": "Bs",
    "scf": "89.00",
    "item": 6730,
    "precio_unitario": "89.00",
    "tipo_recargo": "Bs",
    "subtotal": "89.00"
  },
  "model": "ventas.detalleventa",
  "pk": 82
},
{
  "fields": {
    "excentos": "0.00",
    "recargo": "0.00",
    "cantidad": 1,
    "descuento": "0.00",
    "venta": 82,
    "ice": "0.00",
    "tipo_descuento": "Bs",
    "scf": "89.00",
    "item": 6730,
    "precio_unitario": "89.00",
    "tipo_recargo": "Bs",
    "subtotal": "89.00"
  },
  "model": "ventas.detalleventa",
  "pk": 83
},
{
  "fields": {
    "excentos": "0.00",
    "recargo": "0.00",
    "cantidad": 1,
    "descuento": "0.00",
    "venta": 83,
    "ice": "0.00",
    "tipo_descuento": "Bs",
    "scf": "89.00",
    "item": 6730,
    "precio_unitario": "89.00",
    "tipo_recargo": "Bs",
    "subtotal": "89.00"
  },
  "model": "ventas.detalleventa",
  "pk": 84
},
{
  "fields": {
    "excentos": "0.00",
    "recargo": "0.00",
    "cantidad": 1,
    "descuento": "0.00",
    "venta": 84,
    "ice": "0.00",
    "tipo_descuento": "Bs",
    "scf": "89.00",
    "item": 6730,
    "precio_unitario": "89.00",
    "tipo_recargo": "Bs",
    "subtotal": "89.00"
  },
  "model": "ventas.detalleventa",
  "pk": 85
},
{
  "fields": {
    "excentos": "0.00",
    "recargo": "0.00",
    "cantidad": 1,
    "descuento": "0.00",
    "venta": 85,
    "ice": "0.00",
    "tipo_descuento": "Bs",
    "scf": "89.00",
    "item": 6730,
    "precio_unitario": "89.00",
    "tipo_recargo": "Bs",
    "subtotal": "89.00"
  },
  "model": "ventas.detalleventa",
  "pk": 86
},
{
  "fields": {
    "excentos": "0.00",
    "recargo": "0.00",
    "cantidad": 1,
    "descuento": "0.00",
    "venta": 86,
    "ice": "0.00",
    "tipo_descuento": "Bs",
    "scf": "89.00",
    "item": 6730,
    "precio_unitario": "89.00",
    "tipo_recargo": "Bs",
    "subtotal": "89.00"
  },
  "model": "ventas.detalleventa",
  "pk": 87
},
{
  "fields": {
    "excentos": "0.00",
    "recargo": "0.00",
    "cantidad": 1,
    "descuento": "0.00",
    "venta": 87,
    "ice": "0.00",
    "tipo_descuento": "Bs",
    "scf": "89.00",
    "item": 6730,
    "precio_unitario": "89.00",
    "tipo_recargo": "Bs",
    "subtotal": "89.00"
  },
  "model": "ventas.detalleventa",
  "pk": 88
},
{
  "fields": {
    "excentos": "0.00",
    "recargo": "0.00",
    "cantidad": 1,
    "descuento": "0.00",
    "venta": 88,
    "ice": "0.00",
    "tipo_descuento": "Bs",
    "scf": "89.00",
    "item": 6730,
    "precio_unitario": "89.00",
    "tipo_recargo": "Bs",
    "subtotal": "89.00"
  },
  "model": "ventas.detalleventa",
  "pk": 89
},
{
  "fields": {
    "excentos": "0.00",
    "recargo": "0.00",
    "cantidad": 1,
    "descuento": "0.00",
    "venta": 89,
    "ice": "0.00",
    "tipo_descuento": "Bs",
    "scf": "89.00",
    "item": 6730,
    "precio_unitario": "89.00",
    "tipo_recargo": "Bs",
    "subtotal": "89.00"
  },
  "model": "ventas.detalleventa",
  "pk": 90
},
{
  "fields": {
    "excentos": "0.00",
    "recargo": "0.00",
    "cantidad": 1,
    "descuento": "0.00",
    "venta": 90,
    "ice": "0.00",
    "tipo_descuento": "Bs",
    "scf": "89.00",
    "item": 6730,
    "precio_unitario": "89.00",
    "tipo_recargo": "Bs",
    "subtotal": "89.00"
  },
  "model": "ventas.detalleventa",
  "pk": 91
},
{
  "fields": {
    "excentos": "0.00",
    "recargo": "0.00",
    "cantidad": 1,
    "descuento": "0.00",
    "venta": 91,
    "ice": "0.00",
    "tipo_descuento": "Bs",
    "scf": "89.00",
    "item": 6730,
    "precio_unitario": "89.00",
    "tipo_recargo": "Bs",
    "subtotal": "89.00"
  },
  "model": "ventas.detalleventa",
  "pk": 92
},
{
  "fields": {
    "excentos": "0.00",
    "recargo": "0.00",
    "cantidad": 1,
    "descuento": "0.00",
    "venta": 92,
    "ice": "0.00",
    "tipo_descuento": "Bs",
    "scf": "89.00",
    "item": 6730,
    "precio_unitario": "89.00",
    "tipo_recargo": "Bs",
    "subtotal": "89.00"
  },
  "model": "ventas.detalleventa",
  "pk": 93
},
{
  "fields": {
    "excentos": "0.00",
    "recargo": "0.00",
    "cantidad": 1,
    "descuento": "0.00",
    "venta": 93,
    "ice": "0.00",
    "tipo_descuento": "Bs",
    "scf": "89.00",
    "item": 6730,
    "precio_unitario": "89.00",
    "tipo_recargo": "Bs",
    "subtotal": "89.00"
  },
  "model": "ventas.detalleventa",
  "pk": 94
},
{
  "fields": {
    "excentos": "0.00",
    "recargo": "0.00",
    "cantidad": 1,
    "descuento": "0.00",
    "venta": 94,
    "ice": "0.00",
    "tipo_descuento": "Bs",
    "scf": "89.00",
    "item": 6730,
    "precio_unitario": "89.00",
    "tipo_recargo": "Bs",
    "subtotal": "89.00"
  },
  "model": "ventas.detalleventa",
  "pk": 95
},
{
  "fields": {
    "excentos": "0.00",
    "recargo": "0.00",
    "cantidad": 1,
    "descuento": "0.00",
    "venta": 95,
    "ice": "0.00",
    "tipo_descuento": "Bs",
    "scf": "89.00",
    "item": 6730,
    "precio_unitario": "89.00",
    "tipo_recargo": "Bs",
    "subtotal": "89.00"
  },
  "model": "ventas.detalleventa",
  "pk": 96
},
{
  "fields": {
    "excentos": "0.00",
    "recargo": "0.00",
    "cantidad": 1,
    "descuento": "0.00",
    "venta": 96,
    "ice": "0.00",
    "tipo_descuento": "Bs",
    "scf": "89.00",
    "item": 6730,
    "precio_unitario": "89.00",
    "tipo_recargo": "Bs",
    "subtotal": "89.00"
  },
  "model": "ventas.detalleventa",
  "pk": 97
},
{
  "fields": {
    "excentos": "0.00",
    "recargo": "0.00",
    "cantidad": 1,
    "descuento": "0.00",
    "venta": 97,
    "ice": "0.00",
    "tipo_descuento": "Bs",
    "scf": "89.00",
    "item": 6730,
    "precio_unitario": "89.00",
    "tipo_recargo": "Bs",
    "subtotal": "89.00"
  },
  "model": "ventas.detalleventa",
  "pk": 98
},
{
  "fields": {
    "excentos": "0.00",
    "recargo": "0.00",
    "cantidad": 1,
    "descuento": "0.00",
    "venta": 98,
    "ice": "0.00",
    "tipo_descuento": "Bs",
    "scf": "89.00",
    "item": 6730,
    "precio_unitario": "89.00",
    "tipo_recargo": "Bs",
    "subtotal": "89.00"
  },
  "model": "ventas.detalleventa",
  "pk": 99
},
{
  "fields": {
    "excentos": "0.00",
    "recargo": "0.00",
    "cantidad": 1,
    "descuento": "0.00",
    "venta": 99,
    "ice": "0.00",
    "tipo_descuento": "Bs",
    "scf": "89.00",
    "item": 6730,
    "precio_unitario": "89.00",
    "tipo_recargo": "Bs",
    "subtotal": "89.00"
  },
  "model": "ventas.detalleventa",
  "pk": 100
},
{
  "fields": {
    "excentos": "0.00",
    "recargo": "0.00",
    "cantidad": 1,
    "descuento": "0.00",
    "venta": 100,
    "ice": "0.00",
    "tipo_descuento": "Bs",
    "scf": "89.00",
    "item": 6730,
    "precio_unitario": "89.00",
    "tipo_recargo": "Bs",
    "subtotal": "89.00"
  },
  "model": "ventas.detalleventa",
  "pk": 101
},
{
  "fields": {
    "excentos": "0.00",
    "recargo": "0.00",
    "cantidad": 1,
    "descuento": "0.00",
    "venta": 101,
    "ice": "0.00",
    "tipo_descuento": "Bs",
    "scf": "89.00",
    "item": 6730,
    "precio_unitario": "89.00",
    "tipo_recargo": "Bs",
    "subtotal": "89.00"
  },
  "model": "ventas.detalleventa",
  "pk": 102
},
{
  "fields": {
    "excentos": "0.00",
    "recargo": "0.00",
    "cantidad": 1,
    "descuento": "0.00",
    "venta": 102,
    "ice": "0.00",
    "tipo_descuento": "Bs",
    "scf": "89.00",
    "item": 6730,
    "precio_unitario": "89.00",
    "tipo_recargo": "Bs",
    "subtotal": "89.00"
  },
  "model": "ventas.detalleventa",
  "pk": 103
},
{
  "fields": {
    "excentos": "0.00",
    "recargo": "0.00",
    "cantidad": 1,
    "descuento": "0.00",
    "venta": 103,
    "ice": "0.00",
    "tipo_descuento": "Bs",
    "scf": "89.00",
    "item": 6730,
    "precio_unitario": "89.00",
    "tipo_recargo": "Bs",
    "subtotal": "89.00"
  },
  "model": "ventas.detalleventa",
  "pk": 104
},
{
  "fields": {
    "excentos": "0.00",
    "recargo": "0.00",
    "cantidad": 1,
    "descuento": "0.00",
    "venta": 104,
    "ice": "0.00",
    "tipo_descuento": "Bs",
    "scf": "89.00",
    "item": 6730,
    "precio_unitario": "89.00",
    "tipo_recargo": "Bs",
    "subtotal": "89.00"
  },
  "model": "ventas.detalleventa",
  "pk": 105
},
{
  "fields": {
    "excentos": "0.00",
    "recargo": "0.00",
    "cantidad": 1,
    "descuento": "0.00",
    "venta": 105,
    "ice": "0.00",
    "tipo_descuento": "Bs",
    "scf": "89.00",
    "item": 6730,
    "precio_unitario": "89.00",
    "tipo_recargo": "Bs",
    "subtotal": "89.00"
  },
  "model": "ventas.detalleventa",
  "pk": 106
},
{
  "fields": {
    "excentos": "0.00",
    "recargo": "0.00",
    "cantidad": 1,
    "descuento": "0.00",
    "venta": 106,
    "ice": "0.00",
    "tipo_descuento": "Bs",
    "scf": "89.00",
    "item": 6730,
    "precio_unitario": "89.00",
    "tipo_recargo": "Bs",
    "subtotal": "89.00"
  },
  "model": "ventas.detalleventa",
  "pk": 107
},
{
  "fields": {
    "excentos": "0.00",
    "recargo": "0.00",
    "cantidad": 1,
    "descuento": "0.00",
    "venta": 107,
    "ice": "0.00",
    "tipo_descuento": "Bs",
    "scf": "89.00",
    "item": 6730,
    "precio_unitario": "89.00",
    "tipo_recargo": "Bs",
    "subtotal": "89.00"
  },
  "model": "ventas.detalleventa",
  "pk": 108
},
{
  "fields": {
    "excentos": "0.00",
    "recargo": "0.00",
    "cantidad": 1,
    "descuento": "0.00",
    "venta": 108,
    "ice": "0.00",
    "tipo_descuento": "Bs",
    "scf": "89.00",
    "item": 6730,
    "precio_unitario": "89.00",
    "tipo_recargo": "Bs",
    "subtotal": "89.00"
  },
  "model": "ventas.detalleventa",
  "pk": 109
},
{
  "fields": {
    "excentos": "0.00",
    "recargo": "0.00",
    "cantidad": 1,
    "descuento": "0.00",
    "venta": 109,
    "ice": "0.00",
    "tipo_descuento": "Bs",
    "scf": "89.00",
    "item": 6730,
    "precio_unitario": "89.00",
    "tipo_recargo": "Bs",
    "subtotal": "89.00"
  },
  "model": "ventas.detalleventa",
  "pk": 110
},
{
  "fields": {
    "excentos": "0.00",
    "recargo": "0.00",
    "cantidad": 1,
    "descuento": "0.00",
    "venta": 110,
    "ice": "0.00",
    "tipo_descuento": "Bs",
    "scf": "89.00",
    "item": 6730,
    "precio_unitario": "89.00",
    "tipo_recargo": "Bs",
    "subtotal": "89.00"
  },
  "model": "ventas.detalleventa",
  "pk": 111
},
{
  "fields": {
    "excentos": "0.00",
    "recargo": "0.00",
    "cantidad": 1,
    "descuento": "0.00",
    "venta": 112,
    "ice": "0.00",
    "tipo_descuento": "Bs",
    "scf": "89.00",
    "item": 6730,
    "precio_unitario": "89.00",
    "tipo_recargo": "Bs",
    "subtotal": "89.00"
  },
  "model": "ventas.detalleventa",
  "pk": 113
},
{
  "fields": {
    "excentos": "0.00",
    "recargo": "0.00",
    "cantidad": 1,
    "descuento": "0.00",
    "venta": 113,
    "ice": "0.00",
    "tipo_descuento": "Bs",
    "scf": "89.00",
    "item": 6730,
    "precio_unitario": "89.00",
    "tipo_recargo": "Bs",
    "subtotal": "89.00"
  },
  "model": "ventas.detalleventa",
  "pk": 114
},
{
  "fields": {
    "excentos": "0.00",
    "recargo": "0.00",
    "cantidad": 1,
    "descuento": "0.00",
    "venta": 121,
    "ice": "0.00",
    "tipo_descuento": "Bs",
    "scf": "89.00",
    "item": 6730,
    "precio_unitario": "89.00",
    "tipo_recargo": "Bs",
    "subtotal": "89.00"
  },
  "model": "ventas.detalleventa",
  "pk": 122
},
{
  "fields": {
    "excentos": "0.00",
    "recargo": "0.00",
    "cantidad": 1,
    "descuento": "0.00",
    "venta": 122,
    "ice": "0.00",
    "tipo_descuento": "Bs",
    "scf": "89.00",
    "item": 6730,
    "precio_unitario": "89.00",
    "tipo_recargo": "Bs",
    "subtotal": "89.00"
  },
  "model": "ventas.detalleventa",
  "pk": 123
},
{
  "fields": {
    "excentos": "0.00",
    "recargo": "0.00",
    "cantidad": 1,
    "descuento": "0.00",
    "venta": 123,
    "ice": "0.00",
    "tipo_descuento": "Bs",
    "scf": "89.00",
    "item": 6730,
    "precio_unitario": "89.00",
    "tipo_recargo": "Bs",
    "subtotal": "89.00"
  },
  "model": "ventas.detalleventa",
  "pk": 124
},
{
  "fields": {
    "excentos": "0.00",
    "recargo": "0.00",
    "cantidad": 1,
    "descuento": "0.00",
    "venta": 124,
    "ice": "0.00",
    "tipo_descuento": "Bs",
    "scf": "89.00",
    "item": 6730,
    "precio_unitario": "89.00",
    "tipo_recargo": "Bs",
    "subtotal": "89.00"
  },
  "model": "ventas.detalleventa",
  "pk": 125
},
{
  "fields": {
    "excentos": "0.00",
    "recargo": "0.00",
    "cantidad": 1,
    "descuento": "0.00",
    "venta": 125,
    "ice": "0.00",
    "tipo_descuento": "Bs",
    "scf": "89.00",
    "item": 6730,
    "precio_unitario": "89.00",
    "tipo_recargo": "Bs",
    "subtotal": "89.00"
  },
  "model": "ventas.detalleventa",
  "pk": 126
},
{
  "fields": {
    "excentos": "0.00",
    "recargo": "0.00",
    "cantidad": 1,
    "descuento": "0.00",
    "venta": 126,
    "ice": "0.00",
    "tipo_descuento": "Bs",
    "scf": "89.00",
    "item": 6730,
    "precio_unitario": "89.00",
    "tipo_recargo": "Bs",
    "subtotal": "89.00"
  },
  "model": "ventas.detalleventa",
  "pk": 127
},
{
  "fields": {
    "excentos": "0.00",
    "recargo": "0.00",
    "cantidad": 1,
    "descuento": "0.00",
    "venta": 127,
    "ice": "0.00",
    "tipo_descuento": "Bs",
    "scf": "89.00",
    "item": 6729,
    "precio_unitario": "89.00",
    "tipo_recargo": "Bs",
    "subtotal": "89.00"
  },
  "model": "ventas.detalleventa",
  "pk": 128
},
{
  "fields": {
    "excentos": "0.00",
    "recargo": "0.00",
    "cantidad": 1,
    "descuento": "0.00",
    "venta": 128,
    "ice": "0.00",
    "tipo_descuento": "Bs",
    "scf": "89.00",
    "item": 6729,
    "precio_unitario": "89.00",
    "tipo_recargo": "Bs",
    "subtotal": "89.00"
  },
  "model": "ventas.detalleventa",
  "pk": 129
},
{
  "fields": {
    "excentos": "0.00",
    "recargo": "0.00",
    "cantidad": 1,
    "descuento": "0.00",
    "venta": 129,
    "ice": "0.00",
    "tipo_descuento": "Bs",
    "scf": "89.00",
    "item": 6729,
    "precio_unitario": "89.00",
    "tipo_recargo": "Bs",
    "subtotal": "89.00"
  },
  "model": "ventas.detalleventa",
  "pk": 130
},
{
  "fields": {
    "excentos": "0.00",
    "recargo": "0.00",
    "cantidad": 1,
    "descuento": "0.00",
    "venta": 130,
    "ice": "0.00",
    "tipo_descuento": "Bs",
    "scf": "89.00",
    "item": 6729,
    "precio_unitario": "89.00",
    "tipo_recargo": "Bs",
    "subtotal": "89.00"
  },
  "model": "ventas.detalleventa",
  "pk": 131
},
{
  "fields": {
    "excentos": "0.00",
    "recargo": "0.00",
    "cantidad": 1,
    "descuento": "0.00",
    "venta": 131,
    "ice": "0.00",
    "tipo_descuento": "Bs",
    "scf": "89.00",
    "item": 6729,
    "precio_unitario": "89.00",
    "tipo_recargo": "Bs",
    "subtotal": "89.00"
  },
  "model": "ventas.detalleventa",
  "pk": 132
},
{
  "fields": {
    "excentos": "0.00",
    "recargo": "0.00",
    "cantidad": 1,
    "descuento": "0.00",
    "venta": 147,
    "ice": "0.00",
    "tipo_descuento": "Bs",
    "scf": "89.00",
    "item": 6729,
    "precio_unitario": "89.00",
    "tipo_recargo": "Bs",
    "subtotal": "89.00"
  },
  "model": "ventas.detalleventa",
  "pk": 133
},
{
  "fields": {
    "excentos": "0.00",
    "recargo": "0.00",
    "cantidad": 1,
    "descuento": "0.00",
    "venta": 148,
    "ice": "0.00",
    "tipo_descuento": "Bs",
    "scf": "89.00",
    "item": 6729,
    "precio_unitario": "89.00",
    "tipo_recargo": "Bs",
    "subtotal": "89.00"
  },
  "model": "ventas.detalleventa",
  "pk": 134
},
{
  "fields": {
    "excentos": "0.00",
    "recargo": "0.00",
    "cantidad": 1,
    "descuento": "0.00",
    "venta": 149,
    "ice": "0.00",
    "tipo_descuento": "Bs",
    "scf": "89.00",
    "item": 6729,
    "precio_unitario": "89.00",
    "tipo_recargo": "Bs",
    "subtotal": "89.00"
  },
  "model": "ventas.detalleventa",
  "pk": 135
},
{
  "fields": {
    "excentos": "0.00",
    "recargo": "0.00",
    "cantidad": 1,
    "descuento": "0.00",
    "venta": 150,
    "ice": "0.00",
    "tipo_descuento": "Bs",
    "scf": "89.00",
    "item": 6729,
    "precio_unitario": "89.00",
    "tipo_recargo": "Bs",
    "subtotal": "89.00"
  },
  "model": "ventas.detalleventa",
  "pk": 136
},
{
  "fields": {
    "excentos": "0.00",
    "recargo": "0.00",
    "cantidad": 1,
    "descuento": "0.00",
    "venta": 151,
    "ice": "0.00",
    "tipo_descuento": "Bs",
    "scf": "89.00",
    "item": 6729,
    "precio_unitario": "89.00",
    "tipo_recargo": "Bs",
    "subtotal": "89.00"
  },
  "model": "ventas.detalleventa",
  "pk": 137
},
{
  "fields": {
    "excentos": "0.00",
    "recargo": "0.00",
    "cantidad": 1,
    "descuento": "0.00",
    "venta": 152,
    "ice": "0.00",
    "tipo_descuento": "Bs",
    "scf": "89.00",
    "item": 6729,
    "precio_unitario": "89.00",
    "tipo_recargo": "Bs",
    "subtotal": "89.00"
  },
  "model": "ventas.detalleventa",
  "pk": 138
},
{
  "fields": {
    "excentos": "0.00",
    "recargo": "0.00",
    "cantidad": 1,
    "descuento": "0.00",
    "venta": 153,
    "ice": "0.00",
    "tipo_descuento": "Bs",
    "scf": "89.00",
    "item": 6729,
    "precio_unitario": "89.00",
    "tipo_recargo": "Bs",
    "subtotal": "89.00"
  },
  "model": "ventas.detalleventa",
  "pk": 139
},
{
  "fields": {
    "excentos": "0.00",
    "recargo": "0.00",
    "cantidad": 1,
    "descuento": "0.00",
    "venta": 154,
    "ice": "0.00",
    "tipo_descuento": "Bs",
    "scf": "89.00",
    "item": 6729,
    "precio_unitario": "89.00",
    "tipo_recargo": "Bs",
    "subtotal": "89.00"
  },
  "model": "ventas.detalleventa",
  "pk": 140
},
{
  "fields": {
    "excentos": "0.00",
    "recargo": "0.00",
    "cantidad": 1,
    "descuento": "0.00",
    "venta": 155,
    "ice": "0.00",
    "tipo_descuento": "Bs",
    "scf": "89.00",
    "item": 6729,
    "precio_unitario": "89.00",
    "tipo_recargo": "Bs",
    "subtotal": "89.00"
  },
  "model": "ventas.detalleventa",
  "pk": 141
},
{
  "fields": {
    "excentos": "0.00",
    "recargo": "0.00",
    "cantidad": 1,
    "descuento": "0.00",
    "venta": 156,
    "ice": "0.00",
    "tipo_descuento": "Bs",
    "scf": "89.00",
    "item": 6729,
    "precio_unitario": "89.00",
    "tipo_recargo": "Bs",
    "subtotal": "89.00"
  },
  "model": "ventas.detalleventa",
  "pk": 142
},
{
  "fields": {
    "excentos": "0.00",
    "recargo": "0.00",
    "cantidad": 1,
    "descuento": "0.00",
    "venta": 157,
    "ice": "0.00",
    "tipo_descuento": "Bs",
    "scf": "89.00",
    "item": 6729,
    "precio_unitario": "89.00",
    "tipo_recargo": "Bs",
    "subtotal": "89.00"
  },
  "model": "ventas.detalleventa",
  "pk": 143
},
{
  "fields": {
    "excentos": "0.00",
    "recargo": "0.00",
    "cantidad": 1,
    "descuento": "0.00",
    "venta": 157,
    "ice": "0.00",
    "tipo_descuento": "Bs",
    "scf": "89.00",
    "item": 6730,
    "precio_unitario": "89.00",
    "tipo_recargo": "Bs",
    "subtotal": "89.00"
  },
  "model": "ventas.detalleventa",
  "pk": 144
},
{
  "fields": {
    "excentos": "0.00",
    "recargo": "0.00",
    "cantidad": 1,
    "descuento": "0.00",
    "venta": 158,
    "ice": "0.00",
    "tipo_descuento": "Bs",
    "scf": "89.00",
    "item": 6729,
    "precio_unitario": "89.00",
    "tipo_recargo": "Bs",
    "subtotal": "89.00"
  },
  "model": "ventas.detalleventa",
  "pk": 145
},
{
  "fields": {
    "excentos": "0.00",
    "recargo": "0.00",
    "cantidad": 1,
    "descuento": "0.00",
    "venta": 159,
    "ice": "0.00",
    "tipo_descuento": "Bs",
    "scf": "89.00",
    "item": 6729,
    "precio_unitario": "89.00",
    "tipo_recargo": "Bs",
    "subtotal": "89.00"
  },
  "model": "ventas.detalleventa",
  "pk": 146
},
{
  "fields": {
    "excentos": "0.00",
    "recargo": "0.00",
    "cantidad": 1,
    "descuento": "0.00",
    "venta": 160,
    "ice": "0.00",
    "tipo_descuento": "Bs",
    "scf": "89.00",
    "item": 6729,
    "precio_unitario": "89.00",
    "tipo_recargo": "Bs",
    "subtotal": "89.00"
  },
  "model": "ventas.detalleventa",
  "pk": 147
},
{
  "fields": {
    "excentos": "0.00",
    "recargo": "0.00",
    "cantidad": 1,
    "descuento": "0.00",
    "venta": 165,
    "ice": "0.00",
    "tipo_descuento": "Bs",
    "scf": "89.00",
    "item": 6729,
    "precio_unitario": "89.00",
    "tipo_recargo": "Bs",
    "subtotal": "89.00"
  },
  "model": "ventas.detalleventa",
  "pk": 152
},
{
  "fields": {
    "excentos": "0.00",
    "recargo": "0.00",
    "cantidad": 1,
    "descuento": "0.00",
    "venta": 111,
    "ice": "0.00",
    "tipo_descuento": "Bs",
    "scf": "89.00",
    "item": 6730,
    "precio_unitario": "89.00",
    "tipo_recargo": "Bs",
    "subtotal": "89.00"
  },
  "model": "ventas.detalleventa",
  "pk": 112
},
{
  "fields": {
    "empresa": 1,
    "cantidad": 1,
    "motivo_movimiento": "salida",
    "item": 6730,
    "precio_unitario": "89.00",
    "fecha_transaccion": "2016-03-31",
    "detalle": "Venta a dhdhdhdh s/g factura Nro. 100"
  },
  "model": "ventas.movimiento",
  "pk": 6817
},
{
  "fields": {
    "empresa": 1,
    "cantidad": 1,
    "motivo_movimiento": "salida",
    "item": 6730,
    "precio_unitario": "89.00",
    "fecha_transaccion": "2016-03-31",
    "detalle": "Venta a dgdgdg s/g factura Nro. 101"
  },
  "model": "ventas.movimiento",
  "pk": 6818
},
{
  "fields": {
    "empresa": 1,
    "cantidad": 1,
    "motivo_movimiento": "salida",
    "item": 6730,
    "precio_unitario": "89.00",
    "fecha_transaccion": "2016-03-31",
    "detalle": "Venta a dhdhdhdh s/g factura Nro. 102"
  },
  "model": "ventas.movimiento",
  "pk": 6819
},
{
  "fields": {
    "empresa": 1,
    "cantidad": 1,
    "motivo_movimiento": "salida",
    "item": 6730,
    "precio_unitario": "89.00",
    "fecha_transaccion": "2016-03-31",
    "detalle": "Venta a dhdhdhdh s/g factura Nro. 103"
  },
  "model": "ventas.movimiento",
  "pk": 6820
},
{
  "fields": {
    "empresa": 1,
    "cantidad": 1,
    "motivo_movimiento": "salida",
    "item": 6730,
    "precio_unitario": "89.00",
    "fecha_transaccion": "2016-03-31",
    "detalle": "Venta a dhdhdhdh s/g factura Nro. 104"
  },
  "model": "ventas.movimiento",
  "pk": 6821
},
{
  "fields": {
    "empresa": 1,
    "cantidad": 1,
    "motivo_movimiento": "salida",
    "item": 6730,
    "precio_unitario": "89.00",
    "fecha_transaccion": "2016-03-31",
    "detalle": "Venta a dhdhdhdh s/g factura Nro. 111"
  },
  "model": "ventas.movimiento",
  "pk": 6828
},
{
  "fields": {
    "empresa": 1,
    "cantidad": 1,
    "motivo_movimiento": "salida",
    "item": 6730,
    "precio_unitario": "89.00",
    "fecha_transaccion": "2016-03-31",
    "detalle": "Venta a dhdhdhdh s/g factura Nro. 112"
  },
  "model": "ventas.movimiento",
  "pk": 6829
},
{
  "fields": {
    "empresa": 1,
    "cantidad": 1,
    "motivo_movimiento": "salida",
    "item": 6730,
    "precio_unitario": "89.00",
    "fecha_transaccion": "2016-03-31",
    "detalle": "Venta a dhdhdhdh s/g factura Nro. 113"
  },
  "model": "ventas.movimiento",
  "pk": 6830
},
{
  "fields": {
    "empresa": 1,
    "cantidad": 1,
    "motivo_movimiento": "salida",
    "item": 6730,
    "precio_unitario": "89.00",
    "fecha_transaccion": "2016-03-31",
    "detalle": "Venta a dhdhdhdh s/g factura Nro. 114"
  },
  "model": "ventas.movimiento",
  "pk": 6831
},
{
  "fields": {
    "empresa": 1,
    "cantidad": 1,
    "motivo_movimiento": "salida",
    "item": 6730,
    "precio_unitario": "89.00",
    "fecha_transaccion": "2016-03-31",
    "detalle": "Venta a dhdhdhdh s/g factura Nro. 115"
  },
  "model": "ventas.movimiento",
  "pk": 6832
},
{
  "fields": {
    "empresa": 1,
    "cantidad": 1,
    "motivo_movimiento": "salida",
    "item": 6730,
    "precio_unitario": "89.00",
    "fecha_transaccion": "2016-03-31",
    "detalle": "Venta a dhdhdhdh s/g factura Nro. 116"
  },
  "model": "ventas.movimiento",
  "pk": 6833
},
{
  "fields": {
    "empresa": 1,
    "cantidad": 1,
    "motivo_movimiento": "salida",
    "item": 6729,
    "precio_unitario": "89.00",
    "fecha_transaccion": "2016-04-22",
    "detalle": "Baja"
  },
  "model": "ventas.movimiento",
  "pk": 7865
},
{
  "fields": {
    "empresa": 1,
    "cantidad": 1,
    "motivo_movimiento": "salida",
    "item": 6730,
    "precio_unitario": "89.00",
    "fecha_transaccion": "2016-03-31",
    "detalle": "Venta a dhdhdhdh s/g factura Nro. 105"
  },
  "model": "ventas.movimiento",
  "pk": 6822
},
{
  "fields": {
    "empresa": 1,
    "cantidad": 1,
    "motivo_movimiento": "salida",
    "item": 6730,
    "precio_unitario": "89.00",
    "fecha_transaccion": "2016-03-31",
    "detalle": "Venta a werwer s/g factura Nro. 106"
  },
  "model": "ventas.movimiento",
  "pk": 6823
},
{
  "fields": {
    "empresa": 1,
    "cantidad": 1,
    "motivo_movimiento": "salida",
    "item": 6730,
    "precio_unitario": "89.00",
    "fecha_transaccion": "2016-03-31",
    "detalle": "Venta a dhdhdhdh s/g factura Nro. 107"
  },
  "model": "ventas.movimiento",
  "pk": 6824
},
{
  "fields": {
    "empresa": 1,
    "cantidad": 1,
    "motivo_movimiento": "salida",
    "item": 6730,
    "precio_unitario": "89.00",
    "fecha_transaccion": "2016-03-31",
    "detalle": "Venta a dhdhdhdh s/g factura Nro. 108"
  },
  "model": "ventas.movimiento",
  "pk": 6825
},
{
  "fields": {
    "empresa": 1,
    "cantidad": 1,
    "motivo_movimiento": "salida",
    "item": 6730,
    "precio_unitario": "89.00",
    "fecha_transaccion": "2016-03-31",
    "detalle": "Venta a dhdhdhdh s/g factura Nro. 109"
  },
  "model": "ventas.movimiento",
  "pk": 6826
},
{
  "fields": {
    "empresa": 1,
    "cantidad": 1,
    "motivo_movimiento": "salida",
    "item": 6730,
    "precio_unitario": "89.00",
    "fecha_transaccion": "2016-03-31",
    "detalle": "Venta a dhdhdhdh s/g factura Nro. 110"
  },
  "model": "ventas.movimiento",
  "pk": 6827
},
{
  "fields": {
    "empresa": 1,
    "cantidad": 1,
    "motivo_movimiento": "ingreso",
    "item": 6729,
    "precio_unitario": "89.00",
    "fecha_transaccion": "2016-05-19",
    "detalle": "Compra a yhtytyty s/g factura Nro. 565"
  },
  "model": "ventas.movimiento",
  "pk": 7904
},
{
  "fields": {
    "empresa": 1,
    "cantidad": 1,
    "motivo_movimiento": "ingreso",
    "item": 6730,
    "precio_unitario": "89.00",
    "fecha_transaccion": "2016-05-19",
    "detalle": "Compra a yhtytyty s/g factura Nro. 565"
  },
  "model": "ventas.movimiento",
  "pk": 7905
},
{
  "fields": {
    "empresa": 1,
    "cantidad": 12,
    "motivo_movimiento": "inicial",
    "item": 6729,
    "precio_unitario": "89.00",
    "fecha_transaccion": "2016-03-15",
    "detalle": "Saldo Inicial"
  },
  "model": "ventas.movimiento",
  "pk": 6735
},
{
  "fields": {
    "empresa": 1,
    "cantidad": 12,
    "motivo_movimiento": "inicial",
    "item": 6730,
    "precio_unitario": "89.00",
    "fecha_transaccion": "2016-03-15",
    "detalle": "Saldo Inicial"
  },
  "model": "ventas.movimiento",
  "pk": 6736
},
{
  "fields": {
    "empresa": 1,
    "cantidad": 1,
    "motivo_movimiento": "salida",
    "item": 6729,
    "precio_unitario": "89.00",
    "fecha_transaccion": "2016-03-15",
    "detalle": "Venta a sdfsfsff"
  },
  "model": "ventas.movimiento",
  "pk": 6737
},
{
  "fields": {
    "empresa": 1,
    "cantidad": 1,
    "motivo_movimiento": "salida",
    "item": 6729,
    "precio_unitario": "89.00",
    "fecha_transaccion": "2016-04-14",
    "detalle": "Baja"
  },
  "model": "ventas.movimiento",
  "pk": 7851
},
{
  "fields": {
    "empresa": 1,
    "cantidad": 1,
    "motivo_movimiento": "ingreso",
    "item": 6730,
    "precio_unitario": "89.00",
    "fecha_transaccion": "2016-03-22",
    "detalle": "Compra a werwerwer s/g factura Nro. 23324234"
  },
  "model": "ventas.movimiento",
  "pk": 6782
},
{
  "fields": {
    "empresa": 1,
    "cantidad": 1,
    "motivo_movimiento": "salida",
    "item": 6730,
    "precio_unitario": "89.00",
    "fecha_transaccion": "2016-03-25",
    "detalle": "Venta a don gato s/g nota Nro. 13"
  },
  "model": "ventas.movimiento",
  "pk": 6798
},
{
  "fields": {
    "empresa": 1,
    "cantidad": 1,
    "motivo_movimiento": "salida",
    "item": 6730,
    "precio_unitario": "89.00",
    "fecha_transaccion": "2016-03-31",
    "detalle": "Venta a rwerwer s/g factura Nro. 1"
  },
  "model": "ventas.movimiento",
  "pk": 6814
},
{
  "fields": {
    "empresa": 1,
    "cantidad": 1,
    "motivo_movimiento": "salida",
    "item": 6730,
    "precio_unitario": "89.00",
    "fecha_transaccion": "2016-03-31",
    "detalle": "Venta a dhdhdhdh s/g factura Nro. 1"
  },
  "model": "ventas.movimiento",
  "pk": 6815
},
{
  "fields": {
    "empresa": 1,
    "cantidad": 1,
    "motivo_movimiento": "salida",
    "item": 6730,
    "precio_unitario": "89.00",
    "fecha_transaccion": "2016-03-31",
    "detalle": "Venta a dhdhdhdh s/g factura Nro. 1"
  },
  "model": "ventas.movimiento",
  "pk": 6816
},
{
  "fields": {
    "empresa": 1,
    "cantidad": 1,
    "motivo_movimiento": "salida",
    "item": 6730,
    "precio_unitario": "89.00",
    "fecha_transaccion": "2016-03-31",
    "detalle": "Venta a dhdhdhdh s/g factura Nro. 117"
  },
  "model": "ventas.movimiento",
  "pk": 6834
},
{
  "fields": {
    "empresa": 1,
    "cantidad": 1,
    "motivo_movimiento": "salida",
    "item": 6730,
    "precio_unitario": "89.00",
    "fecha_transaccion": "2016-03-31",
    "detalle": "Venta a dhdhdhdh s/g factura Nro. 118"
  },
  "model": "ventas.movimiento",
  "pk": 6835
},
{
  "fields": {
    "empresa": 1,
    "cantidad": 1,
    "motivo_movimiento": "salida",
    "item": 6730,
    "precio_unitario": "89.00",
    "fecha_transaccion": "2016-04-02",
    "detalle": "Venta a dhdhdhdh s/g factura Nro. 119"
  },
  "model": "ventas.movimiento",
  "pk": 6836
},
{
  "fields": {
    "empresa": 1,
    "cantidad": 1,
    "motivo_movimiento": "salida",
    "item": 6730,
    "precio_unitario": "89.00",
    "fecha_transaccion": "2016-04-02",
    "detalle": "Venta a dhdhdhdh s/g factura Nro. 120"
  },
  "model": "ventas.movimiento",
  "pk": 6837
},
{
  "fields": {
    "empresa": 1,
    "cantidad": 1,
    "motivo_movimiento": "salida",
    "item": 6730,
    "precio_unitario": "89.00",
    "fecha_transaccion": "2016-04-02",
    "detalle": "Venta a dhdhdhdh s/g factura Nro. 121"
  },
  "model": "ventas.movimiento",
  "pk": 6838
},
{
  "fields": {
    "empresa": 1,
    "cantidad": 1,
    "motivo_movimiento": "salida",
    "item": 6730,
    "precio_unitario": "89.00",
    "fecha_transaccion": "2016-04-02",
    "detalle": "Venta a dhdhdhdh s/g factura Nro. 122"
  },
  "model": "ventas.movimiento",
  "pk": 6839
},
{
  "fields": {
    "empresa": 1,
    "cantidad": 1,
    "motivo_movimiento": "salida",
    "item": 6730,
    "precio_unitario": "89.00",
    "fecha_transaccion": "2016-04-02",
    "detalle": "Venta a dhdhdhdh s/g factura Nro. 123"
  },
  "model": "ventas.movimiento",
  "pk": 6840
},
{
  "fields": {
    "empresa": 1,
    "cantidad": 1,
    "motivo_movimiento": "salida",
    "item": 6730,
    "precio_unitario": "89.00",
    "fecha_transaccion": "2016-04-02",
    "detalle": "Venta a dhdhdhdh s/g factura Nro. 124"
  },
  "model": "ventas.movimiento",
  "pk": 6841
},
{
  "fields": {
    "empresa": 1,
    "cantidad": 1,
    "motivo_movimiento": "salida",
    "item": 6730,
    "precio_unitario": "89.00",
    "fecha_transaccion": "2016-04-02",
    "detalle": "Venta a dhdhdhdh s/g factura Nro. 125"
  },
  "model": "ventas.movimiento",
  "pk": 6842
},
{
  "fields": {
    "empresa": 1,
    "cantidad": 1,
    "motivo_movimiento": "salida",
    "item": 6730,
    "precio_unitario": "89.00",
    "fecha_transaccion": "2016-04-02",
    "detalle": "Venta a dhdhdhdh s/g factura Nro. 126"
  },
  "model": "ventas.movimiento",
  "pk": 6843
},
{
  "fields": {
    "empresa": 1,
    "cantidad": 1,
    "motivo_movimiento": "salida",
    "item": 6730,
    "precio_unitario": "89.00",
    "fecha_transaccion": "2016-04-02",
    "detalle": "Venta a dhdhdhdh s/g factura Nro. 127"
  },
  "model": "ventas.movimiento",
  "pk": 6844
},
{
  "fields": {
    "empresa": 1,
    "cantidad": 1,
    "motivo_movimiento": "salida",
    "item": 6730,
    "precio_unitario": "89.00",
    "fecha_transaccion": "2016-04-02",
    "detalle": "Venta a dhdhdhdh s/g factura Nro. 128"
  },
  "model": "ventas.movimiento",
  "pk": 6845
},
{
  "fields": {
    "empresa": 1,
    "cantidad": 1,
    "motivo_movimiento": "salida",
    "item": 6730,
    "precio_unitario": "89.00",
    "fecha_transaccion": "2016-04-02",
    "detalle": "Venta a dhdhdhdh s/g factura Nro. 129"
  },
  "model": "ventas.movimiento",
  "pk": 6846
},
{
  "fields": {
    "empresa": 1,
    "cantidad": 1,
    "motivo_movimiento": "salida",
    "item": 6730,
    "precio_unitario": "89.00",
    "fecha_transaccion": "2016-04-02",
    "detalle": "Venta a dhdhdhdh s/g factura Nro. 130"
  },
  "model": "ventas.movimiento",
  "pk": 6847
},
{
  "fields": {
    "empresa": 1,
    "cantidad": 1,
    "motivo_movimiento": "salida",
    "item": 6730,
    "precio_unitario": "89.00",
    "fecha_transaccion": "2016-04-02",
    "detalle": "Venta a dhdhdhdh s/g factura Nro. 131"
  },
  "model": "ventas.movimiento",
  "pk": 6848
},
{
  "fields": {
    "empresa": 1,
    "cantidad": 1,
    "motivo_movimiento": "salida",
    "item": 6730,
    "precio_unitario": "89.00",
    "fecha_transaccion": "2016-04-02",
    "detalle": "Venta a dhdhdhdh s/g factura Nro. 132"
  },
  "model": "ventas.movimiento",
  "pk": 6849
},
{
  "fields": {
    "empresa": 1,
    "cantidad": 1,
    "motivo_movimiento": "salida",
    "item": 6730,
    "precio_unitario": "89.00",
    "fecha_transaccion": "2016-04-02",
    "detalle": "Venta a dhdhdhdh s/g factura Nro. 133"
  },
  "model": "ventas.movimiento",
  "pk": 6850
},
{
  "fields": {
    "empresa": 1,
    "cantidad": 1,
    "motivo_movimiento": "salida",
    "item": 6730,
    "precio_unitario": "89.00",
    "fecha_transaccion": "2016-04-02",
    "detalle": "Venta a dhdhdhdh s/g factura Nro. 134"
  },
  "model": "ventas.movimiento",
  "pk": 6851
},
{
  "fields": {
    "empresa": 1,
    "cantidad": 1,
    "motivo_movimiento": "salida",
    "item": 6729,
    "precio_unitario": "89.00",
    "fecha_transaccion": "2016-04-18",
    "detalle": "Venta a ewrwerwe s/g nota Nro. 19"
  },
  "model": "ventas.movimiento",
  "pk": 7854
},
{
  "fields": {
    "empresa": 1,
    "cantidad": 1,
    "motivo_movimiento": "salida",
    "item": 6730,
    "precio_unitario": "89.00",
    "fecha_transaccion": "2016-04-14",
    "detalle": "Venta a rwerwer s/g factura Nro. 141"
  },
  "model": "ventas.movimiento",
  "pk": 7849
},
{
  "fields": {
    "empresa": 1,
    "cantidad": 1,
    "motivo_movimiento": "salida",
    "item": 6730,
    "precio_unitario": "89.00",
    "fecha_transaccion": "2016-04-14",
    "detalle": "Venta a weewrwer s/g factura Nro. 142"
  },
  "model": "ventas.movimiento",
  "pk": 7850
},
{
  "fields": {
    "empresa": 1,
    "cantidad": 1,
    "motivo_movimiento": "salida",
    "item": 6730,
    "precio_unitario": "89.00",
    "fecha_transaccion": "2016-04-16",
    "detalle": "Venta a rtetet s/g factura Nro. 100"
  },
  "model": "ventas.movimiento",
  "pk": 7852
},
{
  "fields": {
    "empresa": 1,
    "cantidad": 1,
    "motivo_movimiento": "salida",
    "item": 6729,
    "precio_unitario": "89.00",
    "fecha_transaccion": "2016-04-16",
    "detalle": "Venta a ewrwerwe s/g factura Nro. 101"
  },
  "model": "ventas.movimiento",
  "pk": 7853
},
{
  "fields": {
    "empresa": 1,
    "cantidad": 1,
    "motivo_movimiento": "salida",
    "item": 6729,
    "precio_unitario": "89.00",
    "fecha_transaccion": "2016-04-22",
    "detalle": "Baja"
  },
  "model": "ventas.movimiento",
  "pk": 7869
},
{
  "fields": {
    "empresa": 1,
    "cantidad": 1,
    "motivo_movimiento": "salida",
    "item": 6729,
    "precio_unitario": "89.00",
    "fecha_transaccion": "2016-04-22",
    "detalle": "Baja"
  },
  "model": "ventas.movimiento",
  "pk": 7873
},
{
  "fields": {
    "empresa": 1,
    "cantidad": 1,
    "motivo_movimiento": "salida",
    "item": 6729,
    "precio_unitario": "89.00",
    "fecha_transaccion": "2016-04-22",
    "detalle": "Baja"
  },
  "model": "ventas.movimiento",
  "pk": 7877
},
{
  "fields": {
    "empresa": 1,
    "cantidad": 1,
    "motivo_movimiento": "salida",
    "item": 6730,
    "precio_unitario": "89.00",
    "fecha_transaccion": "2016-04-22",
    "detalle": "Baja"
  },
  "model": "ventas.movimiento",
  "pk": 7878
},
{
  "fields": {
    "empresa": 1,
    "cantidad": 1,
    "motivo_movimiento": "salida",
    "item": 6730,
    "precio_unitario": "89.00",
    "fecha_transaccion": "2016-03-16",
    "detalle": "Venta a ertete"
  },
  "model": "ventas.movimiento",
  "pk": 6738
},
{
  "fields": {
    "empresa": 1,
    "cantidad": 1,
    "motivo_movimiento": "salida",
    "item": 6730,
    "precio_unitario": "89.00",
    "fecha_transaccion": "2016-03-16",
    "detalle": "Venta a wewett"
  },
  "model": "ventas.movimiento",
  "pk": 6739
},
{
  "fields": {
    "empresa": 1,
    "cantidad": 1,
    "motivo_movimiento": "salida",
    "item": 6729,
    "precio_unitario": "89.00",
    "fecha_transaccion": "2016-03-16",
    "detalle": "Venta a werwrw"
  },
  "model": "ventas.movimiento",
  "pk": 6740
},
{
  "fields": {
    "empresa": 1,
    "cantidad": 1,
    "motivo_movimiento": "salida",
    "item": 6730,
    "precio_unitario": "89.00",
    "fecha_transaccion": "2016-03-16",
    "detalle": "Venta a etetet"
  },
  "model": "ventas.movimiento",
  "pk": 6741
},
{
  "fields": {
    "empresa": 1,
    "cantidad": 1,
    "motivo_movimiento": "salida",
    "item": 6729,
    "precio_unitario": "89.00",
    "fecha_transaccion": "2016-03-16",
    "detalle": "Venta a werwerr"
  },
  "model": "ventas.movimiento",
  "pk": 6742
},
{
  "fields": {
    "empresa": 1,
    "cantidad": 1,
    "motivo_movimiento": "salida",
    "item": 6730,
    "precio_unitario": "89.00",
    "fecha_transaccion": "2016-03-16",
    "detalle": "Venta a erertete"
  },
  "model": "ventas.movimiento",
  "pk": 6743
},
{
  "fields": {
    "empresa": 1,
    "cantidad": 1,
    "motivo_movimiento": "salida",
    "item": 6730,
    "precio_unitario": "89.00",
    "fecha_transaccion": "2016-03-16",
    "detalle": "Venta a eyeeye"
  },
  "model": "ventas.movimiento",
  "pk": 6744
},
{
  "fields": {
    "empresa": 1,
    "cantidad": 1,
    "motivo_movimiento": "salida",
    "item": 6729,
    "precio_unitario": "89.00",
    "fecha_transaccion": "2016-03-17",
    "detalle": "Venta a wrwr"
  },
  "model": "ventas.movimiento",
  "pk": 6745
},
{
  "fields": {
    "empresa": 1,
    "cantidad": 1,
    "motivo_movimiento": "salida",
    "item": 6729,
    "precio_unitario": "89.00",
    "fecha_transaccion": "2016-03-17",
    "detalle": "Venta a jejejej"
  },
  "model": "ventas.movimiento",
  "pk": 6746
},
{
  "fields": {
    "empresa": 1,
    "cantidad": 1,
    "motivo_movimiento": "ingreso",
    "item": 6729,
    "precio_unitario": "90.00",
    "fecha_transaccion": "2016-03-17",
    "detalle": "Compra a rwerwer"
  },
  "model": "ventas.movimiento",
  "pk": 6747
},
{
  "fields": {
    "empresa": 1,
    "cantidad": 1,
    "motivo_movimiento": "salida",
    "item": 6730,
    "precio_unitario": "89.00",
    "fecha_transaccion": "2016-03-17",
    "detalle": "Venta a werwer"
  },
  "model": "ventas.movimiento",
  "pk": 6748
},
{
  "fields": {
    "empresa": 1,
    "cantidad": 1,
    "motivo_movimiento": "salida",
    "item": 6729,
    "precio_unitario": "89.00",
    "fecha_transaccion": "2016-03-17",
    "detalle": "Venta a werwr"
  },
  "model": "ventas.movimiento",
  "pk": 6749
},
{
  "fields": {
    "empresa": 1,
    "cantidad": 1,
    "motivo_movimiento": "salida",
    "item": 6730,
    "precio_unitario": "89.00",
    "fecha_transaccion": "2016-03-17",
    "detalle": "Venta a wrwrwwr"
  },
  "model": "ventas.movimiento",
  "pk": 6750
},
{
  "fields": {
    "empresa": 1,
    "cantidad": 1,
    "motivo_movimiento": "salida",
    "item": 6730,
    "precio_unitario": "89.00",
    "fecha_transaccion": "2016-03-17",
    "detalle": "Venta a erterte"
  },
  "model": "ventas.movimiento",
  "pk": 6751
},
{
  "fields": {
    "empresa": 1,
    "cantidad": 1,
    "motivo_movimiento": "salida",
    "item": 6730,
    "precio_unitario": "89.00",
    "fecha_transaccion": "2016-03-17",
    "detalle": "Venta a werwerwe"
  },
  "model": "ventas.movimiento",
  "pk": 6752
},
{
  "fields": {
    "empresa": 1,
    "cantidad": 1,
    "motivo_movimiento": "salida",
    "item": 6729,
    "precio_unitario": "89.00",
    "fecha_transaccion": "2016-03-17",
    "detalle": "Venta a werwerwer"
  },
  "model": "ventas.movimiento",
  "pk": 6753
},
{
  "fields": {
    "empresa": 1,
    "cantidad": 1,
    "motivo_movimiento": "salida",
    "item": 6729,
    "precio_unitario": "89.00",
    "fecha_transaccion": "2016-03-18",
    "detalle": "Venta a werwerwe"
  },
  "model": "ventas.movimiento",
  "pk": 6757
},
{
  "fields": {
    "empresa": 1,
    "cantidad": 1,
    "motivo_movimiento": "salida",
    "item": 6730,
    "precio_unitario": "89.00",
    "fecha_transaccion": "2016-03-18",
    "detalle": "Venta a werwerwe"
  },
  "model": "ventas.movimiento",
  "pk": 6758
},
{
  "fields": {
    "empresa": 1,
    "cantidad": 1,
    "motivo_movimiento": "salida",
    "item": 6729,
    "precio_unitario": "89.00",
    "fecha_transaccion": "2016-03-18",
    "detalle": "Venta a ertetetetet"
  },
  "model": "ventas.movimiento",
  "pk": 6759
},
{
  "fields": {
    "empresa": 1,
    "cantidad": 1,
    "motivo_movimiento": "salida",
    "item": 6730,
    "precio_unitario": "89.00",
    "fecha_transaccion": "2016-03-18",
    "detalle": "Venta a ertetetetet"
  },
  "model": "ventas.movimiento",
  "pk": 6760
},
{
  "fields": {
    "empresa": 1,
    "cantidad": 1,
    "motivo_movimiento": "salida",
    "item": 6729,
    "precio_unitario": "89.00",
    "fecha_transaccion": "2016-03-18",
    "detalle": "Venta a wwrwer"
  },
  "model": "ventas.movimiento",
  "pk": 6761
},
{
  "fields": {
    "empresa": 1,
    "cantidad": 1,
    "motivo_movimiento": "salida",
    "item": 6730,
    "precio_unitario": "89.00",
    "fecha_transaccion": "2016-03-18",
    "detalle": "Venta a wrwrwrw"
  },
  "model": "ventas.movimiento",
  "pk": 6762
},
{
  "fields": {
    "empresa": 1,
    "cantidad": 1,
    "motivo_movimiento": "salida",
    "item": 6729,
    "precio_unitario": "89.00",
    "fecha_transaccion": "2016-03-18",
    "detalle": "Venta a hhuuhuhuu"
  },
  "model": "ventas.movimiento",
  "pk": 6763
},
{
  "fields": {
    "empresa": 1,
    "cantidad": 1,
    "motivo_movimiento": "salida",
    "item": 6730,
    "precio_unitario": "89.00",
    "fecha_transaccion": "2016-03-18",
    "detalle": "Venta a werwerwer"
  },
  "model": "ventas.movimiento",
  "pk": 6764
},
{
  "fields": {
    "empresa": 1,
    "cantidad": 1,
    "motivo_movimiento": "salida",
    "item": 6730,
    "precio_unitario": "89.00",
    "fecha_transaccion": "2016-03-18",
    "detalle": "Venta a werwerwer"
  },
  "model": "ventas.movimiento",
  "pk": 6765
},
{
  "fields": {
    "empresa": 1,
    "cantidad": 1,
    "motivo_movimiento": "salida",
    "item": 6730,
    "precio_unitario": "89.00",
    "fecha_transaccion": "2016-03-18",
    "detalle": "Venta a werwerw"
  },
  "model": "ventas.movimiento",
  "pk": 6766
},
{
  "fields": {
    "empresa": 1,
    "cantidad": 1,
    "motivo_movimiento": "salida",
    "item": 6729,
    "precio_unitario": "89.00",
    "fecha_transaccion": "2016-03-19",
    "detalle": "Venta a hgghghh"
  },
  "model": "ventas.movimiento",
  "pk": 6767
},
{
  "fields": {
    "empresa": 1,
    "cantidad": 1,
    "motivo_movimiento": "salida",
    "item": 6730,
    "precio_unitario": "89.00",
    "fecha_transaccion": "2016-03-22",
    "detalle": "Venta a rwrwr 17"
  },
  "model": "ventas.movimiento",
  "pk": 6768
},
{
  "fields": {
    "empresa": 1,
    "cantidad": 1,
    "motivo_movimiento": "salida",
    "item": 6730,
    "precio_unitario": "89.00",
    "fecha_transaccion": "2016-03-22",
    "detalle": "Venta a ewrwer con Nro de factura:19"
  },
  "model": "ventas.movimiento",
  "pk": 6769
},
{
  "fields": {
    "empresa": 1,
    "cantidad": 1,
    "motivo_movimiento": "salida",
    "item": 6730,
    "precio_unitario": "89.00",
    "fecha_transaccion": "2016-03-22",
    "detalle": "Venta a ertert con # de factura:20"
  },
  "model": "ventas.movimiento",
  "pk": 6770
},
{
  "fields": {
    "empresa": 1,
    "cantidad": 1,
    "motivo_movimiento": "salida",
    "item": 6730,
    "precio_unitario": "89.00",
    "fecha_transaccion": "2016-03-22",
    "detalle": "Venta a rwwrwr con con Nro nota:7"
  },
  "model": "ventas.movimiento",
  "pk": 6771
},
{
  "fields": {
    "empresa": 1,
    "cantidad": 1,
    "motivo_movimiento": "ingreso",
    "item": 6730,
    "precio_unitario": "89.00",
    "fecha_transaccion": "2016-03-22",
    "detalle": "Compra a rwerwrwr con Nro factura: 456"
  },
  "model": "ventas.movimiento",
  "pk": 6772
},
{
  "fields": {
    "empresa": 1,
    "cantidad": 1,
    "motivo_movimiento": "ingreso",
    "item": 6730,
    "precio_unitario": "89.00",
    "fecha_transaccion": "2016-03-22",
    "detalle": "Compra a erwerewr con Nro de factura: 657"
  },
  "model": "ventas.movimiento",
  "pk": 6773
},
{
  "fields": {
    "empresa": 1,
    "cantidad": 1,
    "motivo_movimiento": "salida",
    "item": 6730,
    "precio_unitario": "89.00",
    "fecha_transaccion": "2016-03-22",
    "detalle": "Venta a werwerwerw con Nro de factura:21"
  },
  "model": "ventas.movimiento",
  "pk": 6774
},
{
  "fields": {
    "empresa": 1,
    "cantidad": 1,
    "motivo_movimiento": "salida",
    "item": 6730,
    "precio_unitario": "89.00",
    "fecha_transaccion": "2016-03-22",
    "detalle": "Venta a werwer con con Nro de nota: 8"
  },
  "model": "ventas.movimiento",
  "pk": 6775
},
{
  "fields": {
    "empresa": 1,
    "cantidad": 1,
    "motivo_movimiento": "salida",
    "item": 6730,
    "precio_unitario": "89.00",
    "fecha_transaccion": "2016-03-22",
    "detalle": "Venta a werwer s/g nota Nro. 9"
  },
  "model": "ventas.movimiento",
  "pk": 6776
},
{
  "fields": {
    "empresa": 1,
    "cantidad": 1,
    "motivo_movimiento": "salida",
    "item": 6730,
    "precio_unitario": "89.00",
    "fecha_transaccion": "2016-03-22",
    "detalle": "Venta a juan perez s/g factura Nro. 22"
  },
  "model": "ventas.movimiento",
  "pk": 6777
},
{
  "fields": {
    "empresa": 1,
    "cantidad": 1,
    "motivo_movimiento": "ingreso",
    "item": 6730,
    "precio_unitario": "89.00",
    "fecha_transaccion": "2016-03-22",
    "detalle": "Compra a gatito perez s/g factura Nro. 7899"
  },
  "model": "ventas.movimiento",
  "pk": 6778
},
{
  "fields": {
    "empresa": 1,
    "cantidad": 1,
    "motivo_movimiento": "ingreso",
    "item": 6729,
    "precio_unitario": "89.00",
    "fecha_transaccion": "2016-03-22",
    "detalle": "Compra a iuiuiu s/g factura Nro. 5785"
  },
  "model": "ventas.movimiento",
  "pk": 6779
},
{
  "fields": {
    "empresa": 1,
    "cantidad": 1,
    "motivo_movimiento": "ingreso",
    "item": 6730,
    "precio_unitario": "89.00",
    "fecha_transaccion": "2016-03-22",
    "detalle": "Compra a hghghg s/g factura Nro. 678"
  },
  "model": "ventas.movimiento",
  "pk": 6780
},
{
  "fields": {
    "empresa": 1,
    "cantidad": 1,
    "motivo_movimiento": "salida",
    "item": 6730,
    "precio_unitario": "89.00",
    "fecha_transaccion": "2016-03-22",
    "detalle": "Venta a rwerwer s/g nota Nro. 10"
  },
  "model": "ventas.movimiento",
  "pk": 6781
},
{
  "fields": {
    "empresa": 1,
    "cantidad": 1,
    "motivo_movimiento": "ingreso",
    "item": 6730,
    "precio_unitario": "89.00",
    "fecha_transaccion": "2016-03-22",
    "detalle": "Compra a werewrwer s/g factura Nro. 2332"
  },
  "model": "ventas.movimiento",
  "pk": 6783
},
{
  "fields": {
    "empresa": 1,
    "cantidad": 1,
    "motivo_movimiento": "salida",
    "item": 6730,
    "precio_unitario": "89.00",
    "fecha_transaccion": "2016-03-23",
    "detalle": "Venta a werwerwer s/g factura Nro. 23"
  },
  "model": "ventas.movimiento",
  "pk": 6784
},
{
  "fields": {
    "empresa": 1,
    "cantidad": 1,
    "motivo_movimiento": "salida",
    "item": 6730,
    "precio_unitario": "89.00",
    "fecha_transaccion": "2016-03-23",
    "detalle": "Venta a etetet s/g factura Nro. 24"
  },
  "model": "ventas.movimiento",
  "pk": 6785
},
{
  "fields": {
    "empresa": 1,
    "cantidad": 1,
    "motivo_movimiento": "salida",
    "item": 6730,
    "precio_unitario": "89.00",
    "fecha_transaccion": "2016-03-23",
    "detalle": "Venta a werewrwwe s/g nota Nro. 11"
  },
  "model": "ventas.movimiento",
  "pk": 6786
},
{
  "fields": {
    "empresa": 1,
    "cantidad": 1,
    "motivo_movimiento": "salida",
    "item": 6730,
    "precio_unitario": "89.00",
    "fecha_transaccion": "2016-03-23",
    "detalle": "Venta a werwerwer s/g factura Nro. 25"
  },
  "model": "ventas.movimiento",
  "pk": 6787
},
{
  "fields": {
    "empresa": 1,
    "cantidad": 1,
    "motivo_movimiento": "salida",
    "item": 6730,
    "precio_unitario": "89.00",
    "fecha_transaccion": "2016-03-23",
    "detalle": "Venta a werwrw s/g nota Nro. 12"
  },
  "model": "ventas.movimiento",
  "pk": 6788
},
{
  "fields": {
    "empresa": 1,
    "cantidad": 1,
    "motivo_movimiento": "salida",
    "item": 6730,
    "precio_unitario": "89.00",
    "fecha_transaccion": "2016-03-23",
    "detalle": "Venta a 24242424 s/g factura Nro. 26"
  },
  "model": "ventas.movimiento",
  "pk": 6789
},
{
  "fields": {
    "empresa": 1,
    "cantidad": 111,
    "motivo_movimiento": "inicial",
    "item": 6731,
    "precio_unitario": "2323.00",
    "fecha_transaccion": "2016-03-24",
    "detalle": "Saldo Inicial"
  },
  "model": "ventas.movimiento",
  "pk": 6790
},
{
  "fields": {
    "empresa": 1,
    "cantidad": 123,
    "motivo_movimiento": "inicial",
    "item": 6732,
    "precio_unitario": "34.00",
    "fecha_transaccion": "2016-03-24",
    "detalle": "Saldo Inicial"
  },
  "model": "ventas.movimiento",
  "pk": 6791
},
{
  "fields": {
    "empresa": 1,
    "cantidad": 1,
    "motivo_movimiento": "salida",
    "item": 6730,
    "precio_unitario": "89.00",
    "fecha_transaccion": "2016-03-25",
    "detalle": "Venta a don gato s/g factura Nro. 27"
  },
  "model": "ventas.movimiento",
  "pk": 6796
},
{
  "fields": {
    "empresa": 1,
    "cantidad": 1,
    "motivo_movimiento": "salida",
    "item": 6730,
    "precio_unitario": "89.00",
    "fecha_transaccion": "2016-03-25",
    "detalle": "Venta a don gato s/g factura Nro. 28"
  },
  "model": "ventas.movimiento",
  "pk": 6797
},
{
  "fields": {
    "empresa": 1,
    "cantidad": 1,
    "motivo_movimiento": "salida",
    "item": 6730,
    "precio_unitario": "89.00",
    "fecha_transaccion": "2016-03-31",
    "detalle": "Venta a rtrtrtr s/g factura Nro. 1"
  },
  "model": "ventas.movimiento",
  "pk": 6809
},
{
  "fields": {
    "empresa": 1,
    "cantidad": 1,
    "motivo_movimiento": "salida",
    "item": 6730,
    "precio_unitario": "89.00",
    "fecha_transaccion": "2016-03-31",
    "detalle": "Venta a dhdhdhdh s/g factura Nro. 1"
  },
  "model": "ventas.movimiento",
  "pk": 6810
},
{
  "fields": {
    "empresa": 1,
    "cantidad": 1,
    "motivo_movimiento": "salida",
    "item": 6730,
    "precio_unitario": "89.00",
    "fecha_transaccion": "2016-03-31",
    "detalle": "Venta a dhdhdhdh s/g factura Nro. 1"
  },
  "model": "ventas.movimiento",
  "pk": 6811
},
{
  "fields": {
    "empresa": 1,
    "cantidad": 1,
    "motivo_movimiento": "salida",
    "item": 6730,
    "precio_unitario": "89.00",
    "fecha_transaccion": "2016-03-31",
    "detalle": "Venta a dggdg s/g factura Nro. 1"
  },
  "model": "ventas.movimiento",
  "pk": 6812
},
{
  "fields": {
    "empresa": 1,
    "cantidad": 1,
    "motivo_movimiento": "salida",
    "item": 6730,
    "precio_unitario": "89.00",
    "fecha_transaccion": "2016-03-31",
    "detalle": "Venta a weewrwer s/g factura Nro. 1"
  },
  "model": "ventas.movimiento",
  "pk": 6813
},
{
  "fields": {
    "empresa": 1,
    "cantidad": 1,
    "motivo_movimiento": "salida",
    "item": 6730,
    "precio_unitario": "89.00",
    "fecha_transaccion": "2016-03-17",
    "detalle": "Venta a ertertert"
  },
  "model": "ventas.movimiento",
  "pk": 6754
},
{
  "fields": {
    "empresa": 1,
    "cantidad": 1,
    "motivo_movimiento": "salida",
    "item": 6729,
    "precio_unitario": "89.00",
    "fecha_transaccion": "2016-03-17",
    "detalle": "Venta a werwerwe"
  },
  "model": "ventas.movimiento",
  "pk": 6755
},
{
  "fields": {
    "empresa": 1,
    "cantidad": 1,
    "motivo_movimiento": "salida",
    "item": 6730,
    "precio_unitario": "89.00",
    "fecha_transaccion": "2016-03-17",
    "detalle": "Venta a werwerwe"
  },
  "model": "ventas.movimiento",
  "pk": 6756
},
{
  "fields": {
    "empresa": 1,
    "cantidad": 1,
    "motivo_movimiento": "salida",
    "item": 6730,
    "precio_unitario": "89.00",
    "fecha_transaccion": "2016-03-25",
    "detalle": "Venta a jugooo s/g nota Nro. 14"
  },
  "model": "ventas.movimiento",
  "pk": 6799
},
{
  "fields": {
    "empresa": 1,
    "cantidad": 1,
    "motivo_movimiento": "salida",
    "item": 6730,
    "precio_unitario": "89.00",
    "fecha_transaccion": "2016-03-30",
    "detalle": "Venta a wer s/g factura Nro. 29"
  },
  "model": "ventas.movimiento",
  "pk": 6800
},
{
  "fields": {
    "empresa": 1,
    "cantidad": 1,
    "motivo_movimiento": "salida",
    "item": 6730,
    "precio_unitario": "89.00",
    "fecha_transaccion": "2016-03-31",
    "detalle": "Venta a wrwrwrwr s/g factura Nro. 1"
  },
  "model": "ventas.movimiento",
  "pk": 6801
},
{
  "fields": {
    "empresa": 1,
    "cantidad": 1,
    "motivo_movimiento": "salida",
    "item": 6730,
    "precio_unitario": "89.00",
    "fecha_transaccion": "2016-03-31",
    "detalle": "Venta a werwerwrwerw s/g factura Nro. 1"
  },
  "model": "ventas.movimiento",
  "pk": 6802
},
{
  "fields": {
    "empresa": 1,
    "cantidad": 1,
    "motivo_movimiento": "salida",
    "item": 6730,
    "precio_unitario": "89.00",
    "fecha_transaccion": "2016-03-31",
    "detalle": "Venta a sdfsfsfsf s/g factura Nro. 1"
  },
  "model": "ventas.movimiento",
  "pk": 6803
},
{
  "fields": {
    "empresa": 1,
    "cantidad": 1,
    "motivo_movimiento": "salida",
    "item": 6730,
    "precio_unitario": "89.00",
    "fecha_transaccion": "2016-03-31",
    "detalle": "Venta a ryryryryryry s/g factura Nro. 1"
  },
  "model": "ventas.movimiento",
  "pk": 6804
},
{
  "fields": {
    "empresa": 1,
    "cantidad": 1,
    "motivo_movimiento": "salida",
    "item": 6730,
    "precio_unitario": "89.00",
    "fecha_transaccion": "2016-03-31",
    "detalle": "Venta a ertertertertertet s/g factura Nro. 1"
  },
  "model": "ventas.movimiento",
  "pk": 6805
},
{
  "fields": {
    "empresa": 1,
    "cantidad": 1,
    "motivo_movimiento": "salida",
    "item": 6730,
    "precio_unitario": "89.00",
    "fecha_transaccion": "2016-03-31",
    "detalle": "Venta a ghghghg s/g factura Nro. 1"
  },
  "model": "ventas.movimiento",
  "pk": 6806
},
{
  "fields": {
    "empresa": 1,
    "cantidad": 1,
    "motivo_movimiento": "salida",
    "item": 6730,
    "precio_unitario": "89.00",
    "fecha_transaccion": "2016-03-31",
    "detalle": "Venta a dhdhdhdh s/g factura Nro. 1"
  },
  "model": "ventas.movimiento",
  "pk": 6807
},
{
  "fields": {
    "empresa": 1,
    "cantidad": 1,
    "motivo_movimiento": "salida",
    "item": 6730,
    "precio_unitario": "89.00",
    "fecha_transaccion": "2016-03-31",
    "detalle": "Venta a dhdhdhdh s/g factura Nro. 1"
  },
  "model": "ventas.movimiento",
  "pk": 6808
},
{
  "fields": {
    "empresa": 1,
    "cantidad": 1,
    "motivo_movimiento": "salida",
    "item": 6729,
    "precio_unitario": "89.00",
    "fecha_transaccion": "2016-04-18",
    "detalle": "Venta a ewrwerwe s/g nota Nro. 20"
  },
  "model": "ventas.movimiento",
  "pk": 7855
},
{
  "fields": {
    "empresa": 1,
    "cantidad": 1,
    "motivo_movimiento": "ingreso",
    "item": 6730,
    "precio_unitario": "89.00",
    "fecha_transaccion": "2016-04-19",
    "detalle": "Compra a jojoj s/g factura Nro. 345"
  },
  "model": "ventas.movimiento",
  "pk": 7857
},
{
  "fields": {
    "empresa": 1,
    "cantidad": 1,
    "motivo_movimiento": "ingreso",
    "item": 6729,
    "precio_unitario": "89.00",
    "fecha_transaccion": "2016-04-19",
    "detalle": "Compra a jojoj s/g factura Nro. 345"
  },
  "model": "ventas.movimiento",
  "pk": 7858
},
{
  "fields": {
    "empresa": 1,
    "cantidad": 1,
    "motivo_movimiento": "ingreso",
    "item": 6730,
    "precio_unitario": "100.00",
    "fecha_transaccion": "2016-04-20",
    "detalle": "Compra a wewrwrw s/g factura Nro. 234324"
  },
  "model": "ventas.movimiento",
  "pk": 7860
},
{
  "fields": {
    "empresa": 1,
    "cantidad": 1,
    "motivo_movimiento": "salida",
    "item": 6729,
    "precio_unitario": "89.00",
    "fecha_transaccion": "2016-04-18",
    "detalle": "Venta a ewrwerwe s/g nota Nro. 21"
  },
  "model": "ventas.movimiento",
  "pk": 7856
},
{
  "fields": {
    "empresa": 1,
    "cantidad": 1,
    "motivo_movimiento": "salida",
    "item": 6729,
    "precio_unitario": "89.00",
    "fecha_transaccion": "2016-04-19",
    "detalle": "Venta a ewrwerwe s/g factura Nro. 102"
  },
  "model": "ventas.movimiento",
  "pk": 7859
},
{
  "fields": {
    "empresa": 1,
    "cantidad": 1,
    "motivo_movimiento": "ingreso",
    "item": 6730,
    "precio_unitario": "200.00",
    "fecha_transaccion": "2016-04-20",
    "detalle": "Compra a jojoj s/g factura Nro. 234234"
  },
  "model": "ventas.movimiento",
  "pk": 7861
},
{
  "fields": {
    "empresa": 1,
    "cantidad": 1,
    "motivo_movimiento": "salida",
    "item": 6730,
    "precio_unitario": "89.00",
    "fecha_transaccion": "2016-04-22",
    "detalle": "Baja"
  },
  "model": "ventas.movimiento",
  "pk": 7862
},
{
  "fields": {
    "empresa": 1,
    "cantidad": 1,
    "motivo_movimiento": "salida",
    "item": 6729,
    "precio_unitario": "89.00",
    "fecha_transaccion": "2016-04-22",
    "detalle": "Baja"
  },
  "model": "ventas.movimiento",
  "pk": 7863
},
{
  "fields": {
    "empresa": 1,
    "cantidad": 1,
    "motivo_movimiento": "salida",
    "item": 6729,
    "precio_unitario": "89.00",
    "fecha_transaccion": "2016-04-22",
    "detalle": "Baja"
  },
  "model": "ventas.movimiento",
  "pk": 7864
},
{
  "fields": {
    "empresa": 1,
    "cantidad": 1,
    "motivo_movimiento": "salida",
    "item": 6729,
    "precio_unitario": "89.00",
    "fecha_transaccion": "2016-04-22",
    "detalle": "Baja"
  },
  "model": "ventas.movimiento",
  "pk": 7866
},
{
  "fields": {
    "empresa": 1,
    "cantidad": 1,
    "motivo_movimiento": "salida",
    "item": 6729,
    "precio_unitario": "89.00",
    "fecha_transaccion": "2016-04-22",
    "detalle": "Baja"
  },
  "model": "ventas.movimiento",
  "pk": 7867
},
{
  "fields": {
    "empresa": 1,
    "cantidad": 1,
    "motivo_movimiento": "salida",
    "item": 6729,
    "precio_unitario": "89.00",
    "fecha_transaccion": "2016-04-22",
    "detalle": "Baja"
  },
  "model": "ventas.movimiento",
  "pk": 7868
},
{
  "fields": {
    "empresa": 1,
    "cantidad": 1,
    "motivo_movimiento": "salida",
    "item": 6729,
    "precio_unitario": "89.00",
    "fecha_transaccion": "2016-04-22",
    "detalle": "Venta a rwerwer s/g factura Nro. 103"
  },
  "model": "ventas.movimiento",
  "pk": 7870
},
{
  "fields": {
    "empresa": 1,
    "cantidad": 1,
    "motivo_movimiento": "salida",
    "item": 6729,
    "precio_unitario": "89.00",
    "fecha_transaccion": "2016-04-22",
    "detalle": "Baja"
  },
  "model": "ventas.movimiento",
  "pk": 7871
},
{
  "fields": {
    "empresa": 1,
    "cantidad": 1,
    "motivo_movimiento": "salida",
    "item": 6729,
    "precio_unitario": "89.00",
    "fecha_transaccion": "2016-04-22",
    "detalle": "Baja"
  },
  "model": "ventas.movimiento",
  "pk": 7872
},
{
  "fields": {
    "empresa": 1,
    "cantidad": 1,
    "motivo_movimiento": "salida",
    "item": 6729,
    "precio_unitario": "89.00",
    "fecha_transaccion": "2016-04-22",
    "detalle": "Baja"
  },
  "model": "ventas.movimiento",
  "pk": 7874
},
{
  "fields": {
    "empresa": 1,
    "cantidad": 1,
    "motivo_movimiento": "salida",
    "item": 6729,
    "precio_unitario": "89.00",
    "fecha_transaccion": "2016-04-22",
    "detalle": "Baja"
  },
  "model": "ventas.movimiento",
  "pk": 7875
},
{
  "fields": {
    "empresa": 1,
    "cantidad": 1,
    "motivo_movimiento": "salida",
    "item": 6729,
    "precio_unitario": "89.00",
    "fecha_transaccion": "2016-04-22",
    "detalle": "Baja"
  },
  "model": "ventas.movimiento",
  "pk": 7876
},
{
  "fields": {
    "empresa": 1,
    "cantidad": 1,
    "motivo_movimiento": "salida",
    "item": 6729,
    "precio_unitario": "89.00",
    "fecha_transaccion": "2016-04-23",
    "detalle": "Venta a rwerwer s/g factura Nro. 104"
  },
  "model": "ventas.movimiento",
  "pk": 7879
},
{
  "fields": {
    "empresa": 1,
    "cantidad": 1,
    "motivo_movimiento": "salida",
    "item": 6729,
    "precio_unitario": "89.00",
    "fecha_transaccion": "2016-04-23",
    "detalle": "Venta a rwerwer s/g nota Nro. 22"
  },
  "model": "ventas.movimiento",
  "pk": 7880
},
{
  "fields": {
    "empresa": 1,
    "cantidad": 1,
    "motivo_movimiento": "salida",
    "item": 6729,
    "precio_unitario": "89.00",
    "fecha_transaccion": "2016-04-23",
    "detalle": "Venta a rwerwer s/g factura Nro. 105"
  },
  "model": "ventas.movimiento",
  "pk": 7881
},
{
  "fields": {
    "empresa": 1,
    "cantidad": 1,
    "motivo_movimiento": "salida",
    "item": 6729,
    "precio_unitario": "89.00",
    "fecha_transaccion": "2016-04-27",
    "detalle": "Venta a ewrwerwe s/g factura Nro. 106"
  },
  "model": "ventas.movimiento",
  "pk": 7888
},
{
  "fields": {
    "empresa": 1,
    "cantidad": 1,
    "motivo_movimiento": "salida",
    "item": 6730,
    "precio_unitario": "89.00",
    "fecha_transaccion": "2016-04-08",
    "detalle": "Venta a ewrwerwe s/g factura Nro. 135"
  },
  "model": "ventas.movimiento",
  "pk": 7833
},
{
  "fields": {
    "empresa": 1,
    "cantidad": 1,
    "motivo_movimiento": "salida",
    "item": 6730,
    "precio_unitario": "89.00",
    "fecha_transaccion": "2016-04-08",
    "detalle": "Venta a werwer s/g factura Nro. 136"
  },
  "model": "ventas.movimiento",
  "pk": 7834
},
{
  "fields": {
    "empresa": 1,
    "cantidad": 1,
    "motivo_movimiento": "salida",
    "item": 6730,
    "precio_unitario": "89.00",
    "fecha_transaccion": "2016-04-14",
    "detalle": "Venta a rwerwer s/g factura Nro. 137"
  },
  "model": "ventas.movimiento",
  "pk": 7835
},
{
  "fields": {
    "empresa": 1,
    "cantidad": 1,
    "motivo_movimiento": "salida",
    "item": 6730,
    "precio_unitario": "89.00",
    "fecha_transaccion": "2016-04-14",
    "detalle": "Venta a rwerwer s/g nota Nro. 15"
  },
  "model": "ventas.movimiento",
  "pk": 7836
},
{
  "fields": {
    "empresa": 1,
    "cantidad": 1,
    "motivo_movimiento": "salida",
    "item": 6730,
    "precio_unitario": "89.00",
    "fecha_transaccion": "2016-04-14",
    "detalle": "Venta a rwerwer s/g nota Nro. 16"
  },
  "model": "ventas.movimiento",
  "pk": 7837
},
{
  "fields": {
    "empresa": 1,
    "cantidad": 1,
    "motivo_movimiento": "salida",
    "item": 6730,
    "precio_unitario": "89.00",
    "fecha_transaccion": "2016-04-14",
    "detalle": "Venta a rwerwer s/g factura Nro. 138"
  },
  "model": "ventas.movimiento",
  "pk": 7838
},
{
  "fields": {
    "empresa": 1,
    "cantidad": 1,
    "motivo_movimiento": "salida",
    "item": 6730,
    "precio_unitario": "89.00",
    "fecha_transaccion": "2016-04-14",
    "detalle": "Venta a swrwerwr s/g factura Nro. 100"
  },
  "model": "ventas.movimiento",
  "pk": 7839
},
{
  "fields": {
    "empresa": 1,
    "cantidad": 1,
    "motivo_movimiento": "salida",
    "item": 6730,
    "precio_unitario": "89.00",
    "fecha_transaccion": "2016-04-14",
    "detalle": "Venta a weewrwer s/g nota Nro. 17"
  },
  "model": "ventas.movimiento",
  "pk": 7840
},
{
  "fields": {
    "empresa": 1,
    "cantidad": 1,
    "motivo_movimiento": "salida",
    "item": 6730,
    "precio_unitario": "89.00",
    "fecha_transaccion": "2016-04-14",
    "detalle": "Venta a weewrwer s/g factura Nro. 100"
  },
  "model": "ventas.movimiento",
  "pk": 7841
},
{
  "fields": {
    "empresa": 1,
    "cantidad": 1,
    "motivo_movimiento": "salida",
    "item": 6730,
    "precio_unitario": "89.00",
    "fecha_transaccion": "2016-04-14",
    "detalle": "Venta a rwerwer s/g factura Nro. 100"
  },
  "model": "ventas.movimiento",
  "pk": 7842
},
{
  "fields": {
    "empresa": 1,
    "cantidad": 1,
    "motivo_movimiento": "salida",
    "item": 6730,
    "precio_unitario": "89.00",
    "fecha_transaccion": "2016-04-14",
    "detalle": "Venta a swrwerwr s/g factura Nro. 100"
  },
  "model": "ventas.movimiento",
  "pk": 7843
},
{
  "fields": {
    "empresa": 1,
    "cantidad": 1,
    "motivo_movimiento": "salida",
    "item": 6730,
    "precio_unitario": "89.00",
    "fecha_transaccion": "2016-04-14",
    "detalle": "Venta a rwerwer s/g factura Nro. 100"
  },
  "model": "ventas.movimiento",
  "pk": 7844
},
{
  "fields": {
    "empresa": 1,
    "cantidad": 1,
    "motivo_movimiento": "salida",
    "item": 6730,
    "precio_unitario": "89.00",
    "fecha_transaccion": "2016-04-14",
    "detalle": "Venta a rwerwer s/g factura Nro. 100"
  },
  "model": "ventas.movimiento",
  "pk": 7845
},
{
  "fields": {
    "empresa": 1,
    "cantidad": 1,
    "motivo_movimiento": "salida",
    "item": 6730,
    "precio_unitario": "89.00",
    "fecha_transaccion": "2016-04-14",
    "detalle": "Venta a rwerwer s/g factura Nro. 139"
  },
  "model": "ventas.movimiento",
  "pk": 7846
},
{
  "fields": {
    "empresa": 1,
    "cantidad": 1,
    "motivo_movimiento": "salida",
    "item": 6730,
    "precio_unitario": "89.00",
    "fecha_transaccion": "2016-04-14",
    "detalle": "Venta a weewrwer s/g factura Nro. 140"
  },
  "model": "ventas.movimiento",
  "pk": 7847
},
{
  "fields": {
    "empresa": 1,
    "cantidad": 1,
    "motivo_movimiento": "salida",
    "item": 6730,
    "precio_unitario": "89.00",
    "fecha_transaccion": "2016-04-14",
    "detalle": "Venta a weewrwer s/g nota Nro. 18"
  },
  "model": "ventas.movimiento",
  "pk": 7848
},
{
  "fields": {
    "monto_pago": "10.00",
    "fecha_transaccion": "2016-03-18",
    "venta": 31,
    "nro": null,
    "empresa": 1
  },
  "model": "ventas.cobro",
  "pk": 3
},
{
  "fields": {
    "monto_pago": "10.00",
    "fecha_transaccion": "2016-03-18",
    "venta": 31,
    "nro": null,
    "empresa": 1
  },
  "model": "ventas.cobro",
  "pk": 4
},
{
  "fields": {
    "monto_pago": "10.00",
    "fecha_transaccion": "2016-03-18",
    "venta": 31,
    "nro": null,
    "empresa": 1
  },
  "model": "ventas.cobro",
  "pk": 5
},
{
  "fields": {
    "monto_pago": "10.00",
    "fecha_transaccion": "2016-03-18",
    "venta": 31,
    "nro": null,
    "empresa": 1
  },
  "model": "ventas.cobro",
  "pk": 6
},
{
  "fields": {
    "monto_pago": "10.00",
    "fecha_transaccion": "2016-03-18",
    "venta": 31,
    "nro": null,
    "empresa": 1
  },
  "model": "ventas.cobro",
  "pk": 7
},
{
  "fields": {
    "monto_pago": "10.00",
    "fecha_transaccion": "2016-03-18",
    "venta": 31,
    "nro": null,
    "empresa": 1
  },
  "model": "ventas.cobro",
  "pk": 8
},
{
  "fields": {
    "monto_pago": "5.00",
    "fecha_transaccion": "2016-03-18",
    "venta": 31,
    "nro": null,
    "empresa": 1
  },
  "model": "ventas.cobro",
  "pk": 9
},
{
  "fields": {
    "monto_pago": "2.00",
    "fecha_transaccion": "2016-03-18",
    "venta": 31,
    "nro": null,
    "empresa": 1
  },
  "model": "ventas.cobro",
  "pk": 10
},
{
  "fields": {
    "monto_pago": "2.00",
    "fecha_transaccion": "2016-03-18",
    "venta": 31,
    "nro": null,
    "empresa": 1
  },
  "model": "ventas.cobro",
  "pk": 11
},
{
  "fields": {
    "monto_pago": "10.00",
    "fecha_transaccion": "2016-03-18",
    "venta": 32,
    "nro": null,
    "empresa": 1
  },
  "model": "ventas.cobro",
  "pk": 12
},
{
  "fields": {
    "monto_pago": "10.00",
    "fecha_transaccion": "2016-03-18",
    "venta": 32,
    "nro": null,
    "empresa": 1
  },
  "model": "ventas.cobro",
  "pk": 13
},
{
  "fields": {
    "monto_pago": "10.50",
    "fecha_transaccion": "2016-03-18",
    "venta": 32,
    "nro": null,
    "empresa": 1
  },
  "model": "ventas.cobro",
  "pk": 14
},
{
  "fields": {
    "monto_pago": "10.50",
    "fecha_transaccion": "2016-03-18",
    "venta": 32,
    "nro": null,
    "empresa": 1
  },
  "model": "ventas.cobro",
  "pk": 15
},
{
  "fields": {
    "monto_pago": "10.50",
    "fecha_transaccion": "2016-03-18",
    "venta": 32,
    "nro": null,
    "empresa": 1
  },
  "model": "ventas.cobro",
  "pk": 16
},
{
  "fields": {
    "monto_pago": "10.50",
    "fecha_transaccion": "2016-03-18",
    "venta": 32,
    "nro": null,
    "empresa": 1
  },
  "model": "ventas.cobro",
  "pk": 17
},
{
  "fields": {
    "monto_pago": "10.50",
    "fecha_transaccion": "2016-03-18",
    "venta": 32,
    "nro": null,
    "empresa": 1
  },
  "model": "ventas.cobro",
  "pk": 18
},
{
  "fields": {
    "monto_pago": "10.50",
    "fecha_transaccion": "2016-03-18",
    "venta": 32,
    "nro": null,
    "empresa": 1
  },
  "model": "ventas.cobro",
  "pk": 19
},
{
  "fields": {
    "monto_pago": "10.50",
    "fecha_transaccion": "2016-03-18",
    "venta": 32,
    "nro": null,
    "empresa": 1
  },
  "model": "ventas.cobro",
  "pk": 20
},
{
  "fields": {
    "monto_pago": "10.50",
    "fecha_transaccion": "2016-03-18",
    "venta": 32,
    "nro": null,
    "empresa": 1
  },
  "model": "ventas.cobro",
  "pk": 21
},
{
  "fields": {
    "monto_pago": "10.50",
    "fecha_transaccion": "2016-03-18",
    "venta": 32,
    "nro": null,
    "empresa": 1
  },
  "model": "ventas.cobro",
  "pk": 22
},
{
  "fields": {
    "monto_pago": "10.50",
    "fecha_transaccion": "2016-03-18",
    "venta": 32,
    "nro": null,
    "empresa": 1
  },
  "model": "ventas.cobro",
  "pk": 23
},
{
  "fields": {
    "monto_pago": "10.00",
    "fecha_transaccion": "2016-03-18",
    "venta": 33,
    "nro": null,
    "empresa": 1
  },
  "model": "ventas.cobro",
  "pk": 24
},
{
  "fields": {
    "monto_pago": "10.00",
    "fecha_transaccion": "2016-03-18",
    "venta": 33,
    "nro": null,
    "empresa": 1
  },
  "model": "ventas.cobro",
  "pk": 25
},
{
  "fields": {
    "monto_pago": "10.00",
    "fecha_transaccion": "2016-03-18",
    "venta": 33,
    "nro": null,
    "empresa": 1
  },
  "model": "ventas.cobro",
  "pk": 26
},
{
  "fields": {
    "monto_pago": "10.00",
    "fecha_transaccion": "2016-03-18",
    "venta": 33,
    "nro": null,
    "empresa": 1
  },
  "model": "ventas.cobro",
  "pk": 27
},
{
  "fields": {
    "monto_pago": "10.00",
    "fecha_transaccion": "2016-03-18",
    "venta": 33,
    "nro": null,
    "empresa": 1
  },
  "model": "ventas.cobro",
  "pk": 28
},
{
  "fields": {
    "monto_pago": "10.00",
    "fecha_transaccion": "2016-03-18",
    "venta": 33,
    "nro": null,
    "empresa": 1
  },
  "model": "ventas.cobro",
  "pk": 29
},
{
  "fields": {
    "monto_pago": "10.00",
    "fecha_transaccion": "2016-03-18",
    "venta": 33,
    "nro": null,
    "empresa": 1
  },
  "model": "ventas.cobro",
  "pk": 30
},
{
  "fields": {
    "monto_pago": "10.00",
    "fecha_transaccion": "2016-03-18",
    "venta": 33,
    "nro": null,
    "empresa": 1
  },
  "model": "ventas.cobro",
  "pk": 31
},
{
  "fields": {
    "monto_pago": "10.00",
    "fecha_transaccion": "2016-03-18",
    "venta": 33,
    "nro": null,
    "empresa": 1
  },
  "model": "ventas.cobro",
  "pk": 32
},
{
  "fields": {
    "monto_pago": "10.00",
    "fecha_transaccion": "2016-03-18",
    "venta": 33,
    "nro": null,
    "empresa": 1
  },
  "model": "ventas.cobro",
  "pk": 33
},
{
  "fields": {
    "monto_pago": "10.00",
    "fecha_transaccion": "2016-03-18",
    "venta": 33,
    "nro": null,
    "empresa": 1
  },
  "model": "ventas.cobro",
  "pk": 34
},
{
  "fields": {
    "monto_pago": "10.00",
    "fecha_transaccion": "2016-03-18",
    "venta": 34,
    "nro": 1,
    "empresa": 1
  },
  "model": "ventas.cobro",
  "pk": 35
},
{
  "fields": {
    "monto_pago": "10.00",
    "fecha_transaccion": "2016-03-18",
    "venta": 34,
    "nro": 2,
    "empresa": 1
  },
  "model": "ventas.cobro",
  "pk": 36
},
{
  "fields": {
    "monto_pago": "10.00",
    "fecha_transaccion": "2016-03-18",
    "venta": 34,
    "nro": 3,
    "empresa": 1
  },
  "model": "ventas.cobro",
  "pk": 37
},
{
  "fields": {
    "monto_pago": "10.00",
    "fecha_transaccion": "2016-03-18",
    "venta": 34,
    "nro": 4,
    "empresa": 1
  },
  "model": "ventas.cobro",
  "pk": 38
},
{
  "fields": {
    "monto_pago": "10.00",
    "fecha_transaccion": "2016-03-18",
    "venta": 34,
    "nro": 5,
    "empresa": 1
  },
  "model": "ventas.cobro",
  "pk": 39
},
{
  "fields": {
    "monto_pago": "10.00",
    "fecha_transaccion": "2016-03-18",
    "venta": 34,
    "nro": 6,
    "empresa": 1
  },
  "model": "ventas.cobro",
  "pk": 40
},
{
  "fields": {
    "monto_pago": "10.00",
    "fecha_transaccion": "2016-03-18",
    "venta": 34,
    "nro": 7,
    "empresa": 1
  },
  "model": "ventas.cobro",
  "pk": 41
},
{
  "fields": {
    "monto_pago": "10.00",
    "fecha_transaccion": "2016-03-18",
    "venta": 34,
    "nro": 8,
    "empresa": 1
  },
  "model": "ventas.cobro",
  "pk": 42
},
{
  "fields": {
    "monto_pago": "10.00",
    "fecha_transaccion": "2016-03-18",
    "venta": 34,
    "nro": 9,
    "empresa": 1
  },
  "model": "ventas.cobro",
  "pk": 43
},
{
  "fields": {
    "monto_pago": "10.00",
    "fecha_transaccion": "2016-03-18",
    "venta": 34,
    "nro": 10,
    "empresa": 1
  },
  "model": "ventas.cobro",
  "pk": 44
},
{
  "fields": {
    "monto_pago": "10.00",
    "fecha_transaccion": "2016-03-18",
    "venta": 34,
    "nro": 11,
    "empresa": 1
  },
  "model": "ventas.cobro",
  "pk": 45
},
{
  "fields": {
    "monto_pago": "10.00",
    "fecha_transaccion": "2016-03-18",
    "venta": 34,
    "nro": 12,
    "empresa": 1
  },
  "model": "ventas.cobro",
  "pk": 46
},
{
  "fields": {
    "monto_pago": "10.00",
    "fecha_transaccion": "2016-03-18",
    "venta": 34,
    "nro": 13,
    "empresa": 1
  },
  "model": "ventas.cobro",
  "pk": 47
},
{
  "fields": {
    "monto_pago": "10.00",
    "fecha_transaccion": "2016-03-18",
    "venta": 34,
    "nro": 14,
    "empresa": 1
  },
  "model": "ventas.cobro",
  "pk": 48
},
{
  "fields": {
    "monto_pago": "10.00",
    "fecha_transaccion": "2016-03-18",
    "venta": 34,
    "nro": 15,
    "empresa": 1
  },
  "model": "ventas.cobro",
  "pk": 49
},
{
  "fields": {
    "monto_pago": "10.00",
    "fecha_transaccion": "2016-03-18",
    "venta": 34,
    "nro": 16,
    "empresa": 1
  },
  "model": "ventas.cobro",
  "pk": 50
},
{
  "fields": {
    "monto_pago": "10.00",
    "fecha_transaccion": "2016-03-18",
    "venta": 34,
    "nro": 17,
    "empresa": 1
  },
  "model": "ventas.cobro",
  "pk": 51
},
{
  "fields": {
    "monto_pago": "10.00",
    "fecha_transaccion": "2016-03-18",
    "venta": 34,
    "nro": 18,
    "empresa": 1
  },
  "model": "ventas.cobro",
  "pk": 52
},
{
  "fields": {
    "monto_pago": "10.00",
    "fecha_transaccion": "2016-03-18",
    "venta": 34,
    "nro": 19,
    "empresa": 1
  },
  "model": "ventas.cobro",
  "pk": 53
},
{
  "fields": {
    "monto_pago": "10.00",
    "fecha_transaccion": "2016-03-18",
    "venta": 34,
    "nro": 20,
    "empresa": 1
  },
  "model": "ventas.cobro",
  "pk": 54
},
{
  "fields": {
    "monto_pago": "10.00",
    "fecha_transaccion": "2016-03-18",
    "venta": 34,
    "nro": 21,
    "empresa": 1
  },
  "model": "ventas.cobro",
  "pk": 55
},
{
  "fields": {
    "monto_pago": "10.00",
    "fecha_transaccion": "2016-03-18",
    "venta": 34,
    "nro": 22,
    "empresa": 1
  },
  "model": "ventas.cobro",
  "pk": 56
},
{
  "fields": {
    "monto_pago": "10.00",
    "fecha_transaccion": "2016-03-18",
    "venta": 34,
    "nro": 23,
    "empresa": 1
  },
  "model": "ventas.cobro",
  "pk": 57
},
{
  "fields": {
    "monto_pago": "10.00",
    "fecha_transaccion": "2016-03-18",
    "venta": 34,
    "nro": 24,
    "empresa": 1
  },
  "model": "ventas.cobro",
  "pk": 58
},
{
  "fields": {
    "monto_pago": "10.00",
    "fecha_transaccion": "2016-03-20",
    "venta": 35,
    "nro": 25,
    "empresa": 1
  },
  "model": "ventas.cobro",
  "pk": 59
},
{
  "fields": {
    "monto_pago": "10.00",
    "fecha_transaccion": "2016-03-23",
    "venta": 47,
    "nro": 26,
    "empresa": 1
  },
  "model": "ventas.cobro",
  "pk": 60
},
{
  "fields": {
    "monto_pago": "10.00",
    "fecha_transaccion": "2016-03-23",
    "venta": 50,
    "nro": 27,
    "empresa": 1
  },
  "model": "ventas.cobro",
  "pk": 61
},
{
  "fields": {
    "monto_pago": "20.00",
    "fecha_transaccion": "2016-03-23",
    "venta": 49,
    "nro": 28,
    "empresa": 1
  },
  "model": "ventas.cobro",
  "pk": 62
},
{
  "fields": {
    "monto_pago": "10.00",
    "fecha_transaccion": "2016-04-19",
    "venta": 131,
    "nro": 29,
    "empresa": 1
  },
  "model": "ventas.cobro",
  "pk": 63
},
{
  "fields": {
    "monto_pago": "10.00",
    "fecha_transaccion": "2016-03-18",
    "venta": 31,
    "nro": null,
    "empresa": 1
  },
  "model": "ventas.cobro",
  "pk": 1
},
{
  "fields": {
    "monto_pago": "10.00",
    "fecha_transaccion": "2016-03-18",
    "venta": 31,
    "nro": null,
    "empresa": 1
  },
  "model": "ventas.cobro",
  "pk": 2
}
]
