[
{
   "model": "contenttypes.contenttype",
   "fields": {
      "model": "logentry",
      "app_label": "admin"
   },
   "pk": 1
},
{
   "model": "contenttypes.contenttype",
   "fields": {
      "model": "permission",
      "app_label": "auth"
   },
   "pk": 2
},
{
   "model": "contenttypes.contenttype",
   "fields": {
      "model": "group",
      "app_label": "auth"
   },
   "pk": 3
},
{
   "model": "contenttypes.contenttype",
   "fields": {
      "model": "contenttype",
      "app_label": "contenttypes"
   },
   "pk": 4
},
{
   "model": "contenttypes.contenttype",
   "fields": {
      "model": "session",
      "app_label": "sessions"
   },
   "pk": 5
},
{
   "model": "contenttypes.contenttype",
   "fields": {
      "model": "personajuridica",
      "app_label": "users"
   },
   "pk": 6
},
{
   "model": "contenttypes.contenttype",
   "fields": {
      "model": "user",
      "app_label": "users"
   },
   "pk": 7
},
{
   "model": "contenttypes.contenttype",
   "fields": {
      "model": "rol",
      "app_label": "inicio"
   },
   "pk": 8
},
{
   "model": "contenttypes.contenttype",
   "fields": {
      "model": "proveedor",
      "app_label": "proveedores"
   },
   "pk": 9
},
{
   "model": "contenttypes.contenttype",
   "fields": {
      "model": "item",
      "app_label": "producto"
   },
   "pk": 10
},
{
   "model": "contenttypes.contenttype",
   "fields": {
      "model": "cliente",
      "app_label": "cliente"
   },
   "pk": 11
},
{
   "model": "contenttypes.contenttype",
   "fields": {
      "model": "compra",
      "app_label": "compras"
   },
   "pk": 12
},
{
   "model": "contenttypes.contenttype",
   "fields": {
      "model": "detallecompra",
      "app_label": "compras"
   },
   "pk": 13
},
{
   "model": "contenttypes.contenttype",
   "fields": {
      "model": "venta",
      "app_label": "ventas"
   },
   "pk": 14
},
{
   "model": "contenttypes.contenttype",
   "fields": {
      "model": "detalleventa",
      "app_label": "ventas"
   },
   "pk": 15
},
{
   "model": "contenttypes.contenttype",
   "fields": {
      "model": "movimiento",
      "app_label": "ventas"
   },
   "pk": 16
},
{
   "model": "contenttypes.contenttype",
   "fields": {
      "model": "cobro",
      "app_label": "ventas"
   },
   "pk": 17
},
{
   "model": "contenttypes.contenttype",
   "fields": {
      "model": "datosdosificacion",
      "app_label": "config"
   },
   "pk": 18
},
{
   "model": "contenttypes.contenttype",
   "fields": {
      "model": "formatofactura",
      "app_label": "config"
   },
   "pk": 19
},
{
   "model": "sessions.session",
   "fields": {
      "expire_date": "2016-03-15T21:47:03.283Z",
      "session_data": "YjFiNzJjOTUyYzAxZmNlYWYzNTZmOWEzNDNiNzUyMzQ3YmRlMmQyODp7Il9hdXRoX3VzZXJfaWQiOiIxIiwiX2F1dGhfdXNlcl9oYXNoIjoiMTQwZGFjODgzMGNlOWJlYWU2ZWYzYmZlMDFiNTY3ZDM0YmJiZTBkOCIsIl9hdXRoX3VzZXJfYmFja2VuZCI6ImRqYW5nby5jb250cmliLmF1dGguYmFja2VuZHMuTW9kZWxCYWNrZW5kIn0="
   },
   "pk": "1egbe77jz84wt4ht8abw4pp7r3lwnhkh"
},
{
   "model": "sessions.session",
   "fields": {
      "expire_date": "2016-03-01T22:00:03.337Z",
      "session_data": "YjFiNzJjOTUyYzAxZmNlYWYzNTZmOWEzNDNiNzUyMzQ3YmRlMmQyODp7Il9hdXRoX3VzZXJfaWQiOiIxIiwiX2F1dGhfdXNlcl9oYXNoIjoiMTQwZGFjODgzMGNlOWJlYWU2ZWYzYmZlMDFiNTY3ZDM0YmJiZTBkOCIsIl9hdXRoX3VzZXJfYmFja2VuZCI6ImRqYW5nby5jb250cmliLmF1dGguYmFja2VuZHMuTW9kZWxCYWNrZW5kIn0="
   },
   "pk": "35sdzw109x5xrehc9njm3yxy7f52f3qd"
},
{
   "model": "sessions.session",
   "fields": {
      "expire_date": "2016-03-01T21:15:50.191Z",
      "session_data": "YzExNDgzOThkZDMxZDAwZGFlOGM5ZWU1ZGNmMGIxNGYwNjU3NmExYzp7Il9hdXRoX3VzZXJfaGFzaCI6IjNhZTk3ZmM4YzA4OGZhMjc2MzJkMjc5ZTE0MDg4MjA3YzVmYjg1NmMiLCJfYXV0aF91c2VyX2JhY2tlbmQiOiJkamFuZ28uY29udHJpYi5hdXRoLmJhY2tlbmRzLk1vZGVsQmFja2VuZCIsIl9hdXRoX3VzZXJfaWQiOiIyIn0="
   },
   "pk": "3hjqzd7owwnfbuutk70gmr6llfyd0u1q"
},
{
   "model": "sessions.session",
   "fields": {
      "expire_date": "2016-03-02T20:44:03.920Z",
      "session_data": "MThjNTM2YjU2MGVmOWNiZjI1NGZlODVlNmY0ZTgxMTU1YzI4YTAyYTp7Il9hdXRoX3VzZXJfYmFja2VuZCI6ImRqYW5nby5jb250cmliLmF1dGguYmFja2VuZHMuTW9kZWxCYWNrZW5kIiwiX2F1dGhfdXNlcl9pZCI6IjEiLCJfYXV0aF91c2VyX2hhc2giOiIxNDBkYWM4ODMwY2U5YmVhZTZlZjNiZmUwMWI1NjdkMzRiYmJlMGQ4In0="
   },
   "pk": "6l6w9k6yidd8t7psx6h6yg66g9rraf1z"
},
{
   "model": "sessions.session",
   "fields": {
      "expire_date": "2016-03-17T21:47:58.387Z",
      "session_data": "NTVjNWQ4MDdiNjIxY2NhMjk3YmE3ZDE0M2M4OGU3YzFlZjNlNDU0NTp7Il9hdXRoX3VzZXJfaGFzaCI6ImI2NWFkODkwMGQ3N2VhYjQ4NGUzNDY4N2RlZDU2YzU2ZWY4MWJkYjAiLCJfYXV0aF91c2VyX2lkIjoiMTEiLCJfYXV0aF91c2VyX2JhY2tlbmQiOiJkamFuZ28uY29udHJpYi5hdXRoLmJhY2tlbmRzLk1vZGVsQmFja2VuZCJ9"
   },
   "pk": "79lvp76svlgwtguwtpppic8io78xe1bx"
},
{
   "model": "sessions.session",
   "fields": {
      "expire_date": "2016-03-08T13:30:32.418Z",
      "session_data": "Nzg1OTU4NDE3NjEzMTBmNjQ0YjJkMGJlM2EzNTUzMThlOGU0NDY1Njp7Il9hdXRoX3VzZXJfaGFzaCI6IjdmMzg0ODZhZDIxZTFjNDY4ODU0NWMyODVmNGMzODc1YjBiZjk0ZTMiLCJfYXV0aF91c2VyX2lkIjoiNyIsIl9hdXRoX3VzZXJfYmFja2VuZCI6ImRqYW5nby5jb250cmliLmF1dGguYmFja2VuZHMuTW9kZWxCYWNrZW5kIn0="
   },
   "pk": "84uaje9p64ykpb8prqwjyhbq1w4ix7jq"
},
{
   "model": "sessions.session",
   "fields": {
      "expire_date": "2016-03-17T21:47:21.524Z",
      "session_data": "YjMwZDk2ZjJmNDkzNGY5OGRhOGJlYzc4NDM1YzMyYjg4YTI5MmRlMDp7Il9hdXRoX3VzZXJfaGFzaCI6IjE0MGRhYzg4MzBjZTliZWFlNmVmM2JmZTAxYjU2N2QzNGJiYmUwZDgiLCJfYXV0aF91c2VyX2lkIjoiMSIsIl9hdXRoX3VzZXJfYmFja2VuZCI6ImRqYW5nby5jb250cmliLmF1dGguYmFja2VuZHMuTW9kZWxCYWNrZW5kIn0="
   },
   "pk": "9ujf7xic7v5ba1cdf11jqhc91wjjz2da"
},
{
   "model": "sessions.session",
   "fields": {
      "expire_date": "2016-03-17T21:35:47.036Z",
      "session_data": "ZDZmMDZiMzQ2ODE0OGM1NDBkMTM0YmU3MWQ0NTNiYmVlY2Y2MGU4Mzp7Il9hdXRoX3VzZXJfaWQiOiIxMSIsIl9hdXRoX3VzZXJfaGFzaCI6ImI2NWFkODkwMGQ3N2VhYjQ4NGUzNDY4N2RlZDU2YzU2ZWY4MWJkYjAiLCJfYXV0aF91c2VyX2JhY2tlbmQiOiJkamFuZ28uY29udHJpYi5hdXRoLmJhY2tlbmRzLk1vZGVsQmFja2VuZCJ9"
   },
   "pk": "ax7bokbrub055q80hq10w0u6cqzol3mr"
},
{
   "model": "sessions.session",
   "fields": {
      "expire_date": "2016-03-14T15:28:15.218Z",
      "session_data": "NWJhNmFmMDVjYTAxN2VhYTk2YzRiMzgyNzg0MjA5NWQ2N2UxZjlkODp7Il9hdXRoX3VzZXJfaWQiOiIyIiwiX2F1dGhfdXNlcl9oYXNoIjoiM2FlOTdmYzhjMDg4ZmEyNzYzMmQyNzllMTQwODgyMDdjNWZiODU2YyIsIl9hdXRoX3VzZXJfYmFja2VuZCI6ImRqYW5nby5jb250cmliLmF1dGguYmFja2VuZHMuTW9kZWxCYWNrZW5kIn0="
   },
   "pk": "i16kzecgeprtd5smgq7o1xjwu1sx20at"
},
{
   "model": "sessions.session",
   "fields": {
      "expire_date": "2016-03-01T01:37:22.425Z",
      "session_data": "MThjNTM2YjU2MGVmOWNiZjI1NGZlODVlNmY0ZTgxMTU1YzI4YTAyYTp7Il9hdXRoX3VzZXJfYmFja2VuZCI6ImRqYW5nby5jb250cmliLmF1dGguYmFja2VuZHMuTW9kZWxCYWNrZW5kIiwiX2F1dGhfdXNlcl9pZCI6IjEiLCJfYXV0aF91c2VyX2hhc2giOiIxNDBkYWM4ODMwY2U5YmVhZTZlZjNiZmUwMWI1NjdkMzRiYmJlMGQ4In0="
   },
   "pk": "jd7z3h8v4991zp1ppxp6jzwjgegd3alb"
},
{
   "model": "users.personajuridica",
   "fields": {
      "nit": 6422077019,
      "telefono3": null,
      "telefono2": null,
      "departamento": "Cochabamba",
      "telefono": 4725270,
      "municipios": "Cochabamba",
      "direccion": "CALLE ESTEBAN ARCE NRO 429",
      "razon_social": "ENLACE SERVICIOS"
   },
   "pk": 1
},
{
   "model": "users.personajuridica",
   "fields": {
      "nit": 1009271022,
      "telefono3": null,
      "telefono2": null,
      "departamento": "Cochabamba",
      "telefono": 4713554,
      "municipios": "Sacaba",
      "direccion": "AV. VILLAZON KM 7 1/2 NRO 8474",
      "razon_social": "EMPRESA CONSTRUCTORA CONGERSOL LTDA."
   },
   "pk": 2
},
{
   "model": "users.personajuridica",
   "fields": {
      "nit": 324324,
      "telefono3": null,
      "telefono2": 467575,
      "departamento": "Cochabamba",
      "telefono": 45665756,
      "municipios": "Aiquile",
      "direccion": "sacaba",
      "razon_social": "Empresa SRL"
   },
   "pk": 6
},
{
   "model": "proveedores.proveedor",
   "fields": {
      "nit": "46441131316",
      "rubro": "COMERCIAL",
      "codigo": "CAC001",
      "telefono3": null,
      "telefono2": null,
      "telefono1": 33345777,
      "empresa": 2,
      "fecha2": "2016-02-26",
      "fecha1": "2016-02-17",
      "ubicacion_geo": "LA SUDESTE",
      "contactos": "JOSE LOPEZ",
      "texto2": null,
      "direccion": "AV. LA GURADIA",
      "texto1": "ANIVERS",
      "razon_social": "CATERCU SRL"
   },
   "pk": 1
},
{
   "model": "proveedores.proveedor",
   "fields": {
      "nit": "qwqww",
      "rubro": "hjhjh",
      "codigo": "p1",
      "telefono3": 44444,
      "telefono2": 42425,
      "telefono1": 45644446,
      "empresa": 6,
      "fecha2": "2015-09-23",
      "fecha1": "2015-09-23",
      "ubicacion_geo": "jhjhh",
      "contactos": "errerere",
      "texto2": "jhjh",
      "direccion": "hkjhj",
      "texto1": "jhjhjhj",
      "razon_social": "pedro"
   },
   "pk": 4
},
{
   "model": "proveedores.proveedor",
   "fields": {
      "nit": "uyyyuyuyy",
      "rubro": "dfdhdh",
      "codigo": "p3",
      "telefono3": 4545,
      "telefono2": 454545,
      "telefono1": 343434,
      "empresa": 6,
      "fecha2": "2015-09-23",
      "fecha1": "2015-09-23",
      "ubicacion_geo": "ererrrreer",
      "contactos": "erer",
      "texto2": "ererer",
      "direccion": "wewe",
      "texto1": "uuuuuu",
      "razon_social": "jose"
   },
   "pk": 5
},
{
   "model": "proveedores.proveedor",
   "fields": {
      "nit": "ewewe",
      "rubro": "hdhdh",
      "codigo": "p32",
      "telefono3": null,
      "telefono2": null,
      "telefono1": 343434,
      "empresa": 6,
      "fecha2": "2015-09-23",
      "fecha1": "2015-09-23",
      "ubicacion_geo": "erererre",
      "contactos": "erererree",
      "texto2": "ererer",
      "direccion": "wewe",
      "texto1": "ttttttt",
      "razon_social": "juan"
   },
   "pk": 6
},
{
   "model": "proveedores.proveedor",
   "fields": {
      "nit": "wewew",
      "rubro": "dhdhd",
      "codigo": "p42",
      "telefono3": null,
      "telefono2": null,
      "telefono1": 343434,
      "empresa": 6,
      "fecha2": "2015-09-23",
      "fecha1": "2015-09-23",
      "ubicacion_geo": "yyyyyy",
      "contactos": "ererere",
      "texto2": "ererer",
      "direccion": "weewe",
      "texto1": "rterrere",
      "razon_social": "ramon"
   },
   "pk": 7
},
{
   "model": "proveedores.proveedor",
   "fields": {
      "nit": "wewew",
      "rubro": "dhdhdhdh",
      "codigo": "p52",
      "telefono3": null,
      "telefono2": null,
      "telefono1": 343434,
      "empresa": 6,
      "fecha2": "2015-09-23",
      "fecha1": "2015-09-23",
      "ubicacion_geo": "uuuuuuu",
      "contactos": "erereerer",
      "texto2": "ererewew",
      "direccion": "wewe",
      "texto1": "ererreerr",
      "razon_social": "nose"
   },
   "pk": 8
},
{
   "model": "proveedores.proveedor",
   "fields": {
      "nit": "wewew",
      "rubro": "w",
      "codigo": "p62",
      "telefono3": null,
      "telefono2": null,
      "telefono1": 343434,
      "empresa": 6,
      "fecha2": "2015-09-23",
      "fecha1": "2015-09-23",
      "ubicacion_geo": "uuuuuuu",
      "contactos": "ererere",
      "texto2": "qqqq",
      "direccion": "wewe",
      "texto1": "rerer",
      "razon_social": "nancy"
   },
   "pk": 9
},
{
   "model": "proveedores.proveedor",
   "fields": {
      "nit": "wewew",
      "rubro": "eeeeeeee",
      "codigo": "p72",
      "telefono3": null,
      "telefono2": null,
      "telefono1": 343434,
      "empresa": 6,
      "fecha2": "2015-09-23",
      "fecha1": "2015-09-23",
      "ubicacion_geo": "uuuuuuu",
      "contactos": "ererr",
      "texto2": "rtetete",
      "direccion": "rtrtrtrtrt",
      "texto1": "rerer",
      "razon_social": "anita"
   },
   "pk": 10
},
{
   "model": "producto.item",
   "fields": {
      "costo_unitario": "48.00",
      "subgrupo": "REPUESTOS",
      "cantidad": 60,
      "proveedor": 1,
      "precio_unitario": "50.00",
      "empresa": 2,
      "descripcion": "CELENOIDE DE 500 WTSA COD46446",
      "fecha_transaccion": null,
      "grupo": "ELECTRICOS",
      "almacen": 1,
      "codigo_fabrica": "56412113",
      "unidad_medida": "PZA",
      "saldo_min": 10,
      "codigo_item": "CEL500",
      "carac_especial_2": "PARA PALA CARGADORA FRONTAL",
      "imagen": "",
      "carac_especial_1": "ALEMAN"
   },
   "pk": 1
},
{
   "model": "cliente.cliente",
   "fields": {
      "nit": 74325937483,
      "rubro": "Industrial",
      "codigo": "DIA377",
      "empresa": 1,
      "categoria": "A",
      "fecha2": "2016-02-15",
      "telefonos3": "",
      "telefonos2": "",
      "telefonos1": "4474748",
      "fecha": "2016-02-15",
      "textos2": "CUMPLEA\u00d1OS DEL CONTACTO",
      "textos": "ANIVERSAIOR DE LA EMPRE",
      "razonsocial": "leo",
      "direccion": "av jlkjlkj",
      "ubucaciongeo": "central",
      "contacto": "ruben"
   },
   "pk": 1
},
{
   "model": "cliente.cliente",
   "fields": {
      "nit": 8744522016,
      "rubro": "CONSTRUCCION",
      "codigo": "GSV874",
      "empresa": 2,
      "categoria": "A",
      "fecha2": "2016-02-25",
      "telefonos3": "",
      "telefonos2": "",
      "telefonos1": "4713554",
      "fecha": "2016-06-19",
      "textos2": "DESCUENTOS ESPECIALES",
      "textos": "CUMPLEA\u00d1OS DEL PROPIETARIO",
      "razonsocial": "GERMAN HERNAN SOLIZ VARGAS",
      "direccion": "AV. VILLAZON KM 7 1/2 NRO 8474",
      "ubucaciongeo": "SACABA",
      "contacto": "FELI "
   },
   "pk": 2
},
{
   "model": "cliente.cliente",
   "fields": {
      "nit": 34,
      "rubro": "jaskd",
      "codigo": "6556",
      "empresa": null,
      "categoria": "asds",
      "fecha2": "2016-02-10",
      "telefonos3": "345",
      "telefonos2": "3453",
      "telefonos1": "43454",
      "fecha": "2016-02-10",
      "textos2": "dfghf",
      "textos": "fgdghd",
      "razonsocial": "juan",
      "direccion": "nose",
      "ubucaciongeo": "asdfs",
      "contacto": "363"
   },
   "pk": 6
},
{
   "model": "cliente.cliente",
   "fields": {
      "nit": 34,
      "rubro": "jaskd",
      "codigo": "6556",
      "empresa": null,
      "categoria": "asds",
      "fecha2": "2016-02-10",
      "telefonos3": "345",
      "telefonos2": "3453",
      "telefonos1": "43454",
      "fecha": "2016-02-10",
      "textos2": "dfghf",
      "textos": "fgdghd",
      "razonsocial": "juan",
      "direccion": "nose",
      "ubucaciongeo": "asdfs",
      "contacto": "363"
   },
   "pk": 7
},
{
   "model": "cliente.cliente",
   "fields": {
      "nit": 34,
      "rubro": "jaskd",
      "codigo": "6556",
      "empresa": null,
      "categoria": "asds",
      "fecha2": "2016-02-10",
      "telefonos3": "345",
      "telefonos2": "3453",
      "telefonos1": "43454",
      "fecha": "2016-02-10",
      "textos2": "dfghf",
      "textos": "fgdghd",
      "razonsocial": "juan",
      "direccion": "nose",
      "ubucaciongeo": "asdfs",
      "contacto": "363"
   },
   "pk": 8
},
{
   "model": "cliente.cliente",
   "fields": {
      "nit": 34,
      "rubro": "jaskd",
      "codigo": "6556",
      "empresa": null,
      "categoria": "asds",
      "fecha2": "2016-02-10",
      "telefonos3": "345",
      "telefonos2": "3453",
      "telefonos1": "43454",
      "fecha": "2016-02-10",
      "textos2": "dfghf",
      "textos": "fgdghd",
      "razonsocial": "juan",
      "direccion": "nose",
      "ubucaciongeo": "asdfs",
      "contacto": "363"
   },
   "pk": 9
},
{
   "model": "cliente.cliente",
   "fields": {
      "nit": 34,
      "rubro": "jaskd",
      "codigo": "6556",
      "empresa": null,
      "categoria": "asds",
      "fecha2": "2016-02-10",
      "telefonos3": "345",
      "telefonos2": "3453",
      "telefonos1": "43454",
      "fecha": "2016-02-10",
      "textos2": "dfghf",
      "textos": "fgdghd",
      "razonsocial": "juan",
      "direccion": "nose",
      "ubucaciongeo": "asdfs",
      "contacto": "363"
   },
   "pk": 10
},
{
   "model": "cliente.cliente",
   "fields": {
      "nit": 34,
      "rubro": "jaskd",
      "codigo": "6556",
      "empresa": null,
      "categoria": "asds",
      "fecha2": "2016-02-10",
      "telefonos3": "345",
      "telefonos2": "3453",
      "telefonos1": "43454",
      "fecha": "2016-02-10",
      "textos2": "dfghf",
      "textos": "fgdghd",
      "razonsocial": "juan",
      "direccion": "nose",
      "ubucaciongeo": "asdfs",
      "contacto": "363"
   },
   "pk": 11
},
{
   "model": "cliente.cliente",
   "fields": {
      "nit": 34,
      "rubro": "jaskd",
      "codigo": "6556",
      "empresa": null,
      "categoria": "asds",
      "fecha2": "2016-02-10",
      "telefonos3": "345",
      "telefonos2": "3453",
      "telefonos1": "43454",
      "fecha": "2016-02-10",
      "textos2": "dfghf",
      "textos": "fgdghd",
      "razonsocial": "juan",
      "direccion": "nose",
      "ubucaciongeo": "asdfs",
      "contacto": "363"
   },
   "pk": 12
},
{
   "model": "cliente.cliente",
   "fields": {
      "nit": 34,
      "rubro": "jaskd",
      "codigo": "6556",
      "empresa": null,
      "categoria": "asds",
      "fecha2": "2016-02-10",
      "telefonos3": "345",
      "telefonos2": "3453",
      "telefonos1": "43454",
      "fecha": "2016-02-10",
      "textos2": "dfghf",
      "textos": "fgdghd",
      "razonsocial": "juan",
      "direccion": "nose",
      "ubucaciongeo": "asdfs",
      "contacto": "363"
   },
   "pk": 13
},
{
   "model": "cliente.cliente",
   "fields": {
      "nit": 34,
      "rubro": "jaskd",
      "codigo": "6556",
      "empresa": null,
      "categoria": "asds",
      "fecha2": "2016-02-10",
      "telefonos3": "345",
      "telefonos2": "3453",
      "telefonos1": "43454",
      "fecha": "2016-02-10",
      "textos2": "dfghf",
      "textos": "fgdghd",
      "razonsocial": "juan",
      "direccion": "nose",
      "ubucaciongeo": "asdfs",
      "contacto": "363"
   },
   "pk": 14
},
{
   "model": "cliente.cliente",
   "fields": {
      "nit": 34,
      "rubro": "jaskd",
      "codigo": "6556",
      "empresa": null,
      "categoria": "asds",
      "fecha2": "2016-02-10",
      "telefonos3": "345",
      "telefonos2": "3453",
      "telefonos1": "43454",
      "fecha": "2016-02-10",
      "textos2": "dfghf",
      "textos": "fgdghd",
      "razonsocial": "juan",
      "direccion": "nose",
      "ubucaciongeo": "asdfs",
      "contacto": "363"
   },
   "pk": 15
},
{
   "model": "cliente.cliente",
   "fields": {
      "nit": 34,
      "rubro": "jaskd",
      "codigo": "6556",
      "empresa": null,
      "categoria": "asds",
      "fecha2": "2016-02-10",
      "telefonos3": "345",
      "telefonos2": "3453",
      "telefonos1": "43454",
      "fecha": "2016-02-10",
      "textos2": "dfghf",
      "textos": "fgdghd",
      "razonsocial": "juan",
      "direccion": "nose",
      "ubucaciongeo": "asdfs",
      "contacto": "363"
   },
   "pk": 16
},
{
   "model": "cliente.cliente",
   "fields": {
      "nit": 34,
      "rubro": "jaskd",
      "codigo": "6556",
      "empresa": null,
      "categoria": "asds",
      "fecha2": "2016-02-10",
      "telefonos3": "345",
      "telefonos2": "3453",
      "telefonos1": "43454",
      "fecha": "2016-02-10",
      "textos2": "dfghf",
      "textos": "fgdghd",
      "razonsocial": "juan",
      "direccion": "nose",
      "ubucaciongeo": "asdfs",
      "contacto": "363"
   },
   "pk": 17
},
{
   "model": "cliente.cliente",
   "fields": {
      "nit": 34,
      "rubro": "jaskd",
      "codigo": "6556",
      "empresa": null,
      "categoria": "asds",
      "fecha2": "2016-02-10",
      "telefonos3": "345",
      "telefonos2": "3453",
      "telefonos1": "43454",
      "fecha": "2016-02-10",
      "textos2": "dfghf",
      "textos": "fgdghd",
      "razonsocial": "juan",
      "direccion": "nose",
      "ubucaciongeo": "asdfs",
      "contacto": "363"
   },
   "pk": 18
},
{
   "model": "cliente.cliente",
   "fields": {
      "nit": 34,
      "rubro": "jaskd",
      "codigo": "6556",
      "empresa": null,
      "categoria": "asds",
      "fecha2": "2016-02-10",
      "telefonos3": "345",
      "telefonos2": "3453",
      "telefonos1": "43454",
      "fecha": "2016-02-10",
      "textos2": "dfghf",
      "textos": "fgdghd",
      "razonsocial": "juan",
      "direccion": "nose",
      "ubucaciongeo": "asdfs",
      "contacto": "363"
   },
   "pk": 19
},
{
   "model": "cliente.cliente",
   "fields": {
      "nit": 34,
      "rubro": "jaskd",
      "codigo": "6556",
      "empresa": null,
      "categoria": "asds",
      "fecha2": "2016-02-10",
      "telefonos3": "345",
      "telefonos2": "3453",
      "telefonos1": "43454",
      "fecha": "2016-02-10",
      "textos2": "dfghf",
      "textos": "fgdghd",
      "razonsocial": "juan",
      "direccion": "nose",
      "ubucaciongeo": "asdfs",
      "contacto": "363"
   },
   "pk": 20
},
{
   "model": "cliente.cliente",
   "fields": {
      "nit": 34,
      "rubro": "jaskd",
      "codigo": "6556",
      "empresa": null,
      "categoria": "asds",
      "fecha2": "2016-02-10",
      "telefonos3": "345",
      "telefonos2": "3453",
      "telefonos1": "43454",
      "fecha": "2016-02-10",
      "textos2": "dfghf",
      "textos": "fgdghd",
      "razonsocial": "juan",
      "direccion": "nose",
      "ubucaciongeo": "asdfs",
      "contacto": "363"
   },
   "pk": 21
},
{
   "model": "cliente.cliente",
   "fields": {
      "nit": 34,
      "rubro": "jaskd",
      "codigo": "6556",
      "empresa": null,
      "categoria": "asds",
      "fecha2": "2016-02-10",
      "telefonos3": "345",
      "telefonos2": "3453",
      "telefonos1": "43454",
      "fecha": "2016-02-10",
      "textos2": "dfghf",
      "textos": "fgdghd",
      "razonsocial": "juan",
      "direccion": "nose",
      "ubucaciongeo": "asdfs",
      "contacto": "363"
   },
   "pk": 22
},
{
   "model": "cliente.cliente",
   "fields": {
      "nit": 34,
      "rubro": "jaskd",
      "codigo": "6556",
      "empresa": null,
      "categoria": "asds",
      "fecha2": "2016-02-10",
      "telefonos3": "345",
      "telefonos2": "3453",
      "telefonos1": "43454",
      "fecha": "2016-02-10",
      "textos2": "dfghf",
      "textos": "fgdghd",
      "razonsocial": "juan",
      "direccion": "nose",
      "ubucaciongeo": "asdfs",
      "contacto": "363"
   },
   "pk": 23
},
{
   "model": "cliente.cliente",
   "fields": {
      "nit": 34,
      "rubro": "jaskd",
      "codigo": "6556",
      "empresa": null,
      "categoria": "asds",
      "fecha2": "2016-02-10",
      "telefonos3": "345",
      "telefonos2": "3453",
      "telefonos1": "43454",
      "fecha": "2016-02-10",
      "textos2": "dfghf",
      "textos": "fgdghd",
      "razonsocial": "juan",
      "direccion": "nose",
      "ubucaciongeo": "asdfs",
      "contacto": "363"
   },
   "pk": 24
},
{
   "model": "cliente.cliente",
   "fields": {
      "nit": 34,
      "rubro": "jaskd",
      "codigo": "6556",
      "empresa": null,
      "categoria": "asds",
      "fecha2": "2016-02-10",
      "telefonos3": "345",
      "telefonos2": "3453",
      "telefonos1": "43454",
      "fecha": "2016-02-10",
      "textos2": "dfghf",
      "textos": "fgdghd",
      "razonsocial": "juan",
      "direccion": "nose",
      "ubucaciongeo": "asdfs",
      "contacto": "363"
   },
   "pk": 25
},
{
   "model": "cliente.cliente",
   "fields": {
      "nit": 34,
      "rubro": "jaskd",
      "codigo": "6556",
      "empresa": null,
      "categoria": "asds",
      "fecha2": "2016-02-10",
      "telefonos3": "345",
      "telefonos2": "3453",
      "telefonos1": "43454",
      "fecha": "2016-02-10",
      "textos2": "dfghf",
      "textos": "fgdghd",
      "razonsocial": "juan",
      "direccion": "nose",
      "ubucaciongeo": "asdfs",
      "contacto": "363"
   },
   "pk": 26
},
{
   "model": "cliente.cliente",
   "fields": {
      "nit": 34,
      "rubro": "jaskd",
      "codigo": "6556",
      "empresa": null,
      "categoria": "asds",
      "fecha2": "2016-02-10",
      "telefonos3": "345",
      "telefonos2": "3453",
      "telefonos1": "43454",
      "fecha": "2016-02-10",
      "textos2": "dfghf",
      "textos": "fgdghd",
      "razonsocial": "juan",
      "direccion": "nose",
      "ubucaciongeo": "asdfs",
      "contacto": "363"
   },
   "pk": 27
},
{
   "model": "cliente.cliente",
   "fields": {
      "nit": 34,
      "rubro": "jaskd",
      "codigo": "6556",
      "empresa": null,
      "categoria": "asds",
      "fecha2": "2016-02-10",
      "telefonos3": "345",
      "telefonos2": "3453",
      "telefonos1": "43454",
      "fecha": "2016-02-10",
      "textos2": "dfghf",
      "textos": "fgdghd",
      "razonsocial": "juan",
      "direccion": "nose",
      "ubucaciongeo": "asdfs",
      "contacto": "363"
   },
   "pk": 28
},
{
   "model": "cliente.cliente",
   "fields": {
      "nit": 34,
      "rubro": "jaskd",
      "codigo": "6556",
      "empresa": null,
      "categoria": "asds",
      "fecha2": "2016-02-10",
      "telefonos3": "345",
      "telefonos2": "3453",
      "telefonos1": "43454",
      "fecha": "2016-02-10",
      "textos2": "dfghf",
      "textos": "fgdghd",
      "razonsocial": "juan",
      "direccion": "nose",
      "ubucaciongeo": "asdfs",
      "contacto": "363"
   },
   "pk": 29
},
{
   "model": "cliente.cliente",
   "fields": {
      "nit": 34,
      "rubro": "jaskd",
      "codigo": "6556",
      "empresa": null,
      "categoria": "asds",
      "fecha2": "2016-02-10",
      "telefonos3": "345",
      "telefonos2": "3453",
      "telefonos1": "43454",
      "fecha": "2016-02-10",
      "textos2": "dfghf",
      "textos": "fgdghd",
      "razonsocial": "juan",
      "direccion": "nose",
      "ubucaciongeo": "asdfs",
      "contacto": "363"
   },
   "pk": 30
},
{
   "model": "cliente.cliente",
   "fields": {
      "nit": 34,
      "rubro": "jaskd",
      "codigo": "6556",
      "empresa": null,
      "categoria": "asds",
      "fecha2": "2016-02-10",
      "telefonos3": "345",
      "telefonos2": "3453",
      "telefonos1": "43454",
      "fecha": "2016-02-10",
      "textos2": "dfghf",
      "textos": "fgdghd",
      "razonsocial": "juan",
      "direccion": "nose",
      "ubucaciongeo": "asdfs",
      "contacto": "363"
   },
   "pk": 31
},
{
   "model": "cliente.cliente",
   "fields": {
      "nit": 34,
      "rubro": "jaskd",
      "codigo": "6556",
      "empresa": null,
      "categoria": "asds",
      "fecha2": "2016-02-10",
      "telefonos3": "345",
      "telefonos2": "3453",
      "telefonos1": "43454",
      "fecha": "2016-02-10",
      "textos2": "dfghf",
      "textos": "fgdghd",
      "razonsocial": "juan",
      "direccion": "nose",
      "ubucaciongeo": "asdfs",
      "contacto": "363"
   },
   "pk": 32
},
{
   "model": "cliente.cliente",
   "fields": {
      "nit": 34,
      "rubro": "jaskd",
      "codigo": "6556",
      "empresa": null,
      "categoria": "asds",
      "fecha2": "2016-02-10",
      "telefonos3": "345",
      "telefonos2": "3453",
      "telefonos1": "43454",
      "fecha": "2016-02-10",
      "textos2": "dfghf",
      "textos": "fgdghd",
      "razonsocial": "juan",
      "direccion": "nose",
      "ubucaciongeo": "asdfs",
      "contacto": "363"
   },
   "pk": 33
},
{
   "model": "cliente.cliente",
   "fields": {
      "nit": 34,
      "rubro": "jaskd",
      "codigo": "6556",
      "empresa": null,
      "categoria": "asds",
      "fecha2": "2016-02-10",
      "telefonos3": "345",
      "telefonos2": "3453",
      "telefonos1": "43454",
      "fecha": "2016-02-10",
      "textos2": "dfghf",
      "textos": "fgdghd",
      "razonsocial": "juan",
      "direccion": "nose",
      "ubucaciongeo": "asdfs",
      "contacto": "363"
   },
   "pk": 34
},
{
   "model": "cliente.cliente",
   "fields": {
      "nit": 34,
      "rubro": "jaskd",
      "codigo": "6556",
      "empresa": null,
      "categoria": "asds",
      "fecha2": "2016-02-10",
      "telefonos3": "345",
      "telefonos2": "3453",
      "telefonos1": "43454",
      "fecha": "2016-02-10",
      "textos2": "dfghf",
      "textos": "fgdghd",
      "razonsocial": "juan",
      "direccion": "nose",
      "ubucaciongeo": "asdfs",
      "contacto": "363"
   },
   "pk": 35
},
{
   "model": "cliente.cliente",
   "fields": {
      "nit": 34,
      "rubro": "jaskd",
      "codigo": "6556",
      "empresa": null,
      "categoria": "asds",
      "fecha2": "2016-02-10",
      "telefonos3": "345",
      "telefonos2": "3453",
      "telefonos1": "43454",
      "fecha": "2016-02-10",
      "textos2": "dfghf",
      "textos": "fgdghd",
      "razonsocial": "juan",
      "direccion": "nose",
      "ubucaciongeo": "asdfs",
      "contacto": "363"
   },
   "pk": 36
},
{
   "model": "cliente.cliente",
   "fields": {
      "nit": 34,
      "rubro": "jaskd",
      "codigo": "6556",
      "empresa": null,
      "categoria": "asds",
      "fecha2": "2016-02-10",
      "telefonos3": "345",
      "telefonos2": "3453",
      "telefonos1": "43454",
      "fecha": "2016-02-10",
      "textos2": "dfghf",
      "textos": "fgdghd",
      "razonsocial": "juan",
      "direccion": "nose",
      "ubucaciongeo": "asdfs",
      "contacto": "363"
   },
   "pk": 37
},
{
   "model": "cliente.cliente",
   "fields": {
      "nit": 34,
      "rubro": "jaskd",
      "codigo": "6556",
      "empresa": null,
      "categoria": "asds",
      "fecha2": "2016-02-10",
      "telefonos3": "345",
      "telefonos2": "3453",
      "telefonos1": "43454",
      "fecha": "2016-02-10",
      "textos2": "dfghf",
      "textos": "fgdghd",
      "razonsocial": "juan",
      "direccion": "nose",
      "ubucaciongeo": "asdfs",
      "contacto": "363"
   },
   "pk": 38
},
{
   "model": "cliente.cliente",
   "fields": {
      "nit": 34,
      "rubro": "jaskd",
      "codigo": "6556",
      "empresa": null,
      "categoria": "asds",
      "fecha2": "2016-02-10",
      "telefonos3": "345",
      "telefonos2": "3453",
      "telefonos1": "43454",
      "fecha": "2016-02-10",
      "textos2": "dfghf",
      "textos": "fgdghd",
      "razonsocial": "juan",
      "direccion": "nose",
      "ubucaciongeo": "asdfs",
      "contacto": "363"
   },
   "pk": 39
},
{
   "model": "cliente.cliente",
   "fields": {
      "nit": 34,
      "rubro": "jaskd",
      "codigo": "6556",
      "empresa": null,
      "categoria": "asds",
      "fecha2": "2016-02-10",
      "telefonos3": "345",
      "telefonos2": "3453",
      "telefonos1": "43454",
      "fecha": "2016-02-10",
      "textos2": "dfghf",
      "textos": "fgdghd",
      "razonsocial": "juan",
      "direccion": "nose",
      "ubucaciongeo": "asdfs",
      "contacto": "363"
   },
   "pk": 40
},
{
   "model": "cliente.cliente",
   "fields": {
      "nit": 34,
      "rubro": "jaskd",
      "codigo": "6556",
      "empresa": null,
      "categoria": "asds",
      "fecha2": "2016-02-10",
      "telefonos3": "345",
      "telefonos2": "3453",
      "telefonos1": "43454",
      "fecha": "2016-02-10",
      "textos2": "dfghf",
      "textos": "fgdghd",
      "razonsocial": "juan",
      "direccion": "nose",
      "ubucaciongeo": "asdfs",
      "contacto": "363"
   },
   "pk": 41
},
{
   "model": "cliente.cliente",
   "fields": {
      "nit": 34,
      "rubro": "jaskd",
      "codigo": "6556",
      "empresa": null,
      "categoria": "asds",
      "fecha2": "2016-02-10",
      "telefonos3": "345",
      "telefonos2": "3453",
      "telefonos1": "43454",
      "fecha": "2016-02-10",
      "textos2": "dfghf",
      "textos": "fgdghd",
      "razonsocial": "juan",
      "direccion": "nose",
      "ubucaciongeo": "asdfs",
      "contacto": "363"
   },
   "pk": 42
},
{
   "model": "cliente.cliente",
   "fields": {
      "nit": 34,
      "rubro": "jaskd",
      "codigo": "6556",
      "empresa": null,
      "categoria": "asds",
      "fecha2": "2016-02-10",
      "telefonos3": "345",
      "telefonos2": "3453",
      "telefonos1": "43454",
      "fecha": "2016-02-10",
      "textos2": "dfghf",
      "textos": "fgdghd",
      "razonsocial": "juan",
      "direccion": "nose",
      "ubucaciongeo": "asdfs",
      "contacto": "363"
   },
   "pk": 43
},
{
   "model": "cliente.cliente",
   "fields": {
      "nit": 34,
      "rubro": "jaskd",
      "codigo": "6556",
      "empresa": null,
      "categoria": "asds",
      "fecha2": "2016-02-10",
      "telefonos3": "345",
      "telefonos2": "3453",
      "telefonos1": "43454",
      "fecha": "2016-02-10",
      "textos2": "dfghf",
      "textos": "fgdghd",
      "razonsocial": "juan",
      "direccion": "nose",
      "ubucaciongeo": "asdfs",
      "contacto": "363"
   },
   "pk": 44
},
{
   "model": "cliente.cliente",
   "fields": {
      "nit": 34,
      "rubro": "jaskd",
      "codigo": "6556",
      "empresa": null,
      "categoria": "asds",
      "fecha2": "2016-02-10",
      "telefonos3": "345",
      "telefonos2": "3453",
      "telefonos1": "43454",
      "fecha": "2016-02-10",
      "textos2": "dfghf",
      "textos": "fgdghd",
      "razonsocial": "juan",
      "direccion": "nose",
      "ubucaciongeo": "asdfs",
      "contacto": "363"
   },
   "pk": 45
},
{
   "model": "cliente.cliente",
   "fields": {
      "nit": 34,
      "rubro": "jaskd",
      "codigo": "6556",
      "empresa": null,
      "categoria": "asds",
      "fecha2": "2016-02-10",
      "telefonos3": "345",
      "telefonos2": "3453",
      "telefonos1": "43454",
      "fecha": "2016-02-10",
      "textos2": "dfghf",
      "textos": "fgdghd",
      "razonsocial": "juan",
      "direccion": "nose",
      "ubucaciongeo": "asdfs",
      "contacto": "363"
   },
   "pk": 46
},
{
   "model": "cliente.cliente",
   "fields": {
      "nit": 34,
      "rubro": "jaskd",
      "codigo": "6556",
      "empresa": null,
      "categoria": "asds",
      "fecha2": "2016-02-10",
      "telefonos3": "345",
      "telefonos2": "3453",
      "telefonos1": "43454",
      "fecha": "2016-02-10",
      "textos2": "dfghf",
      "textos": "fgdghd",
      "razonsocial": "juan",
      "direccion": "nose",
      "ubucaciongeo": "asdfs",
      "contacto": "363"
   },
   "pk": 47
},
{
   "model": "cliente.cliente",
   "fields": {
      "nit": 34,
      "rubro": "jaskd",
      "codigo": "6556",
      "empresa": null,
      "categoria": "asds",
      "fecha2": "2016-02-10",
      "telefonos3": "345",
      "telefonos2": "3453",
      "telefonos1": "43454",
      "fecha": "2016-02-10",
      "textos2": "dfghf",
      "textos": "fgdghd",
      "razonsocial": "juan",
      "direccion": "nose",
      "ubucaciongeo": "asdfs",
      "contacto": "363"
   },
   "pk": 48
},
{
   "model": "cliente.cliente",
   "fields": {
      "nit": 34,
      "rubro": "jaskd",
      "codigo": "6556",
      "empresa": null,
      "categoria": "asds",
      "fecha2": "2016-02-10",
      "telefonos3": "345",
      "telefonos2": "3453",
      "telefonos1": "43454",
      "fecha": "2016-02-10",
      "textos2": "dfghf",
      "textos": "fgdghd",
      "razonsocial": "juan",
      "direccion": "nose",
      "ubucaciongeo": "asdfs",
      "contacto": "363"
   },
   "pk": 49
},
{
   "model": "cliente.cliente",
   "fields": {
      "nit": 34,
      "rubro": "jaskd",
      "codigo": "6556",
      "empresa": null,
      "categoria": "asds",
      "fecha2": "2016-02-10",
      "telefonos3": "345",
      "telefonos2": "3453",
      "telefonos1": "43454",
      "fecha": "2016-02-10",
      "textos2": "dfghf",
      "textos": "fgdghd",
      "razonsocial": "juan",
      "direccion": "nose",
      "ubucaciongeo": "asdfs",
      "contacto": "363"
   },
   "pk": 50
},
{
   "model": "cliente.cliente",
   "fields": {
      "nit": 34,
      "rubro": "jaskd",
      "codigo": "6556",
      "empresa": null,
      "categoria": "asds",
      "fecha2": "2016-02-10",
      "telefonos3": "345",
      "telefonos2": "3453",
      "telefonos1": "43454",
      "fecha": "2016-02-10",
      "textos2": "dfghf",
      "textos": "fgdghd",
      "razonsocial": "juan",
      "direccion": "nose",
      "ubucaciongeo": "asdfs",
      "contacto": "363"
   },
   "pk": 51
},
{
   "model": "cliente.cliente",
   "fields": {
      "nit": 34,
      "rubro": "jaskd",
      "codigo": "6556",
      "empresa": null,
      "categoria": "asds",
      "fecha2": "2016-02-10",
      "telefonos3": "345",
      "telefonos2": "3453",
      "telefonos1": "43454",
      "fecha": "2016-02-10",
      "textos2": "dfghf",
      "textos": "fgdghd",
      "razonsocial": "juan",
      "direccion": "nose",
      "ubucaciongeo": "asdfs",
      "contacto": "363"
   },
   "pk": 52
},
{
   "model": "cliente.cliente",
   "fields": {
      "nit": 34,
      "rubro": "jaskd",
      "codigo": "6556",
      "empresa": null,
      "categoria": "asds",
      "fecha2": "2016-02-10",
      "telefonos3": "345",
      "telefonos2": "3453",
      "telefonos1": "43454",
      "fecha": "2016-02-10",
      "textos2": "dfghf",
      "textos": "fgdghd",
      "razonsocial": "juan",
      "direccion": "nose",
      "ubucaciongeo": "asdfs",
      "contacto": "363"
   },
   "pk": 53
},
{
   "model": "cliente.cliente",
   "fields": {
      "nit": 34,
      "rubro": "jaskd",
      "codigo": "6556",
      "empresa": null,
      "categoria": "asds",
      "fecha2": "2016-02-10",
      "telefonos3": "345",
      "telefonos2": "3453",
      "telefonos1": "43454",
      "fecha": "2016-02-10",
      "textos2": "dfghf",
      "textos": "fgdghd",
      "razonsocial": "juan",
      "direccion": "nose",
      "ubucaciongeo": "asdfs",
      "contacto": "363"
   },
   "pk": 54
},
{
   "model": "cliente.cliente",
   "fields": {
      "nit": 34,
      "rubro": "jaskd",
      "codigo": "6556",
      "empresa": null,
      "categoria": "asds",
      "fecha2": "2016-02-10",
      "telefonos3": "345",
      "telefonos2": "3453",
      "telefonos1": "43454",
      "fecha": "2016-02-10",
      "textos2": "dfghf",
      "textos": "fgdghd",
      "razonsocial": "juan",
      "direccion": "nose",
      "ubucaciongeo": "asdfs",
      "contacto": "363"
   },
   "pk": 55
},
{
   "model": "cliente.cliente",
   "fields": {
      "nit": 34,
      "rubro": "jaskd",
      "codigo": "6556",
      "empresa": null,
      "categoria": "asds",
      "fecha2": "2016-02-10",
      "telefonos3": "345",
      "telefonos2": "3453",
      "telefonos1": "43454",
      "fecha": "2016-02-10",
      "textos2": "dfghf",
      "textos": "fgdghd",
      "razonsocial": "juan",
      "direccion": "nose",
      "ubucaciongeo": "asdfs",
      "contacto": "363"
   },
   "pk": 56
},
{
   "model": "cliente.cliente",
   "fields": {
      "nit": 34,
      "rubro": "jaskd",
      "codigo": "6556",
      "empresa": null,
      "categoria": "asds",
      "fecha2": "2016-02-10",
      "telefonos3": "345",
      "telefonos2": "3453",
      "telefonos1": "43454",
      "fecha": "2016-02-10",
      "textos2": "dfghf",
      "textos": "fgdghd",
      "razonsocial": "juan",
      "direccion": "nose",
      "ubucaciongeo": "asdfs",
      "contacto": "363"
   },
   "pk": 57
},
{
   "model": "cliente.cliente",
   "fields": {
      "nit": 34,
      "rubro": "jaskd",
      "codigo": "6556",
      "empresa": null,
      "categoria": "asds",
      "fecha2": "2016-02-10",
      "telefonos3": "345",
      "telefonos2": "3453",
      "telefonos1": "43454",
      "fecha": "2016-02-10",
      "textos2": "dfghf",
      "textos": "fgdghd",
      "razonsocial": "juan",
      "direccion": "nose",
      "ubucaciongeo": "asdfs",
      "contacto": "363"
   },
   "pk": 58
},
{
   "model": "cliente.cliente",
   "fields": {
      "nit": 34,
      "rubro": "jaskd",
      "codigo": "6556",
      "empresa": null,
      "categoria": "asds",
      "fecha2": "2016-02-10",
      "telefonos3": "345",
      "telefonos2": "3453",
      "telefonos1": "43454",
      "fecha": "2016-02-10",
      "textos2": "dfghf",
      "textos": "fgdghd",
      "razonsocial": "juan",
      "direccion": "nose",
      "ubucaciongeo": "asdfs",
      "contacto": "363"
   },
   "pk": 59
},
{
   "model": "cliente.cliente",
   "fields": {
      "nit": 34,
      "rubro": "jaskd",
      "codigo": "6556",
      "empresa": null,
      "categoria": "asds",
      "fecha2": "2016-02-10",
      "telefonos3": "345",
      "telefonos2": "3453",
      "telefonos1": "43454",
      "fecha": "2016-02-10",
      "textos2": "dfghf",
      "textos": "fgdghd",
      "razonsocial": "juan",
      "direccion": "nose",
      "ubucaciongeo": "asdfs",
      "contacto": "363"
   },
   "pk": 60
},
{
   "model": "cliente.cliente",
   "fields": {
      "nit": 34,
      "rubro": "jaskd",
      "codigo": "6556",
      "empresa": null,
      "categoria": "asds",
      "fecha2": "2016-02-10",
      "telefonos3": "345",
      "telefonos2": "3453",
      "telefonos1": "43454",
      "fecha": "2016-02-10",
      "textos2": "dfghf",
      "textos": "fgdghd",
      "razonsocial": "juan",
      "direccion": "nose",
      "ubucaciongeo": "asdfs",
      "contacto": "363"
   },
   "pk": 61
},
{
   "model": "ventas.venta",
   "fields": {
      "nit": 23423423,
      "llave_digital": "435retertergdgry54654646456",
      "numero_autorizacion": 5343434345,
      "excentos": "0.00",
      "fecha_vencimiento": null,
      "recargo": "0.00",
      "ice": "0.00",
      "descuento": "0.00",
      "tipo_compra": "contado",
      "codigo_control": "9C-83-BC-5F",
      "tipo_descuento": "Bs",
      "cantidad_dias": 0,
      "fecha": "2016-03-03",
      "tipo_recargo": "Bs",
      "fecha_limite": "2016-03-31",
      "empresa": 6,
      "total": "89.00",
      "nro_factura": 1,
      "razon_social": "prretertertete",
      "monto_pago": null
   },
   "pk": 13
},
{
   "model": "ventas.movimiento",
   "fields": {
      "fecha_transaccion": "2016-02-16",
      "cantidad": 60,
      "precio_unitario": "50.00",
      "detalle": "Saldo Inicial",
      "empresa": 2,
      "item": 1,
      "motivo_movimiento": "inicial"
   },
   "pk": 1
},
{
   "model": "config.datosdosificacion",
   "fields": {
      "nro_autorizacion": 5343434345,
      "contador": 0,
      "empresa": 6,
      "llave_digital": "435retertergdgry54654646456",
      "nro_conrelativo": 1,
      "fecha": "2016-03-31"
   },
   "pk": 2
},
{
   "model": "config.formatofactura",
   "fields": {
      "tamanio": "oficio",
      "empresa": 6,
      "frases_subtitulo": "Derecho a Credito Fiscal",
      "impresion": "Vacia",
      "frases_titulo": "Factura",
      "formato": "general",
      "facturacion": "Normal",
      "frases_pie": "Ley N\u00b0 453: La entidad financiera debe informar por escrito los motivos por los cuales se deneg\u00f3 un cr\u00e9dito"
   },
   "pk": 1
},
{
   "model": "auth.permission",
   "fields": {
      "name": "Can add log entry",
      "content_type": 1,
      "codename": "add_logentry"
   },
   "pk": 1
},
{
   "model": "auth.permission",
   "fields": {
      "name": "Can change log entry",
      "content_type": 1,
      "codename": "change_logentry"
   },
   "pk": 2
},
{
   "model": "auth.permission",
   "fields": {
      "name": "Can delete log entry",
      "content_type": 1,
      "codename": "delete_logentry"
   },
   "pk": 3
},
{
   "model": "auth.permission",
   "fields": {
      "name": "Can add permission",
      "content_type": 2,
      "codename": "add_permission"
   },
   "pk": 4
},
{
   "model": "auth.permission",
   "fields": {
      "name": "Can change permission",
      "content_type": 2,
      "codename": "change_permission"
   },
   "pk": 5
},
{
   "model": "auth.permission",
   "fields": {
      "name": "Can delete permission",
      "content_type": 2,
      "codename": "delete_permission"
   },
   "pk": 6
},
{
   "model": "auth.permission",
   "fields": {
      "name": "Can add group",
      "content_type": 3,
      "codename": "add_group"
   },
   "pk": 7
},
{
   "model": "auth.permission",
   "fields": {
      "name": "Can change group",
      "content_type": 3,
      "codename": "change_group"
   },
   "pk": 8
},
{
   "model": "auth.permission",
   "fields": {
      "name": "Can delete group",
      "content_type": 3,
      "codename": "delete_group"
   },
   "pk": 9
},
{
   "model": "auth.permission",
   "fields": {
      "name": "Can add content type",
      "content_type": 4,
      "codename": "add_contenttype"
   },
   "pk": 10
},
{
   "model": "auth.permission",
   "fields": {
      "name": "Can change content type",
      "content_type": 4,
      "codename": "change_contenttype"
   },
   "pk": 11
},
{
   "model": "auth.permission",
   "fields": {
      "name": "Can delete content type",
      "content_type": 4,
      "codename": "delete_contenttype"
   },
   "pk": 12
},
{
   "model": "auth.permission",
   "fields": {
      "name": "Can add session",
      "content_type": 5,
      "codename": "add_session"
   },
   "pk": 13
},
{
   "model": "auth.permission",
   "fields": {
      "name": "Can change session",
      "content_type": 5,
      "codename": "change_session"
   },
   "pk": 14
},
{
   "model": "auth.permission",
   "fields": {
      "name": "Can delete session",
      "content_type": 5,
      "codename": "delete_session"
   },
   "pk": 15
},
{
   "model": "auth.permission",
   "fields": {
      "name": "Can add personajuridica",
      "content_type": 6,
      "codename": "add_personajuridica"
   },
   "pk": 16
},
{
   "model": "auth.permission",
   "fields": {
      "name": "Can change personajuridica",
      "content_type": 6,
      "codename": "change_personajuridica"
   },
   "pk": 17
},
{
   "model": "auth.permission",
   "fields": {
      "name": "Can delete personajuridica",
      "content_type": 6,
      "codename": "delete_personajuridica"
   },
   "pk": 18
},
{
   "model": "auth.permission",
   "fields": {
      "name": "Can add user",
      "content_type": 7,
      "codename": "add_user"
   },
   "pk": 19
},
{
   "model": "auth.permission",
   "fields": {
      "name": "Can change user",
      "content_type": 7,
      "codename": "change_user"
   },
   "pk": 20
},
{
   "model": "auth.permission",
   "fields": {
      "name": "Can delete user",
      "content_type": 7,
      "codename": "delete_user"
   },
   "pk": 21
},
{
   "model": "auth.permission",
   "fields": {
      "name": "Can add rol",
      "content_type": 8,
      "codename": "add_rol"
   },
   "pk": 22
},
{
   "model": "auth.permission",
   "fields": {
      "name": "Can change rol",
      "content_type": 8,
      "codename": "change_rol"
   },
   "pk": 23
},
{
   "model": "auth.permission",
   "fields": {
      "name": "Can delete rol",
      "content_type": 8,
      "codename": "delete_rol"
   },
   "pk": 24
},
{
   "model": "auth.permission",
   "fields": {
      "name": "Can add proveedor",
      "content_type": 9,
      "codename": "add_proveedor"
   },
   "pk": 25
},
{
   "model": "auth.permission",
   "fields": {
      "name": "Can change proveedor",
      "content_type": 9,
      "codename": "change_proveedor"
   },
   "pk": 26
},
{
   "model": "auth.permission",
   "fields": {
      "name": "Can delete proveedor",
      "content_type": 9,
      "codename": "delete_proveedor"
   },
   "pk": 27
},
{
   "model": "auth.permission",
   "fields": {
      "name": "Can add item",
      "content_type": 10,
      "codename": "add_item"
   },
   "pk": 28
},
{
   "model": "auth.permission",
   "fields": {
      "name": "Can change item",
      "content_type": 10,
      "codename": "change_item"
   },
   "pk": 29
},
{
   "model": "auth.permission",
   "fields": {
      "name": "Can delete item",
      "content_type": 10,
      "codename": "delete_item"
   },
   "pk": 30
},
{
   "model": "auth.permission",
   "fields": {
      "name": "Can add cliente",
      "content_type": 11,
      "codename": "add_cliente"
   },
   "pk": 31
},
{
   "model": "auth.permission",
   "fields": {
      "name": "Can change cliente",
      "content_type": 11,
      "codename": "change_cliente"
   },
   "pk": 32
},
{
   "model": "auth.permission",
   "fields": {
      "name": "Can delete cliente",
      "content_type": 11,
      "codename": "delete_cliente"
   },
   "pk": 33
},
{
   "model": "auth.permission",
   "fields": {
      "name": "Can add compra",
      "content_type": 12,
      "codename": "add_compra"
   },
   "pk": 34
},
{
   "model": "auth.permission",
   "fields": {
      "name": "Can change compra",
      "content_type": 12,
      "codename": "change_compra"
   },
   "pk": 35
},
{
   "model": "auth.permission",
   "fields": {
      "name": "Can delete compra",
      "content_type": 12,
      "codename": "delete_compra"
   },
   "pk": 36
},
{
   "model": "auth.permission",
   "fields": {
      "name": "Can add detalle compra",
      "content_type": 13,
      "codename": "add_detallecompra"
   },
   "pk": 37
},
{
   "model": "auth.permission",
   "fields": {
      "name": "Can change detalle compra",
      "content_type": 13,
      "codename": "change_detallecompra"
   },
   "pk": 38
},
{
   "model": "auth.permission",
   "fields": {
      "name": "Can delete detalle compra",
      "content_type": 13,
      "codename": "delete_detallecompra"
   },
   "pk": 39
},
{
   "model": "auth.permission",
   "fields": {
      "name": "Can add venta",
      "content_type": 14,
      "codename": "add_venta"
   },
   "pk": 40
},
{
   "model": "auth.permission",
   "fields": {
      "name": "Can change venta",
      "content_type": 14,
      "codename": "change_venta"
   },
   "pk": 41
},
{
   "model": "auth.permission",
   "fields": {
      "name": "Can delete venta",
      "content_type": 14,
      "codename": "delete_venta"
   },
   "pk": 42
},
{
   "model": "auth.permission",
   "fields": {
      "name": "Can add detalle venta",
      "content_type": 15,
      "codename": "add_detalleventa"
   },
   "pk": 43
},
{
   "model": "auth.permission",
   "fields": {
      "name": "Can change detalle venta",
      "content_type": 15,
      "codename": "change_detalleventa"
   },
   "pk": 44
},
{
   "model": "auth.permission",
   "fields": {
      "name": "Can delete detalle venta",
      "content_type": 15,
      "codename": "delete_detalleventa"
   },
   "pk": 45
},
{
   "model": "auth.permission",
   "fields": {
      "name": "Can add movimiento",
      "content_type": 16,
      "codename": "add_movimiento"
   },
   "pk": 46
},
{
   "model": "auth.permission",
   "fields": {
      "name": "Can change movimiento",
      "content_type": 16,
      "codename": "change_movimiento"
   },
   "pk": 47
},
{
   "model": "auth.permission",
   "fields": {
      "name": "Can delete movimiento",
      "content_type": 16,
      "codename": "delete_movimiento"
   },
   "pk": 48
},
{
   "model": "auth.permission",
   "fields": {
      "name": "Can add cobro",
      "content_type": 17,
      "codename": "add_cobro"
   },
   "pk": 49
},
{
   "model": "auth.permission",
   "fields": {
      "name": "Can change cobro",
      "content_type": 17,
      "codename": "change_cobro"
   },
   "pk": 50
},
{
   "model": "auth.permission",
   "fields": {
      "name": "Can delete cobro",
      "content_type": 17,
      "codename": "delete_cobro"
   },
   "pk": 51
},
{
   "model": "auth.permission",
   "fields": {
      "name": "Can add datos dosificacion",
      "content_type": 18,
      "codename": "add_datosdosificacion"
   },
   "pk": 52
},
{
   "model": "auth.permission",
   "fields": {
      "name": "Can change datos dosificacion",
      "content_type": 18,
      "codename": "change_datosdosificacion"
   },
   "pk": 53
},
{
   "model": "auth.permission",
   "fields": {
      "name": "Can delete datos dosificacion",
      "content_type": 18,
      "codename": "delete_datosdosificacion"
   },
   "pk": 54
},
{
   "model": "auth.permission",
   "fields": {
      "name": "",
      "content_type": 7,
      "codename": "edit"
   },
   "pk": 55
},
{
   "model": "auth.permission",
   "fields": {
      "name": "",
      "content_type": 7,
      "codename": "create"
   },
   "pk": 56
},
{
   "model": "auth.permission",
   "fields": {
      "name": "",
      "content_type": 7,
      "codename": "delete"
   },
   "pk": 57
},
{
   "model": "auth.permission",
   "fields": {
      "name": "Can add formatofactura",
      "content_type": 19,
      "codename": "add_formatofactura"
   },
   "pk": 58
},
{
   "model": "auth.permission",
   "fields": {
      "name": "Can change formatofactura",
      "content_type": 19,
      "codename": "change_formatofactura"
   },
   "pk": 59
},
{
   "model": "auth.permission",
   "fields": {
      "name": "Can delete formatofactura",
      "content_type": 19,
      "codename": "delete_formatofactura"
   },
   "pk": 60
},
{
   "model": "auth.group",
   "fields": {
      "name": "administrador",
      "permissions": []
   },
   "pk": 1
},
{
   "model": "auth.group",
   "fields": {
      "name": "operador",
      "permissions": []
   },
   "pk": 2
},
{
   "model": "users.user",
   "fields": {
      "is_superuser": true,
      "groups": [],
      "username": "admin",
      "avatar": "",
      "empresa": null,
      "user_permissions": [],
      "telefono": null,
      "nombre": "",
      "is_active": true,
      "password": "pbkdf2_sha256$20000$wZN5nkpoGvVw$oL7nRVGJ6xmO5/FhnNlcNTd46BXGsLTxmQsNb+Dtfvw=",
      "last_login": "2016-03-03T21:47:21.483Z",
      "email": "admin@gmail.com",
      "is_staff": true,
      "direccion": "",
      "s_apellido": "",
      "p_apellido": ""
   },
   "pk": 1
},
{
   "model": "users.user",
   "fields": {
      "is_superuser": false,
      "groups": [
         2
      ],
      "username": "ppaniagua",
      "avatar": "users/avatar_JBOmDUD.jpg",
      "empresa": 1,
      "user_permissions": [
         55
      ],
      "telefono": null,
      "nombre": "PABEL LUIS",
      "is_active": true,
      "password": "pbkdf2_sha256$20000$Ew6ru4L0fDOu$WZulkpqfApJXURFzfd+kfDvVaHC06VsSwTYBTJ6AeOk=",
      "last_login": "2016-02-16T02:00:17.162Z",
      "email": "",
      "is_staff": false,
      "direccion": "",
      "s_apellido": "RAMIREZ",
      "p_apellido": "PANIAGUA"
   },
   "pk": 3
},
{
   "model": "users.user",
   "fields": {
      "is_superuser": false,
      "groups": [
         1
      ],
      "username": "kso",
      "avatar": "users/8160_130810680631910_8112818108674253844_n.jpg",
      "empresa": 2,
      "user_permissions": [
         56,
         57,
         55
      ],
      "telefono": null,
      "nombre": "KARLA",
      "is_active": true,
      "password": "pbkdf2_sha256$20000$q3xrM0ibEIYA$yE0UKzI9sU3GVtc1PfugE/PewKnOIa3DcgHQdvH5d9E=",
      "last_login": "2016-02-16T16:12:04.214Z",
      "email": "",
      "is_staff": false,
      "direccion": "",
      "s_apellido": "ORELLANA",
      "p_apellido": "SOLIZ"
   },
   "pk": 4
},
{
   "model": "users.user",
   "fields": {
      "is_superuser": false,
      "groups": [
         1
      ],
      "username": "prueba",
      "avatar": "users/12_ecKyHsW.jpg",
      "empresa": 1,
      "user_permissions": [
         56,
         57,
         55
      ],
      "telefono": null,
      "nombre": "prueba",
      "is_active": true,
      "password": "pbkdf2_sha256$20000$U5yTC9lgv87L$h7FIWzIWR+XxERTCVP9h1mbG8UgSnDnoeoMjDmOuIr8=",
      "last_login": "2016-02-16T22:15:11.232Z",
      "email": "",
      "is_staff": false,
      "direccion": "",
      "s_apellido": "",
      "p_apellido": "asdads"
   },
   "pk": 5
},
{
   "model": "users.user",
   "fields": {
      "is_superuser": false,
      "groups": [
         1
      ],
      "username": "jbalderrama",
      "avatar": "",
      "empresa": 6,
      "user_permissions": [
         56,
         57,
         55
      ],
      "telefono": null,
      "nombre": "JHONTAN",
      "is_active": true,
      "password": "pbkdf2_sha256$20000$1UawQGuKaKev$PC7zFubLN9bW7l/NMRhIbhtcfLn0LH33t/k5SdWoZ5w=",
      "last_login": "2016-03-03T21:47:58.380Z",
      "email": "",
      "is_staff": false,
      "direccion": "",
      "s_apellido": "",
      "p_apellido": "BALDERRAMA"
   },
   "pk": 11
},
{
   "model": "inicio.rol",
   "fields": {
      "eliminar": false,
      "crear": true,
      "modelos": "almacenes",
      "user": 3,
      "editar": true,
      "operar": true
   },
   "pk": 9
},
{
   "model": "inicio.rol",
   "fields": {
      "eliminar": false,
      "crear": true,
      "modelos": "clientes",
      "user": 3,
      "editar": true,
      "operar": true
   },
   "pk": 10
},
{
   "model": "inicio.rol",
   "fields": {
      "eliminar": false,
      "crear": true,
      "modelos": "proveedores",
      "user": 3,
      "editar": true,
      "operar": true
   },
   "pk": 11
},
{
   "model": "inicio.rol",
   "fields": {
      "eliminar": false,
      "crear": false,
      "modelos": "reportes",
      "user": 3,
      "editar": false,
      "operar": true
   },
   "pk": 12
},
{
   "model": "inicio.rol",
   "fields": {
      "eliminar": false,
      "crear": false,
      "modelos": "compras",
      "user": 3,
      "editar": false,
      "operar": true
   },
   "pk": 13
},
{
   "model": "inicio.rol",
   "fields": {
      "eliminar": false,
      "crear": true,
      "modelos": "usuarios",
      "user": 3,
      "editar": true,
      "operar": true
   },
   "pk": 14
},
{
   "model": "inicio.rol",
   "fields": {
      "eliminar": false,
      "crear": false,
      "modelos": "bancarizacion",
      "user": 3,
      "editar": false,
      "operar": false
   },
   "pk": 15
},
{
   "model": "inicio.rol",
   "fields": {
      "eliminar": false,
      "crear": true,
      "modelos": "configuracion",
      "user": 3,
      "editar": true,
      "operar": true
   },
   "pk": 16
},
{
   "model": "inicio.rol",
   "fields": {
      "eliminar": true,
      "crear": true,
      "modelos": "almacenes",
      "user": 4,
      "editar": true,
      "operar": true
   },
   "pk": 17
},
{
   "model": "inicio.rol",
   "fields": {
      "eliminar": true,
      "crear": true,
      "modelos": "clientes",
      "user": 4,
      "editar": true,
      "operar": true
   },
   "pk": 18
},
{
   "model": "inicio.rol",
   "fields": {
      "eliminar": true,
      "crear": true,
      "modelos": "proveedores",
      "user": 4,
      "editar": true,
      "operar": true
   },
   "pk": 19
},
{
   "model": "inicio.rol",
   "fields": {
      "eliminar": true,
      "crear": true,
      "modelos": "reportes",
      "user": 4,
      "editar": true,
      "operar": true
   },
   "pk": 20
},
{
   "model": "inicio.rol",
   "fields": {
      "eliminar": true,
      "crear": true,
      "modelos": "compras",
      "user": 4,
      "editar": true,
      "operar": true
   },
   "pk": 21
},
{
   "model": "inicio.rol",
   "fields": {
      "eliminar": true,
      "crear": true,
      "modelos": "usuarios",
      "user": 4,
      "editar": true,
      "operar": true
   },
   "pk": 22
},
{
   "model": "inicio.rol",
   "fields": {
      "eliminar": true,
      "crear": true,
      "modelos": "bancarizacion",
      "user": 4,
      "editar": true,
      "operar": true
   },
   "pk": 23
},
{
   "model": "inicio.rol",
   "fields": {
      "eliminar": true,
      "crear": true,
      "modelos": "configuracion",
      "user": 4,
      "editar": true,
      "operar": true
   },
   "pk": 24
},
{
   "model": "inicio.rol",
   "fields": {
      "eliminar": true,
      "crear": true,
      "modelos": "almacenes",
      "user": 5,
      "editar": true,
      "operar": true
   },
   "pk": 25
},
{
   "model": "inicio.rol",
   "fields": {
      "eliminar": true,
      "crear": true,
      "modelos": "clientes",
      "user": 5,
      "editar": true,
      "operar": true
   },
   "pk": 26
},
{
   "model": "inicio.rol",
   "fields": {
      "eliminar": true,
      "crear": true,
      "modelos": "proveedores",
      "user": 5,
      "editar": true,
      "operar": true
   },
   "pk": 27
},
{
   "model": "inicio.rol",
   "fields": {
      "eliminar": true,
      "crear": true,
      "modelos": "reportes",
      "user": 5,
      "editar": true,
      "operar": true
   },
   "pk": 28
},
{
   "model": "inicio.rol",
   "fields": {
      "eliminar": true,
      "crear": true,
      "modelos": "compras",
      "user": 5,
      "editar": true,
      "operar": true
   },
   "pk": 29
},
{
   "model": "inicio.rol",
   "fields": {
      "eliminar": true,
      "crear": true,
      "modelos": "usuarios",
      "user": 5,
      "editar": true,
      "operar": true
   },
   "pk": 30
},
{
   "model": "inicio.rol",
   "fields": {
      "eliminar": true,
      "crear": true,
      "modelos": "bancarizacion",
      "user": 5,
      "editar": true,
      "operar": true
   },
   "pk": 31
},
{
   "model": "inicio.rol",
   "fields": {
      "eliminar": true,
      "crear": true,
      "modelos": "configuracion",
      "user": 5,
      "editar": true,
      "operar": true
   },
   "pk": 32
},
{
   "model": "inicio.rol",
   "fields": {
      "eliminar": true,
      "crear": true,
      "modelos": "facturacion",
      "user": 5,
      "editar": true,
      "operar": true
   },
   "pk": 33
},
{
   "model": "inicio.rol",
   "fields": {
      "eliminar": true,
      "crear": true,
      "modelos": "almacenes",
      "user": 11,
      "editar": true,
      "operar": true
   },
   "pk": 79
},
{
   "model": "inicio.rol",
   "fields": {
      "eliminar": true,
      "crear": true,
      "modelos": "clientes",
      "user": 11,
      "editar": true,
      "operar": true
   },
   "pk": 80
},
{
   "model": "inicio.rol",
   "fields": {
      "eliminar": true,
      "crear": true,
      "modelos": "proveedores",
      "user": 11,
      "editar": true,
      "operar": true
   },
   "pk": 81
},
{
   "model": "inicio.rol",
   "fields": {
      "eliminar": true,
      "crear": true,
      "modelos": "reportes",
      "user": 11,
      "editar": true,
      "operar": true
   },
   "pk": 82
},
{
   "model": "inicio.rol",
   "fields": {
      "eliminar": true,
      "crear": true,
      "modelos": "compras",
      "user": 11,
      "editar": true,
      "operar": true
   },
   "pk": 83
},
{
   "model": "inicio.rol",
   "fields": {
      "eliminar": true,
      "crear": true,
      "modelos": "usuarios",
      "user": 11,
      "editar": true,
      "operar": true
   },
   "pk": 84
},
{
   "model": "inicio.rol",
   "fields": {
      "eliminar": true,
      "crear": true,
      "modelos": "bancarizacion",
      "user": 11,
      "editar": true,
      "operar": true
   },
   "pk": 85
},
{
   "model": "inicio.rol",
   "fields": {
      "eliminar": true,
      "crear": true,
      "modelos": "configuracion",
      "user": 11,
      "editar": true,
      "operar": true
   },
   "pk": 86
},
{
   "model": "inicio.rol",
   "fields": {
      "eliminar": true,
      "crear": true,
      "modelos": "facturacion",
      "user": 11,
      "editar": true,
      "operar": true
   },
   "pk": 87
},
{
   "model": "admin.logentry",
   "fields": {
      "content_type": 19,
      "object_id": "1",
      "user": 1,
      "action_flag": 2,
      "action_time": "2016-03-03T21:28:45.767Z",
      "object_repr": "Empresa SRL",
      "change_message": "Modificado/a frases_subtitulo y frases_pie."
   },
   "pk": 1
}
]
